composition,specific_strength,sigma_MPa,density,log10_mass_gain,log_mass_gain_sd,log_sigma_sd,p_bcc,ox_distance_at_pct
Al20.6 Cr21.0 Mo31.8 Ti26.6,68.6725,436.8537,6.3614,0.0928,0.7531,0.166,0.5017,5.7363
Al20.6 Cr21.0 Mo31.8 Ti26.6,68.6725,436.8537,6.3614,0.0928,0.7531,0.166,0.5017,5.7363
Al20.6 Cr21.0 Mo31.8 Ti26.6,68.6774,436.8872,6.3614,0.0928,0.7531,0.166,0.5015,5.7324
Al20.6 Cr21.0 Mo31.8 Ti26.7,68.6912,436.6449,6.3566,0.0942,0.7531,0.165,0.5016,5.6734
Al20.6 Cr21.0 Mo31.8 Ti26.7,68.6921,436.6404,6.3565,0.0943,0.7531,0.165,0.5015,5.6726
Al20.4 Cr21.0 Mo31.8 Ti26.8,68.7074,436.9549,6.3596,0.0962,0.7531,0.1658,0.5088,5.7052
Al20.4 Cr20.9 Mo31.7 Ti27.0,68.7402,436.969,6.3568,0.099,0.7531,0.1653,0.5135,5.7257
Al20.3 Cr21.0 Mo31.8 Ti27.0,68.7724,437.4041,6.3602,0.0995,0.7531,0.1657,0.516,5.7076
Al20.3 Cr21.0 Mo31.7 Ti27.0,68.7739,437.3967,6.3599,0.0995,0.7531,0.1657,0.5158,5.7063
Al19.6 Cr22.0 Mo31.7 Ti26.7,69.8366,446.7089,6.3965,0.1007,0.7531,0.165,0.5012,5.0434
Al19.6 Cr22.0 Mo31.6 Ti26.7,69.8404,446.7388,6.3966,0.101,0.7531,0.165,0.5018,5.0569
Al19.5 Cr22.0 Mo31.6 Ti26.9,69.8666,446.6925,6.3935,0.1029,0.7531,0.1644,0.5042,5.1117
Al19.4 Cr22.1 Mo31.5 Ti27.0,70.0329,447.9595,6.3964,0.106,0.7531,0.1642,0.5084,5.2007
Al18.4 Cr23.2 Mo31.5 Ti26.8,71.2669,459.0378,6.4411,0.1093,0.7531,0.1657,0.5015,4.9758
Al18.4 Cr23.2 Mo31.5 Ti26.8,71.2669,459.0378,6.4411,0.1093,0.7531,0.1657,0.5015,4.9758
Al18.4 Cr23.2 Mo31.5 Ti26.8,71.2814,459.2124,6.4422,0.1095,0.7531,0.1659,0.5025,4.9955
Al18.5 Cr23.2 Mo31.4 Ti26.9,71.2821,458.8904,6.4377,0.11,0.7531,0.1649,0.5003,4.9519
Al18.5 Cr23.2 Mo31.4 Ti26.9,71.2821,458.8904,6.4377,0.11,0.7531,0.1649,0.5003,4.9519
Al17.7 Cr24.0 Mo31.3 Ti27.0,72.2115,466.6671,6.4625,0.1166,0.7531,0.1655,0.5018,4.9344
Al17.7 Cr24.0 Mo31.3 Ti27.0,72.2115,466.6671,6.4625,0.1166,0.7531,0.1655,0.5018,4.9344
Al17.7 Cr24.0 Mo31.3 Ti27.0,72.2165,466.6246,6.4615,0.1167,0.7531,0.1653,0.5012,4.9229
Al17.7 Cr24.0 Mo31.3 Ti27.0,72.2165,466.6246,6.4615,0.1167,0.7531,0.1653,0.5012,4.9229
Al17.7 Cr24.0 Mo31.3 Ti27.0,72.2165,466.6246,6.4615,0.1167,0.7531,0.1653,0.5012,4.9229
Al17.7 Cr24.0 Mo31.3 Ti27.0,72.2165,466.6246,6.4615,0.1167,0.7531,0.1653,0.5012,4.9229
Al17.7 Cr24.0 Mo31.3 Ti27.0,72.2285,466.7684,6.4624,0.1169,0.7531,0.1655,0.5019,4.9361
Al17.7 Cr24.0 Mo31.3 Ti27.0,72.2453,466.97,6.4637,0.117,0.7531,0.1657,0.5028,4.9547
Al17.7 Cr24.0 Mo31.3 Ti27.0,72.2453,466.97,6.4637,0.117,0.7531,0.1657,0.5028,4.9547
Al17.7 Cr24.0 Mo31.3 Ti27.0,72.2453,466.97,6.4637,0.117,0.7531,0.1657,0.5028,4.9547
Al17.7 Cr24.0 Mo31.3 Ti27.0,72.2453,466.97,6.4637,0.117,0.7531,0.1657,0.5028,4.9547
Al17.7 Cr24.0 Mo31.3 Ti27.0,72.2453,466.97,6.4637,0.117,0.7531,0.1657,0.5028,4.9547
Al17.5 Cr24.1 Mo31.2 Ti27.2,72.4042,468.1521,6.4658,0.12,0.7531,0.1657,0.5068,5.0353
Al17.0 Cr24.7 Mo31.0 Ti27.3,73.1643,474.1285,6.4803,0.1255,0.7531,0.1656,0.5043,4.9417
Al16.9 Cr24.8 Mo31.0 Ti27.3,73.223,474.684,6.4827,0.1258,0.7531,0.1658,0.5049,4.9493
Al16.9 Cr24.8 Mo30.8 Ti27.5,73.2272,473.7766,6.47,0.1293,0.753,0.1635,0.5039,4.8791
Al16.7 Cr24.7 Mo30.8 Ti27.9,73.2604,473.9777,6.4698,0.1351,0.7531,0.1643,0.5195,4.6095
Al16.6 Cr24.7 Mo30.8 Ti27.9,73.2916,474.2675,6.471,0.1362,0.7531,0.1646,0.5226,4.5449
Al16.2 Cr25.2 Mo30.6 Ti28.0,73.9314,479.5552,6.4865,0.1402,0.7531,0.1655,0.5216,3.9589
Al16.3 Cr25.4 Mo30.2 Ti28.2,73.9717,477.8414,6.4598,0.1447,0.7529,0.1601,0.507,3.5831
Al16.3 Cr25.4 Mo30.1 Ti28.2,73.9741,477.6921,6.4576,0.1449,0.7529,0.1597,0.5055,3.5533
Al16.3 Cr25.5 Mo30.0 Ti28.2,74.0114,477.5684,6.4526,0.1458,0.7529,0.1585,0.5011,3.4501
Al16.3 Cr25.5 Mo30.0 Ti28.2,74.0114,477.5684,6.4526,0.1458,0.7529,0.1585,0.5011,3.4501
Al16.1 Cr25.5 Mo30.2 Ti28.3,74.129,479.3522,6.4665,0.1467,0.7529,0.1613,0.5127,3.4131
Al15.9 Cr25.8 Mo30.1 Ti28.2,74.4591,482.0862,6.4745,0.1474,0.7529,0.1618,0.5079,3.165
Al15.8 Cr26.0 Mo30.0 Ti28.2,74.7209,484.0962,6.4787,0.1484,0.7529,0.1619,0.5034,2.93
Al15.8 Cr26.0 Mo30.0 Ti28.2,74.7231,484.1196,6.4788,0.1485,0.7529,0.1619,0.5035,2.9283
Al15.8 Cr26.0 Mo30.0 Ti28.2,74.7231,484.1196,6.4788,0.1485,0.7529,0.1619,0.5035,2.9283
Al15.1 Cr26.8 Mo29.9 Ti28.2,75.626,492.0062,6.5058,0.1532,0.7529,0.1655,0.5046,2.1729
Al15.1 Cr26.8 Mo29.9 Ti28.2,75.6645,492.4309,6.5081,0.1535,0.753,0.1659,0.5063,2.1455
Al15.1 Cr26.8 Mo29.9 Ti28.2,75.6645,492.4309,6.5081,0.1535,0.753,0.1659,0.5063,2.1455
Al14.6 Cr27.2 Mo29.4 Ti28.8,76.0901,494.2085,6.495,0.1659,0.7529,0.1644,0.5083,1.3867
Al14.5 Cr27.1 Mo29.5 Ti28.9,76.1051,494.5805,6.4986,0.1667,0.7529,0.1652,0.5143,1.4434
Al14.4 Cr27.2 Mo29.5 Ti28.9,76.2511,495.9009,6.5035,0.1672,0.7529,0.166,0.5145,1.3307
Al14.4 Cr27.2 Mo29.5 Ti28.9,76.2511,495.9009,6.5035,0.1672,0.7529,0.166,0.5145,1.3307
Al16.4 Cr24.1 Mo31.0 Nb5.4 Ti23.0,77.2876,520.065,6.729,0.1987,0.7529,0.1648,0.5005,9.7554
Al16.4 Cr24.1 Mo31.0 Nb5.4 Ti23.0,77.2876,520.065,6.729,0.1987,0.7529,0.1648,0.5005,9.7554
Al16.4 Cr24.1 Mo31.0 Nb5.4 Ti23.0,77.2876,520.065,6.729,0.1987,0.7529,0.1648,0.5005,9.7554
Al16.4 Cr24.1 Mo31.0 Nb5.4 Ti23.0,77.3249,520.3962,6.73,0.1997,0.7529,0.1646,0.5009,9.7862
Al16.4 Cr24.1 Mo30.9 Nb5.7 Ti23.0,77.5949,522.4678,6.7333,0.2067,0.7528,0.1627,0.501,9.9226
Al16.3 Cr24.1 Mo30.9 Nb5.8 Ti22.9,77.6009,522.768,6.7366,0.2071,0.7528,0.1632,0.5028,9.9917
Al16.2 Cr24.1 Mo31.1 Nb6.2 Ti22.3,78.0214,528.3966,6.7725,0.2088,0.7529,0.1658,0.5002,10.6132
Al14.8 Cr25.8 Mo30.4 Nb5.4 Ti23.7,79.6193,538.3754,6.7619,0.2179,0.7528,0.1645,0.5032,7.7117
Al14.8 Cr25.8 Mo30.3 Nb5.4 Ti23.8,79.6271,538.0297,6.7569,0.2193,0.7528,0.1636,0.503,7.6291
Al14.8 Cr25.8 Mo30.2 Nb5.4 Ti23.8,79.6397,537.9823,6.7552,0.2197,0.7528,0.1633,0.502,7.6055
Al14.8 Cr25.7 Mo30.2 Nb5.4 Ti23.8,79.64,538.042,6.7559,0.2206,0.7528,0.1633,0.5043,7.6093
Al14.8 Cr25.7 Mo30.3 Nb5.4 Ti23.8,79.6589,538.3566,6.7583,0.2208,0.7528,0.1637,0.5059,7.6119
Al14.8 Cr25.7 Mo30.4 Nb5.5 Ti23.7,79.6626,538.897,6.7647,0.2213,0.7528,0.1644,0.5089,7.7526
Al14.8 Cr25.8 Mo30.2 Nb5.4 Ti23.8,79.6717,537.9016,6.7515,0.2215,0.7527,0.1624,0.5017,7.546
Al14.8 Cr25.8 Mo30.1 Nb5.4 Ti23.8,79.6788,537.8688,6.7505,0.2217,0.7527,0.1622,0.5011,7.5318
Al14.8 Cr25.8 Mo30.1 Nb5.4 Ti23.8,79.6807,537.86,6.7502,0.2218,0.7527,0.1621,0.501,7.528
Al14.8 Cr25.8 Mo30.1 Nb5.4 Ti23.8,79.6901,537.8134,6.7488,0.2221,0.7527,0.1618,0.5001,7.5083
Al14.5 Cr25.9 Mo30.3 Nb5.4 Ti23.9,79.9734,541.3711,6.7694,0.2244,0.7528,0.1651,0.5137,7.3294
Al14.4 Cr25.9 Mo30.3 Nb5.5 Ti23.9,80.0524,542.3533,6.775,0.2262,0.7528,0.1657,0.5183,7.3263
Al14.4 Cr25.9 Mo30.3 Nb5.5 Ti23.9,80.0551,542.3828,6.7751,0.2262,0.7528,0.1657,0.5183,7.3253
Al14.3 Cr26.1 Mo30.2 Nb5.6 Ti23.8,80.381,544.8875,6.7788,0.2279,0.7528,0.1649,0.5098,7.2407
Al14.3 Cr26.1 Mo30.2 Nb5.6 Ti23.8,80.3974,545.0624,6.7796,0.228,0.7528,0.165,0.5102,7.2291
Al14.2 Cr26.5 Mo30.0 Nb5.6 Ti23.8,80.8645,548.5856,6.784,0.2298,0.7527,0.1647,0.501,7.0262
Al13.9 Cr26.4 Mo29.7 Nb5.6 Ti24.3,80.9543,548.2023,6.7717,0.239,0.7527,0.1628,0.5127,6.799
Al13.9 Cr26.4 Mo29.7 Nb5.6 Ti24.3,80.985,548.5019,6.7729,0.2398,0.7527,0.163,0.5152,6.8012
Al14.0 Cr26.5 Mo29.5 Nb5.7 Ti24.3,81.0054,547.6494,6.7607,0.2413,0.7526,0.1606,0.506,6.5937
Al14.0 Cr26.4 Mo29.6 Nb5.7 Ti24.3,81.0312,548.5758,6.7699,0.2414,0.7527,0.1618,0.5111,6.7862
Al13.6 Cr26.4 Mo29.8 Nb5.7 Ti24.5,81.2009,550.9167,6.7846,0.2441,0.7527,0.1646,0.5277,6.9209
Al13.6 Cr26.4 Mo29.8 Nb5.7 Ti24.5,81.2009,550.9167,6.7846,0.2441,0.7527,0.1646,0.5277,6.9209
Al13.2 Cr27.5 Mo29.4 Nb5.7 Ti24.2,82.2631,559.2679,6.7985,0.2451,0.7527,0.1657,0.5036,6.536
Al13.2 Cr27.5 Mo29.4 Nb5.7 Ti24.2,82.2631,559.2663,6.7985,0.2451,0.7527,0.1657,0.5035,6.5356
Al13.2 Cr27.4 Mo29.4 Nb5.9 Ti24.2,82.4168,560.6814,6.803,0.2495,0.7526,0.1649,0.505,6.6755
Al13.2 Cr27.4 Mo29.3 Nb5.9 Ti24.2,82.4269,560.5102,6.8001,0.2501,0.7526,0.1644,0.5033,6.6212
Al13.0 Cr27.6 Mo29.3 Nb5.9 Ti24.2,82.6662,562.8068,6.8082,0.2509,0.7526,0.1656,0.504,6.6253
Al13.0 Cr27.3 Mo29.5 Nb6.1 Ti24.2,82.6673,563.7225,6.8192,0.2564,0.7527,0.1658,0.5192,7.0085
Al13.8 Cr26.5 Mo30.0 Nb7.6 Ti22.2,82.9404,571.1243,6.886,0.2573,0.7527,0.1657,0.5022,9.0473
Al13.8 Cr26.5 Mo30.0 Nb7.6 Ti22.1,83.0132,571.8825,6.8891,0.2577,0.7527,0.1657,0.5006,9.1024
Al13.8 Cr26.5 Mo30.0 Nb7.6 Ti22.1,83.0185,571.9455,6.8894,0.2577,0.7527,0.1657,0.5008,9.105
Al13.8 Cr26.5 Mo30.0 Nb7.6 Ti22.1,83.0185,571.9455,6.8894,0.2577,0.7527,0.1657,0.5008,9.105
Al13.8 Cr26.5 Mo30.0 Nb7.6 Ti22.1,83.0185,571.9455,6.8894,0.2577,0.7527,0.1657,0.5008,9.1049
Al13.8 Cr26.5 Mo30.0 Nb7.6 Ti22.1,83.0185,571.9455,6.8894,0.2577,0.7527,0.1657,0.5008,9.1049
Al13.8 Cr26.5 Mo30.0 Nb7.7 Ti22.1,83.0222,571.9821,6.8895,0.2582,0.7527,0.1655,0.5005,9.1323
Al13.8 Cr26.5 Mo30.0 Nb7.7 Ti22.1,83.0342,572.1014,6.8899,0.2583,0.7527,0.1656,0.5008,9.1341
Al13.8 Cr26.5 Mo30.0 Nb7.7 Ti22.1,83.0356,572.0995,6.8898,0.2583,0.7527,0.1655,0.5007,9.1315
Al13.8 Cr26.5 Mo30.0 Nb7.7 Ti22.1,83.0388,572.0952,6.8895,0.2584,0.7527,0.1655,0.5005,9.1257
Al13.8 Cr26.5 Mo30.0 Nb7.7 Ti22.1,83.0392,572.0947,6.8895,0.2584,0.7527,0.1655,0.5005,9.125
Al13.8 Cr26.4 Mo29.9 Nb7.8 Ti22.2,83.0527,571.8046,6.8848,0.262,0.7527,0.1641,0.5026,9.1207
Al13.8 Cr26.4 Mo29.9 Nb7.8 Ti22.2,83.0885,572.119,6.8857,0.2621,0.7527,0.1642,0.5022,9.1143
Al13.8 Cr26.4 Mo29.9 Nb7.8 Ti22.2,83.0953,572.1801,6.8858,0.2623,0.7527,0.1642,0.5023,9.1198
Al13.7 Cr26.4 Mo29.9 Nb7.8 Ti22.2,83.1024,572.2274,6.8858,0.2628,0.7527,0.1643,0.504,9.1085
Al13.7 Cr26.4 Mo29.9 Nb7.8 Ti22.2,83.1027,572.2269,6.8858,0.2628,0.7527,0.1643,0.504,9.108
Al13.7 Cr26.4 Mo29.9 Nb7.8 Ti22.2,83.1027,572.2269,6.8858,0.2628,0.7527,0.1643,0.504,9.108
Al13.7 Cr26.4 Mo29.9 Nb7.8 Ti22.2,83.1241,572.4,6.8861,0.263,0.7527,0.164,0.5023,9.133
Al13.7 Cr26.4 Mo29.8 Nb8.0 Ti22.1,83.2493,573.4718,6.8886,0.2663,0.7526,0.1633,0.503,9.2197
Al13.0 Cr27.2 Mo29.5 Nb7.1 Ti23.3,83.5331,573.2369,6.8624,0.2668,0.7526,0.1651,0.5125,7.9695
Al12.9 Cr27.3 Mo29.4 Nb7.1 Ti23.2,83.7746,575.2015,6.8661,0.2679,0.7526,0.165,0.507,7.9448
Al13.5 Cr26.5 Mo30.0 Nb8.4 Ti21.6,83.9332,581.3153,6.9259,0.2713,0.7527,0.1654,0.5025,9.8331
Al13.5 Cr26.5 Mo30.0 Nb8.5 Ti21.6,83.9782,581.8623,6.9287,0.2717,0.7527,0.1658,0.5044,9.8572
Al13.5 Cr26.4 Mo29.9 Nb8.5 Ti21.6,84.0092,581.9998,6.9278,0.2732,0.7527,0.165,0.5032,9.8938
Al13.4 Cr26.5 Mo30.0 Nb8.5 Ti21.7,84.0311,582.4436,6.9313,0.2735,0.7527,0.1659,0.5085,9.8981
Al13.4 Cr26.5 Mo30.0 Nb8.5 Ti21.7,84.032,582.4061,6.9308,0.2739,0.7527,0.1658,0.509,9.8935
Al13.4 Cr26.5 Mo29.9 Nb8.5 Ti21.7,84.0607,582.5172,6.9297,0.274,0.7527,0.1655,0.5069,9.8704
Al13.4 Cr26.5 Mo29.9 Nb8.5 Ti21.7,84.0607,582.5172,6.9297,0.274,0.7527,0.1655,0.5069,9.8704
Al13.4 Cr26.5 Mo29.9 Nb8.5 Ti21.6,84.0738,582.6347,6.93,0.2743,0.7527,0.1655,0.507,9.8806
Al13.4 Cr26.5 Mo29.9 Nb8.6 Ti21.6,84.1281,583.1476,6.9317,0.2756,0.7527,0.1653,0.5074,9.9277
Al13.4 Cr26.4 Mo29.8 Nb8.7 Ti21.6,84.2906,584.4439,6.9337,0.2789,0.7526,0.1643,0.5059,10.0084
Al13.4 Cr26.4 Mo29.8 Nb8.7 Ti21.6,84.2927,584.4419,6.9335,0.279,0.7526,0.1643,0.5058,10.0047
Al13.3 Cr26.5 Mo29.9 Nb8.8 Ti21.6,84.3791,585.4794,6.9387,0.2798,0.7527,0.165,0.5093,10.0487
Al13.1 Cr27.0 Mo29.5 Nb8.4 Ti22.0,84.6397,585.7587,6.9206,0.2802,0.7526,0.1637,0.5003,9.3843
Al13.1 Cr26.9 Mo29.6 Nb8.4 Ti22.0,84.6549,586.2066,6.9247,0.2806,0.7526,0.1645,0.5049,9.437
Al13.1 Cr27.0 Mo29.5 Nb8.4 Ti22.0,84.687,586.2561,6.9226,0.2813,0.7526,0.164,0.5036,9.3933
Al12.9 Cr26.9 Mo29.7 Nb8.6 Ti21.8,84.8466,589.0869,6.943,0.2834,0.7526,0.1658,0.5122,9.8002
Al13.1 Cr26.6 Mo29.8 Nb9.0 Ti21.5,84.8752,590.0812,6.9523,0.2848,0.7526,0.1651,0.5082,10.1851
Al13.1 Cr26.7 Mo29.8 Nb9.0 Ti21.5,84.8915,590.2209,6.9526,0.285,0.7526,0.1652,0.5085,10.1836
Al13.1 Cr26.9 Mo29.5 Nb8.7 Ti21.8,84.9137,588.4824,6.9304,0.2852,0.7526,0.1631,0.5006,9.6259
Al13.1 Cr26.9 Mo29.5 Nb8.7 Ti21.8,84.9137,588.4824,6.9304,0.2852,0.7526,0.1631,0.5006,9.6259
Al13.1 Cr26.6 Mo29.7 Nb9.0 Ti21.5,84.944,590.4354,6.9509,0.2869,0.7526,0.1646,0.5089,10.163
Al12.9 Cr26.8 Mo29.6 Nb8.9 Ti21.8,85.1135,591.5463,6.9501,0.2894,0.7526,0.1649,0.5141,9.9947
Al13.5 Cr26.1 Mo30.1 Nb10.0 Ti20.4,85.1285,595.3721,6.9938,0.2905,0.7527,0.1655,0.5055,11.4497
Al12.9 Cr26.7 Mo29.6 Nb9.0 Ti21.8,85.1869,592.0848,6.9504,0.2922,0.7526,0.1642,0.515,10.0509
Al13.0 Cr26.9 Mo29.3 Nb9.0 Ti21.8,85.2605,591.2816,6.935,0.2929,0.7525,0.1619,0.5034,9.7126
Al13.0 Cr26.8 Mo29.3 Nb9.2 Ti21.7,85.2729,591.7368,6.9393,0.2945,0.7525,0.1614,0.5039,9.9146
Al12.9 Cr26.7 Mo29.5 Nb9.2 Ti21.7,85.3003,592.8145,6.9497,0.2946,0.7526,0.1632,0.5126,10.0676
Al13.5 Cr26.1 Mo30.0 Nb10.5 Ti19.9,85.6416,600.7875,7.0151,0.297,0.7526,0.165,0.5008,11.9437
Al13.5 Cr26.1 Mo30.0 Nb10.5 Ti19.9,85.657,600.9209,7.0154,0.2973,0.7526,0.165,0.501,11.954
Al13.5 Cr26.1 Mo30.0 Nb10.5 Ti19.9,85.657,600.9209,7.0154,0.2973,0.7526,0.165,0.501,11.954
Al13.5 Cr26.1 Mo30.0 Nb10.5 Ti19.9,85.6611,601.1252,7.0175,0.2976,0.7526,0.1652,0.5022,11.9998
Al13.0 Cr26.6 Mo29.4 Nb9.7 Ti21.3,85.6663,596.7367,6.9658,0.3011,0.7525,0.1618,0.5081,10.5631
Al13.6 Cr25.8 Mo30.2 Nb11.1 Ti19.3,85.9374,605.3394,7.044,0.3024,0.7526,0.1657,0.5002,12.7345
Al13.6 Cr25.8 Mo30.2 Nb11.1 Ti19.3,85.9374,605.3394,7.044,0.3024,0.7526,0.1657,0.5002,12.7345
Al13.6 Cr25.8 Mo30.2 Nb11.1 Ti19.3,85.9424,605.3494,7.0437,0.3024,0.7526,0.1656,0.5,12.7292
Al13.6 Cr25.8 Mo30.2 Nb11.1 Ti19.3,85.9424,605.3494,7.0437,0.3024,0.7526,0.1656,0.5,12.7292
Al13.6 Cr25.8 Mo30.2 Nb11.1 Ti19.3,85.9424,605.3494,7.0437,0.3024,0.7526,0.1656,0.5,12.7292
Al13.6 Cr25.8 Mo30.2 Nb11.1 Ti19.3,85.9424,605.3494,7.0437,0.3024,0.7526,0.1656,0.5,12.7292
Al13.6 Cr25.8 Mo30.2 Nb11.2 Ti19.3,85.9534,605.4944,7.0445,0.3026,0.7526,0.1657,0.5006,12.7366
Al13.6 Cr25.8 Mo30.1 Nb11.2 Ti19.3,85.9594,605.5073,7.0441,0.303,0.7526,0.1655,0.5004,12.7462
Al13.2 Cr26.2 Mo30.0 Nb10.9 Ti19.7,86.318,607.7496,7.0408,0.3049,0.7526,0.166,0.5057,12.3022
Al13.2 Cr26.3 Mo30.0 Nb10.9 Ti19.7,86.3959,608.2404,7.0402,0.3049,0.7526,0.1658,0.5031,12.2524
Al13.2 Cr26.3 Mo30.0 Nb10.9 Ti19.7,86.4062,608.3697,7.0408,0.305,0.7526,0.1658,0.5035,12.2581
Al13.2 Cr26.4 Mo29.9 Nb10.9 Ti19.7,86.5337,609.315,7.0414,0.3051,0.7526,0.1657,0.5,12.2108
Al13.2 Cr26.4 Mo29.9 Nb10.9 Ti19.7,86.5337,609.315,7.0414,0.3051,0.7526,0.1657,0.5,12.2108
Al13.2 Cr26.3 Mo29.9 Nb11.0 Ti19.7,86.5692,609.5475,7.0412,0.308,0.7526,0.1648,0.5011,12.3079
Al13.2 Cr26.3 Mo29.9 Nb11.0 Ti19.7,86.5724,609.5515,7.0409,0.3081,0.7526,0.1647,0.5009,12.304
Al13.2 Cr26.3 Mo29.8 Nb11.0 Ti19.7,86.5814,609.5627,7.0403,0.3082,0.7526,0.1646,0.5005,12.293
Al13.2 Cr26.3 Mo29.8 Nb11.0 Ti19.7,86.5817,609.5651,7.0403,0.3082,0.7526,0.1646,0.5006,12.2932
Al13.2 Cr26.3 Mo29.9 Nb11.0 Ti19.7,86.6071,609.8813,7.0419,0.3085,0.7526,0.1648,0.5016,12.307
Al13.1 Cr26.3 Mo29.9 Nb11.0 Ti19.7,86.6299,610.2665,7.0445,0.3087,0.7526,0.1652,0.5033,12.3354
Al13.2 Cr26.3 Mo29.8 Nb11.1 Ti19.7,86.6391,610.175,7.0427,0.3092,0.7526,0.1647,0.502,12.3296
Al13.2 Cr26.3 Mo29.8 Nb11.1 Ti19.7,86.6393,610.1774,7.0427,0.3092,0.7526,0.1647,0.502,12.3298
Al13.2 Cr26.2 Mo29.8 Nb11.3 Ti19.5,86.7174,611.1639,7.0478,0.3119,0.7526,0.164,0.5008,12.5551
Al13.2 Cr26.2 Mo29.8 Nb11.3 Ti19.5,86.7233,611.2167,7.0479,0.312,0.7526,0.164,0.5009,12.5593
Al13.2 Cr26.2 Mo29.9 Nb11.3 Ti19.5,86.789,612.057,7.0522,0.3126,0.7526,0.1646,0.5038,12.5945
Al13.1 Cr26.2 Mo29.8 Nb11.2 Ti19.6,86.8413,612.0901,7.0484,0.3137,0.7526,0.1642,0.5048,12.4696
Al13.1 Cr26.2 Mo29.8 Nb11.2 Ti19.6,86.8461,612.1132,7.0482,0.3137,0.7526,0.1642,0.5046,12.4657
Al13.2 Cr26.1 Mo29.8 Nb11.5 Ti19.4,86.9106,612.9374,7.0525,0.317,0.7525,0.1632,0.5033,12.7248
Al13.1 Cr26.1 Mo29.8 Nb11.5 Ti19.5,86.982,613.7639,7.0562,0.3172,0.7526,0.1639,0.5065,12.7071
Al13.1 Cr26.1 Mo29.8 Nb11.5 Ti19.5,86.982,613.7639,7.0562,0.3172,0.7526,0.1639,0.5065,12.7071
Al12.6 Cr26.8 Mo29.5 Nb11.0 Ti20.0,87.4643,616.4003,7.0474,0.3174,0.7525,0.1644,0.5039,12.0
Al12.8 Cr26.5 Mo29.8 Nb11.5 Ti19.3,87.5879,619.7456,7.0757,0.318,0.7526,0.1657,0.5016,12.7636
Al12.8 Cr26.5 Mo29.8 Nb11.6 Ti19.3,87.5883,619.7462,7.0757,0.318,0.7526,0.1657,0.5016,12.7632
Al12.9 Cr26.4 Mo29.8 Nb11.7 Ti19.1,87.6424,620.5281,7.0802,0.3197,0.7526,0.1653,0.5005,12.9496
Al12.9 Cr26.5 Mo29.8 Nb11.7 Ti19.1,87.6705,620.8296,7.0814,0.3198,0.7526,0.1655,0.5009,12.9546
Al12.8 Cr26.5 Mo29.8 Nb11.7 Ti19.1,87.7806,621.8318,7.0839,0.3202,0.7526,0.1658,0.5006,12.9366
Al12.8 Cr26.5 Mo29.8 Nb11.7 Ti19.1,87.7806,621.8318,7.0839,0.3202,0.7526,0.1658,0.5006,12.9366
Al12.8 Cr26.5 Mo29.8 Nb11.7 Ti19.1,87.7806,621.8318,7.0839,0.3202,0.7526,0.1658,0.5006,12.9366
Al11.4 Cr28.5 Mo28.5 Nb9.7 Ti21.9,88.2385,617.198,6.9947,0.3226,0.7524,0.1659,0.5012,9.701
Al11.4 Cr28.5 Mo28.5 Nb9.7 Ti21.9,88.2605,617.3906,6.9951,0.323,0.7524,0.1658,0.5011,9.7205
Al12.2 Cr27.3 Mo29.3 Nb11.2 Ti20.0,88.3625,624.4185,7.0666,0.3242,0.7525,0.1655,0.5021,11.9876
Al12.1 Cr27.3 Mo29.4 Nb11.2 Ti20.0,88.4311,625.2512,7.0705,0.3248,0.7525,0.166,0.5047,12.0215
Al11.4 Cr28.4 Mo28.5 Nb9.9 Ti21.7,88.4547,619.5337,7.004,0.3264,0.7524,0.1655,0.5027,9.9386
Al11.4 Cr28.4 Mo28.5 Nb10.0 Ti21.7,88.4646,619.6251,7.0042,0.3266,0.7524,0.1655,0.5028,9.9508
Al12.2 Cr27.3 Mo29.3 Nb11.4 Ti19.8,88.6602,627.6173,7.0789,0.3273,0.7525,0.1657,0.5018,12.2136
Al12.1 Cr27.3 Mo29.4 Nb11.4 Ti19.8,88.6747,627.8341,7.0802,0.3275,0.7525,0.1659,0.5031,12.2262
Al12.1 Cr27.3 Mo29.3 Nb11.5 Ti19.7,88.739,628.4883,7.0824,0.3291,0.7525,0.1657,0.5037,12.2966
Al12.1 Cr27.3 Mo29.3 Nb11.5 Ti19.8,88.7451,628.4691,7.0817,0.3292,0.7525,0.1656,0.5037,12.2784
Al12.1 Cr27.3 Mo29.3 Nb11.5 Ti19.8,88.7454,628.4691,7.0817,0.3293,0.7525,0.1656,0.5037,12.2779
Al11.5 Cr28.2 Mo28.7 Nb10.8 Ti20.9,89.1339,628.2656,7.0486,0.3325,0.7524,0.1659,0.5027,10.9149
Al11.5 Cr28.2 Mo28.7 Nb10.8 Ti20.9,89.1339,628.2656,7.0486,0.3325,0.7524,0.1659,0.5027,10.9149
Al11.5 Cr28.2 Mo28.7 Nb10.8 Ti20.9,89.1339,628.2656,7.0486,0.3325,0.7524,0.1659,0.5027,10.9149
Al11.5 Cr28.2 Mo28.7 Nb10.8 Ti20.9,89.1519,628.4428,7.0491,0.3331,0.7524,0.1657,0.5032,10.9384
Al11.4 Cr28.2 Mo28.6 Nb11.0 Ti20.8,89.3943,630.5063,7.0531,0.3369,0.7524,0.1651,0.5012,11.0099
Al11.4 Cr28.2 Mo28.6 Nb11.0 Ti20.8,89.395,630.5015,7.053,0.3369,0.7524,0.1651,0.5011,11.0079
Al11.4 Cr28.2 Mo28.6 Nb11.0 Ti20.8,89.4469,631.0844,7.0554,0.3373,0.7524,0.1654,0.5024,11.0287
Al11.4 Cr28.2 Mo28.6 Nb11.0 Ti20.8,89.4609,631.2248,7.0559,0.3375,0.7524,0.1655,0.5027,11.0306
Al12.0 Cr27.3 Mo29.3 Nb12.1 Ti19.2,89.5582,637.0676,7.1134,0.3378,0.7525,0.1659,0.5007,12.8759
Al12.0 Cr27.3 Mo29.3 Nb12.2 Ti19.2,89.5676,637.152,7.1136,0.338,0.7525,0.1659,0.5008,12.8827
Al12.0 Cr27.3 Mo29.3 Nb12.2 Ti19.2,89.5696,637.1704,7.1137,0.338,0.7525,0.1658,0.5008,12.8842
Al12.0 Cr27.3 Mo29.2 Nb12.2 Ti19.3,89.5733,636.8542,7.1099,0.3394,0.7525,0.1653,0.5021,12.8163
Al12.0 Cr27.3 Mo29.2 Nb12.3 Ti19.2,89.7352,638.714,7.1178,0.3417,0.7525,0.1652,0.5019,13.0094
Al12.0 Cr27.3 Mo29.2 Nb12.3 Ti19.2,89.7352,638.714,7.1178,0.3417,0.7525,0.1652,0.5019,13.0094
Al12.0 Cr27.3 Mo29.2 Nb12.3 Ti19.2,89.7352,638.714,7.1178,0.3417,0.7525,0.1652,0.5019,13.0094
Al12.0 Cr27.3 Mo29.2 Nb12.3 Ti19.2,89.7372,638.7323,7.1178,0.3417,0.7525,0.1652,0.5019,13.0109
Al11.4 Cr28.0 Mo28.8 Nb11.7 Ti20.0,90.0258,638.5643,7.0931,0.3426,0.7524,0.1658,0.5012,11.9327
Al11.4 Cr28.0 Mo28.8 Nb11.7 Ti20.0,90.0259,638.5641,7.0931,0.3426,0.7524,0.1658,0.5012,11.9326
Al11.4 Cr28.0 Mo28.8 Nb11.7 Ti20.0,90.0259,638.5641,7.0931,0.3426,0.7524,0.1658,0.5012,11.9326
Al11.4 Cr28.0 Mo28.8 Nb11.7 Ti20.0,90.0267,638.5619,7.093,0.3427,0.7524,0.1658,0.5012,11.931
Al11.4 Cr28.0 Mo28.8 Nb11.7 Ti20.0,90.0267,638.5619,7.093,0.3427,0.7524,0.1658,0.5012,11.931
Al11.4 Cr28.0 Mo28.8 Nb11.7 Ti20.0,90.0267,638.5618,7.093,0.3427,0.7524,0.1658,0.5012,11.9308
Al11.2 Cr28.3 Mo28.6 Nb11.5 Ti20.5,90.0618,637.3544,7.0769,0.3455,0.7524,0.1652,0.5026,11.4559
Al11.4 Cr27.9 Mo28.9 Nb11.9 Ti20.0,90.1359,640.2624,7.1033,0.3461,0.7524,0.1659,0.5086,12.1998
Al11.4 Cr27.9 Mo28.9 Nb11.9 Ti20.0,90.1359,640.2624,7.1033,0.3461,0.7524,0.1659,0.5086,12.1998
Al11.4 Cr27.9 Mo28.9 Nb11.9 Ti20.0,90.1509,640.2356,7.1018,0.3465,0.7524,0.1657,0.5076,12.1721
Al11.4 Cr27.9 Mo28.9 Nb11.9 Ti20.0,90.1509,640.2356,7.1018,0.3465,0.7524,0.1657,0.5076,12.1721
Al11.7 Cr27.6 Mo29.1 Nb12.4 Ti19.3,90.2378,642.9079,7.1246,0.3466,0.7525,0.1657,0.5033,12.9066
Al11.7 Cr27.6 Mo29.1 Nb12.4 Ti19.3,90.2378,642.9079,7.1246,0.3466,0.7525,0.1657,0.5033,12.9066
Al11.7 Cr27.6 Mo29.1 Nb12.4 Ti19.3,90.2666,643.2138,7.1257,0.3468,0.7525,0.1658,0.5036,12.9103
Al11.1 Cr28.3 Mo28.5 Nb11.6 Ti20.5,90.3653,640.2754,7.0854,0.3498,0.7524,0.1656,0.5064,11.5889
Al11.3 Cr27.8 Mo28.8 Nb12.2 Ti19.9,90.4011,642.7617,7.1101,0.3524,0.7524,0.165,0.5118,12.4055
Al11.6 Cr27.6 Mo28.9 Nb12.7 Ti19.2,90.6577,646.5383,7.1316,0.3529,0.7524,0.1647,0.5016,13.0142
Al10.8 Cr28.7 Mo28.2 Nb11.5 Ti20.8,90.6947,641.8385,7.0769,0.354,0.7523,0.1657,0.5009,11.6635
Al10.8 Cr28.8 Mo28.2 Nb11.5 Ti20.8,90.7232,642.1919,7.0786,0.3541,0.7523,0.166,0.5017,11.6755
Al10.8 Cr28.8 Mo28.2 Nb11.5 Ti20.8,90.7232,642.1919,7.0786,0.3541,0.7523,0.166,0.5017,11.6755
Al10.8 Cr28.8 Mo28.2 Nb11.5 Ti20.8,90.7266,642.2236,7.0787,0.3542,0.7523,0.166,0.5017,11.6783
Al10.8 Cr28.8 Mo28.2 Nb11.5 Ti20.8,90.7266,642.2236,7.0787,0.3542,0.7523,0.166,0.5017,11.6783
Al10.8 Cr28.8 Mo28.2 Nb11.5 Ti20.8,90.7266,642.2236,7.0787,0.3542,0.7523,0.166,0.5017,11.6783
Al10.8 Cr28.8 Mo28.2 Nb11.5 Ti20.8,90.7266,642.2236,7.0787,0.3542,0.7523,0.166,0.5017,11.6783
Al10.8 Cr28.8 Mo28.2 Nb11.5 Ti20.8,90.7266,642.2236,7.0787,0.3542,0.7523,0.166,0.5017,11.6783
Al11.3 Cr27.8 Mo28.9 Nb12.5 Ti19.6,90.797,647.4232,7.1304,0.3559,0.7524,0.1656,0.5122,12.7868
Al11.2 Cr27.8 Mo28.9 Nb12.5 Ti19.6,90.8437,647.872,7.1317,0.3563,0.7524,0.1658,0.5125,12.7781
Al11.2 Cr27.8 Mo28.9 Nb12.5 Ti19.6,90.8598,648.1005,7.133,0.3565,0.7524,0.1659,0.5137,12.765
Al11.1 Cr28.3 Mo28.4 Nb12.1 Ti20.1,90.9196,645.9215,7.1043,0.3573,0.7523,0.1646,0.5027,12.1168
Al11.5 Cr27.7 Mo29.0 Nb13.1 Ti18.7,91.311,653.8189,7.1603,0.3582,0.7524,0.1659,0.5007,13.0046
Al11.5 Cr27.7 Mo29.0 Nb13.1 Ti18.7,91.311,653.8189,7.1603,0.3582,0.7524,0.1659,0.5007,13.0046
Al11.4 Cr27.7 Mo29.0 Nb13.2 Ti18.7,91.4228,655.0534,7.1651,0.361,0.7524,0.1657,0.5033,12.909
Al11.4 Cr27.7 Mo28.9 Nb13.2 Ti18.7,91.4451,655.0419,7.1632,0.3614,0.7524,0.1653,0.5019,12.8937
Al11.3 Cr27.8 Mo28.9 Nb13.1 Ti19.0,91.4634,654.8911,7.1601,0.3624,0.7524,0.1658,0.5078,12.7786
Al11.3 Cr27.8 Mo28.9 Nb13.1 Ti18.9,91.48,655.1573,7.1618,0.3624,0.7524,0.1658,0.5069,12.7969
Al11.2 Cr27.8 Mo28.9 Nb13.1 Ti19.0,91.4835,655.0772,7.1606,0.363,0.7524,0.1658,0.5089,12.7485
Al11.3 Cr27.7 Mo28.9 Nb13.2 Ti19.0,91.5052,655.2035,7.1603,0.364,0.7524,0.1653,0.5084,12.7115
Al11.3 Cr27.7 Mo28.9 Nb13.2 Ti19.0,91.5119,655.2365,7.1601,0.3641,0.7524,0.1653,0.5081,12.7122
Al11.2 Cr28.0 Mo28.7 Nb13.1 Ti19.0,91.7491,656.5035,7.1554,0.3643,0.7524,0.1653,0.5005,12.7361
Al11.2 Cr28.0 Mo28.7 Nb13.1 Ti19.0,91.7491,656.5035,7.1554,0.3643,0.7524,0.1653,0.5005,12.7361
Al11.2 Cr28.0 Mo28.7 Nb13.2 Ti18.9,91.8423,657.826,7.1626,0.3653,0.7524,0.1656,0.5019,12.7311
Al11.0 Cr28.2 Mo28.6 Nb13.0 Ti19.2,91.9304,657.8163,7.1556,0.3659,0.7524,0.166,0.5022,12.657
Al10.8 Cr28.4 Mo28.4 Nb12.9 Ti19.5,92.0479,657.9135,7.1475,0.3691,0.7523,0.1654,0.5026,12.4748
Al10.8 Cr28.4 Mo28.4 Nb12.9 Ti19.5,92.0479,657.9134,7.1475,0.3691,0.7523,0.1654,0.5026,12.4748
Al10.8 Cr28.4 Mo28.4 Nb12.9 Ti19.5,92.0479,657.9134,7.1475,0.3691,0.7523,0.1654,0.5026,12.4748
Al10.8 Cr28.4 Mo28.4 Nb12.9 Ti19.5,92.0481,657.9127,7.1475,0.3691,0.7523,0.1654,0.5026,12.4746
Al10.8 Cr28.4 Mo28.4 Nb12.9 Ti19.5,92.0489,657.9095,7.1474,0.3692,0.7523,0.1654,0.5025,12.4735
Al10.8 Cr28.4 Mo28.4 Nb12.9 Ti19.5,92.0525,657.9646,7.1477,0.3692,0.7523,0.1655,0.5028,12.4731
Al10.8 Cr28.4 Mo28.4 Nb12.9 Ti19.5,92.0658,658.0973,7.1481,0.3692,0.7523,0.1655,0.5028,12.4744
Al10.8 Cr28.4 Mo28.4 Nb12.9 Ti19.4,92.0749,658.1365,7.1478,0.3693,0.7523,0.1654,0.5021,12.4746
Al10.8 Cr28.4 Mo28.4 Nb12.9 Ti19.5,92.1168,658.6949,7.1506,0.3696,0.7523,0.1658,0.5043,12.4587
Al10.9 Cr28.3 Mo28.4 Nb13.1 Ti19.2,92.1567,659.3909,7.1551,0.3706,0.7523,0.1651,0.5016,12.4814
Al10.9 Cr28.3 Mo28.4 Nb13.1 Ti19.2,92.1567,659.3909,7.1551,0.3706,0.7523,0.1651,0.5016,12.4814
Al10.8 Cr28.4 Mo28.4 Nb13.1 Ti19.4,92.2182,659.8416,7.1552,0.3709,0.7523,0.1656,0.5034,12.4511
Al10.8 Cr28.3 Mo28.4 Nb13.1 Ti19.3,92.2473,660.2532,7.1574,0.3715,0.7523,0.1656,0.5045,12.4307
Al10.8 Cr28.4 Mo28.4 Nb13.1 Ti19.3,92.2639,660.297,7.1566,0.3717,0.7523,0.1655,0.5035,12.4278
Al10.8 Cr28.4 Mo28.4 Nb13.1 Ti19.3,92.2842,660.2441,7.1545,0.3718,0.7523,0.1652,0.5002,12.4419
Al10.8 Cr28.4 Mo28.4 Nb13.1 Ti19.3,92.3397,661.0043,7.1584,0.3719,0.7523,0.1658,0.5031,12.4336
Al10.8 Cr28.4 Mo28.4 Nb13.1 Ti19.3,92.3517,661.1146,7.1587,0.3722,0.7523,0.1658,0.5032,12.4229
Al11.0 Cr28.1 Mo28.6 Nb13.5 Ti18.8,92.3924,663.0189,7.1761,0.3724,0.7524,0.1656,0.503,12.5388
Al11.2 Cr27.7 Mo28.9 Nb14.0 Ti18.2,92.403,665.1846,7.1987,0.3726,0.7524,0.1657,0.503,12.6878
Al10.9 Cr28.2 Mo28.4 Nb13.4 Ti19.1,92.4045,661.8244,7.1623,0.3748,0.7523,0.1644,0.5007,12.3793
Al11.2 Cr27.6 Mo28.9 Nb14.1 Ti18.2,92.4148,665.7006,7.2034,0.3751,0.7524,0.1655,0.5089,12.5688
Al11.2 Cr27.6 Mo28.9 Nb14.1 Ti18.2,92.4148,665.7006,7.2034,0.3751,0.7524,0.1655,0.5089,12.5688
Al11.2 Cr27.6 Mo28.9 Nb14.1 Ti18.2,92.4148,665.7006,7.2034,0.3751,0.7524,0.1655,0.5089,12.5688
Al11.2 Cr27.7 Mo28.9 Nb14.1 Ti18.2,92.5332,666.4845,7.2027,0.3753,0.7524,0.1655,0.5052,12.5914
Al10.7 Cr28.3 Mo28.4 Nb13.5 Ti19.0,92.7422,665.6269,7.1772,0.3767,0.7523,0.1658,0.5035,12.3718
Al10.7 Cr28.3 Mo28.5 Nb13.6 Ti18.9,92.7723,666.0911,7.1799,0.3777,0.7523,0.1657,0.5048,12.3415
Al10.7 Cr28.3 Mo28.4 Nb13.6 Ti19.0,92.7969,666.0512,7.1775,0.378,0.7523,0.1655,0.503,12.3315
Al10.7 Cr28.3 Mo28.5 Nb13.6 Ti18.9,92.8118,666.5661,7.1819,0.3781,0.7523,0.1659,0.5061,12.3276
Al10.7 Cr28.3 Mo28.5 Nb13.6 Ti18.9,92.8118,666.5661,7.1819,0.3781,0.7523,0.1659,0.5061,12.3276
Al10.7 Cr28.3 Mo28.4 Nb13.6 Ti19.0,92.8142,666.2215,7.178,0.3786,0.7523,0.1653,0.5034,12.3077
Al10.7 Cr28.3 Mo28.4 Nb13.6 Ti19.0,92.8182,666.0792,7.1762,0.3803,0.7523,0.1649,0.5053,12.2154
Al10.7 Cr28.3 Mo28.4 Nb13.6 Ti19.0,92.8182,666.0792,7.1762,0.3803,0.7523,0.1649,0.5053,12.2154
Al10.9 Cr27.7 Mo28.8 Nb14.1 Ti18.4,92.8194,669.2821,7.2106,0.3807,0.7524,0.166,0.5152,12.3402
Al10.9 Cr27.7 Mo28.8 Nb14.1 Ti18.4,92.8194,669.2821,7.2106,0.3807,0.7524,0.166,0.5152,12.3402
Al10.9 Cr27.7 Mo28.8 Nb14.1 Ti18.4,92.82,669.2825,7.2105,0.3807,0.7524,0.166,0.5152,12.3398
Al10.8 Cr28.1 Mo28.6 Nb14.1 Ti18.4,93.1304,670.8332,7.2032,0.3808,0.7523,0.1656,0.5016,12.4104
Al10.8 Cr28.1 Mo28.6 Nb14.1 Ti18.4,93.1304,670.8332,7.2032,0.3808,0.7523,0.1656,0.5016,12.4104
Al10.9 Cr28.1 Mo28.6 Nb14.1 Ti18.4,93.1357,670.8296,7.2027,0.3809,0.7523,0.1655,0.5013,12.4056
Al10.6 Cr28.5 Mo28.3 Nb13.7 Ti18.9,93.1627,669.5067,7.1864,0.3818,0.7523,0.1657,0.5021,12.25
Al10.6 Cr28.5 Mo28.3 Nb13.7 Ti18.9,93.196,669.8505,7.1875,0.3819,0.7523,0.1658,0.5017,12.2561
Al10.6 Cr28.5 Mo28.3 Nb13.7 Ti18.9,93.1978,669.9308,7.1883,0.3822,0.7523,0.1658,0.5026,12.2425
Al10.6 Cr28.5 Mo28.3 Nb13.7 Ti18.9,93.2256,670.1799,7.1888,0.3822,0.7523,0.166,0.5025,12.2446
Al11.0 Cr27.9 Mo28.7 Nb14.5 Ti17.9,93.2896,673.7831,7.2225,0.3823,0.7524,0.1656,0.5,12.4994
Al11.0 Cr27.9 Mo28.7 Nb14.5 Ti17.9,93.2896,673.7831,7.2225,0.3823,0.7524,0.1656,0.5,12.4994
Al11.0 Cr27.9 Mo28.7 Nb14.5 Ti17.9,93.2896,673.7831,7.2225,0.3823,0.7524,0.1656,0.5,12.4994
Al11.1 Cr27.7 Mo28.8 Nb14.7 Ti17.7,93.321,674.9453,7.2325,0.3842,0.7524,0.1657,0.5044,12.4546
Al11.1 Cr27.7 Mo28.8 Nb14.7 Ti17.7,93.321,674.9453,7.2325,0.3842,0.7524,0.1657,0.5044,12.4546
Al11.1 Cr27.7 Mo28.7 Nb14.7 Ti17.7,93.403,674.9796,7.2265,0.3859,0.7523,0.1646,0.5005,12.388
Al11.1 Cr27.8 Mo28.7 Nb14.7 Ti17.7,93.4104,675.0286,7.2265,0.386,0.7523,0.1646,0.5001,12.39
Al11.1 Cr27.8 Mo28.7 Nb14.7 Ti17.7,93.4104,675.0286,7.2265,0.386,0.7523,0.1646,0.5001,12.39
Al11.1 Cr27.7 Mo28.7 Nb14.8 Ti17.7,93.4193,675.2697,7.2284,0.3862,0.7523,0.1647,0.5013,12.3807
Al11.4 Cr27.3 Mo29.0 Nb15.3 Ti17.0,93.4647,678.1992,7.2562,0.387,0.7524,0.1654,0.5011,12.5457
Al10.8 Cr28.0 Mo28.4 Nb14.4 Ti18.3,93.4725,673.8423,7.209,0.3889,0.7523,0.1641,0.5043,12.1186
Al10.8 Cr28.0 Mo28.4 Nb14.4 Ti18.3,93.4725,673.8423,7.209,0.3889,0.7523,0.1641,0.5043,12.1186
Al11.3 Cr27.2 Mo29.1 Nb15.4 Ti17.0,93.4854,678.6552,7.2595,0.3895,0.7524,0.1653,0.5062,12.4295
Al11.1 Cr27.7 Mo28.5 Nb14.8 Ti17.9,93.5019,674.9906,7.219,0.3903,0.7523,0.1631,0.5009,12.1696
Al10.3 Cr28.4 Mo28.3 Nb14.0 Ti19.0,93.5572,673.5553,7.1994,0.3908,0.7523,0.1659,0.5168,11.8528
Al10.8 Cr28.1 Mo28.2 Nb14.4 Ti18.5,93.5593,673.6311,7.2,0.3914,0.7522,0.163,0.5006,11.9986
Al11.0 Cr27.8 Mo28.8 Nb15.2 Ti17.3,94.0663,682.7347,7.258,0.3919,0.7524,0.1659,0.5016,12.354
Al11.0 Cr27.7 Mo28.8 Nb15.3 Ti17.2,94.1068,683.0515,7.2583,0.3929,0.7524,0.1656,0.5014,12.3196
Al11.0 Cr27.7 Mo28.8 Nb15.3 Ti17.2,94.1326,683.3095,7.259,0.3935,0.7524,0.1655,0.5013,12.3043
Al11.0 Cr27.7 Mo28.8 Nb15.3 Ti17.2,94.136,683.3232,7.2589,0.3939,0.7524,0.1654,0.5022,12.2814
Al11.0 Cr27.7 Mo28.7 Nb15.3 Ti17.3,94.1432,683.2385,7.2574,0.3939,0.7523,0.1653,0.5011,12.2801
Al10.9 Cr27.7 Mo28.8 Nb15.4 Ti17.2,94.1638,684.0365,7.2643,0.3948,0.7524,0.1657,0.5056,12.2499
Al10.9 Cr27.7 Mo28.8 Nb15.4 Ti17.2,94.1899,684.3604,7.2658,0.3951,0.7524,0.1659,0.5067,12.2369
Al10.9 Cr27.7 Mo28.8 Nb15.5 Ti17.2,94.2731,684.947,7.2656,0.3963,0.7524,0.1654,0.504,12.2166
Al10.6 Cr28.2 Mo28.3 Nb14.9 Ti17.9,94.3171,682.4346,7.2355,0.3976,0.7523,0.1646,0.5024,11.9771
Al10.8 Cr27.9 Mo28.6 Nb15.4 Ti17.3,94.4798,686.0904,7.2618,0.3979,0.7523,0.1655,0.5031,12.1363
Al10.4 Cr28.4 Mo28.3 Nb14.9 Ti17.9,94.5911,685.1542,7.2433,0.3984,0.7523,0.1658,0.5022,11.992
Al10.7 Cr27.9 Mo28.6 Nb15.5 Ti17.3,94.6938,688.3582,7.2693,0.4006,0.7523,0.1658,0.506,12.0528
Al10.7 Cr27.9 Mo28.6 Nb15.5 Ti17.3,94.7291,688.6645,7.2698,0.4014,0.7523,0.1656,0.5062,12.0233
Al10.7 Cr27.9 Mo28.6 Nb15.5 Ti17.3,94.7325,688.7077,7.27,0.4014,0.7523,0.1657,0.5063,12.022
Al10.6 Cr27.9 Mo28.5 Nb15.5 Ti17.4,94.7532,688.5279,7.2665,0.4027,0.7523,0.1651,0.5063,11.9525
Al10.4 Cr28.3 Mo28.2 Nb15.2 Ti17.9,94.8008,686.9983,7.2468,0.4038,0.7523,0.1648,0.5046,11.7876
Al10.6 Cr28.0 Mo28.5 Nb15.6 Ti17.3,94.9476,690.2068,7.2693,0.4043,0.7523,0.1649,0.5025,11.9438
Al10.6 Cr28.0 Mo28.5 Nb15.6 Ti17.3,94.9476,690.2068,7.2693,0.4043,0.7523,0.1649,0.5025,11.9438
Al11.3 Cr26.9 Mo29.1 Nb17.0 Ti15.7,95.0199,696.4388,7.3294,0.4091,0.7524,0.1657,0.5054,12.1582
Al10.4 Cr28.3 Mo28.0 Nb15.3 Ti17.9,95.067,688.5554,7.2428,0.4102,0.7522,0.1631,0.5013,11.5551
Al11.3 Cr27.0 Mo29.0 Nb17.1 Ti15.7,95.1582,696.8786,7.3234,0.411,0.7524,0.1645,0.5008,12.0928
Al11.3 Cr27.0 Mo29.0 Nb17.1 Ti15.7,95.1708,696.9147,7.3228,0.4111,0.7524,0.1644,0.5004,12.0862
Al11.3 Cr27.0 Mo29.0 Nb17.1 Ti15.7,95.1729,696.9216,7.3227,0.4112,0.7524,0.1644,0.5003,12.0852
Al11.3 Cr27.0 Mo29.0 Nb17.1 Ti15.7,95.1729,696.9216,7.3227,0.4112,0.7524,0.1644,0.5003,12.0852
Al11.3 Cr26.9 Mo28.9 Nb17.1 Ti15.7,95.1939,697.1616,7.3236,0.4122,0.7524,0.1642,0.5016,12.0395
Al11.3 Cr26.9 Mo28.9 Nb17.1 Ti15.7,95.1939,697.1616,7.3236,0.4122,0.7524,0.1642,0.5016,12.0395
Al10.2 Cr28.3 Mo28.2 Nb15.6 Ti17.8,95.3783,692.8655,7.2644,0.4135,0.7523,0.1646,0.5123,11.5851
Al10.1 Cr28.3 Mo28.2 Nb15.6 Ti17.8,95.4856,694.1925,7.2701,0.4145,0.7523,0.1653,0.5161,11.6556
Al11.2 Cr26.9 Mo29.1 Nb17.6 Ti15.2,95.7469,704.1886,7.3547,0.4161,0.7524,0.1659,0.5006,12.1033
Al11.2 Cr26.9 Mo29.1 Nb17.6 Ti15.2,95.7475,704.1906,7.3547,0.4162,0.7524,0.1659,0.5006,12.1031
Al11.2 Cr26.9 Mo29.1 Nb17.6 Ti15.2,95.7508,704.2396,7.3549,0.4162,0.7524,0.166,0.5008,12.1018
Al11.0 Cr27.3 Mo28.8 Nb17.2 Ti15.7,95.8757,703.6554,7.3392,0.4163,0.7524,0.1654,0.5005,11.9854
Al11.0 Cr27.3 Mo28.9 Nb17.2 Ti15.7,95.8915,703.8598,7.3402,0.4165,0.7524,0.1655,0.5011,11.9793
Al11.0 Cr27.3 Mo28.8 Nb17.2 Ti15.7,95.9018,703.8887,7.3397,0.4167,0.7524,0.1654,0.5007,11.9738
Al11.0 Cr27.3 Mo28.8 Nb17.2 Ti15.7,95.9018,703.8887,7.3397,0.4167,0.7524,0.1654,0.5007,11.9738
Al10.3 Cr28.1 Mo28.4 Nb16.4 Ti16.8,96.1168,702.4881,7.3087,0.417,0.7523,0.1658,0.5039,11.7041
Al10.3 Cr28.2 Mo28.3 Nb16.4 Ti16.8,96.1586,702.5215,7.3059,0.4179,0.7523,0.1653,0.5019,11.6723
Al10.3 Cr28.2 Mo28.3 Nb16.5 Ti16.7,96.2928,704.0613,7.3117,0.4186,0.7523,0.1655,0.5003,11.6953
Al10.3 Cr28.2 Mo28.3 Nb16.5 Ti16.7,96.294,704.0622,7.3116,0.4187,0.7523,0.1655,0.5002,11.6943
Al10.2 Cr28.3 Mo28.3 Nb16.4 Ti16.8,96.3614,704.471,7.3107,0.4191,0.7523,0.1659,0.5019,11.718
Al10.2 Cr28.3 Mo28.3 Nb16.4 Ti16.8,96.3655,704.4717,7.3104,0.4192,0.7523,0.1658,0.5017,11.7134
Al10.3 Cr28.2 Mo28.3 Nb16.5 Ti16.7,96.3734,705.0687,7.316,0.4194,0.7523,0.166,0.5031,11.6934
Al10.2 Cr28.3 Mo28.2 Nb16.5 Ti16.8,96.4212,704.8478,7.3101,0.4209,0.7523,0.1654,0.5019,11.6457
Al10.2 Cr28.3 Mo28.3 Nb16.5 Ti16.8,96.4606,705.453,7.3134,0.4213,0.7523,0.1657,0.5041,11.6763
Al10.2 Cr28.3 Mo28.1 Nb16.5 Ti16.8,96.532,705.5365,7.3088,0.4226,0.7522,0.165,0.5003,11.617
Al10.2 Cr28.3 Mo28.2 Nb16.5 Ti16.8,96.5755,706.1217,7.3116,0.4229,0.7522,0.1654,0.5022,11.6585
Al10.1 Cr28.3 Mo28.2 Nb16.5 Ti16.9,96.6344,706.8446,7.3146,0.4234,0.7523,0.1658,0.5041,11.6941
Al10.1 Cr28.4 Mo28.2 Nb16.5 Ti16.9,96.6538,707.1489,7.3163,0.4235,0.7523,0.1659,0.5048,11.7124
Al10.1 Cr28.4 Mo28.2 Nb16.5 Ti16.9,96.6707,707.3103,7.3167,0.4238,0.7523,0.166,0.5056,11.7154
Al10.1 Cr28.4 Mo28.2 Nb16.5 Ti16.9,96.6707,707.3103,7.3167,0.4238,0.7523,0.166,0.5056,11.7154
Al10.1 Cr28.4 Mo28.2 Nb16.5 Ti16.8,96.737,707.7838,7.3166,0.424,0.7522,0.1659,0.5025,11.722
Al10.1 Cr28.3 Mo28.1 Nb16.6 Ti16.9,96.7861,708.2311,7.3175,0.4265,0.7522,0.1654,0.5057,11.6261
Al10.1 Cr28.3 Mo28.1 Nb16.7 Ti16.8,96.8204,708.6806,7.3195,0.4267,0.7522,0.1653,0.5044,11.6095
Al10.1 Cr28.3 Mo28.1 Nb16.7 Ti16.8,96.8257,708.7474,7.3198,0.4268,0.7522,0.1653,0.5046,11.6127
Al10.0 Cr28.2 Mo28.2 Nb16.8 Ti16.8,96.8679,709.4556,7.3239,0.4286,0.7523,0.1654,0.51,11.5821
Al10.2 Cr27.9 Mo28.5 Nb17.2 Ti16.2,96.9176,712.1008,7.3475,0.4292,0.7523,0.1659,0.5134,11.502
Al10.0 Cr28.3 Mo28.1 Nb16.8 Ti16.8,96.9226,709.4859,7.3201,0.4298,0.7522,0.1648,0.5071,11.5273
Al10.5 Cr27.7 Mo28.6 Nb17.7 Ti15.6,97.125,715.4847,7.3666,0.4299,0.7523,0.166,0.5051,11.5943
Al10.5 Cr27.7 Mo28.5 Nb17.6 Ti15.7,97.1325,715.0869,7.362,0.4305,0.7523,0.1654,0.5035,11.5589
Al10.5 Cr27.7 Mo28.5 Nb17.6 Ti15.7,97.1335,715.0886,7.3619,0.4305,0.7523,0.1654,0.5035,11.5582
Al10.4 Cr27.8 Mo28.5 Nb17.6 Ti15.7,97.2277,715.7443,7.3615,0.4307,0.7523,0.1654,0.5012,11.5661
Al10.5 Cr27.8 Mo28.5 Nb17.7 Ti15.6,97.2774,716.1093,7.3615,0.432,0.7523,0.1651,0.5011,11.5212
Al10.1 Cr28.1 Mo28.2 Nb17.2 Ti16.4,97.2793,714.303,7.3428,0.4327,0.7523,0.1653,0.507,11.5214
Al10.4 Cr27.8 Mo28.5 Nb17.7 Ti15.7,97.3654,717.3709,7.3678,0.4328,0.7523,0.1658,0.5052,11.4925
Al10.4 Cr27.8 Mo28.5 Nb17.7 Ti15.7,97.3697,717.3808,7.3676,0.4328,0.7523,0.1658,0.505,11.4899
Al10.4 Cr27.8 Mo28.5 Nb17.7 Ti15.7,97.3857,717.4162,7.3668,0.4334,0.7523,0.1655,0.5045,11.4672
Al10.3 Cr27.9 Mo28.4 Nb17.9 Ti15.4,97.6886,720.5857,7.3764,0.435,0.7523,0.1659,0.5002,11.5104
Al10.3 Cr27.9 Mo28.4 Nb17.9 Ti15.4,97.6886,720.5857,7.3764,0.435,0.7523,0.1659,0.5002,11.5104
Al9.9 Cr28.4 Mo28.1 Nb17.4 Ti16.2,97.8499,719.5888,7.354,0.4369,0.7522,0.1659,0.5011,11.6427
Al9.9 Cr28.4 Mo28.1 Nb17.4 Ti16.2,97.8866,719.9956,7.3554,0.4371,0.7522,0.1659,0.5008,11.645
Al9.9 Cr28.4 Mo28.1 Nb17.4 Ti16.2,97.8948,720.0709,7.3556,0.4373,0.7522,0.1659,0.5009,11.639
Al10.2 Cr27.9 Mo28.4 Nb18.0 Ti15.4,97.9057,722.676,7.3813,0.4379,0.7523,0.1659,0.5023,11.4604
Al10.2 Cr27.9 Mo28.4 Nb18.0 Ti15.4,97.907,722.6789,7.3813,0.438,0.7523,0.1659,0.5023,11.4594
Al10.2 Cr27.9 Mo28.4 Nb18.0 Ti15.4,97.915,722.6965,7.3809,0.4381,0.7523,0.1659,0.502,11.453
Al10.3 Cr27.9 Mo28.3 Nb18.0 Ti15.5,97.9497,722.7707,7.379,0.4387,0.7523,0.1655,0.5006,11.4247
Al10.3 Cr27.9 Mo28.3 Nb18.0 Ti15.5,97.9505,722.772,7.379,0.4387,0.7523,0.1655,0.5006,11.4235
Al10.3 Cr27.9 Mo28.3 Nb18.0 Ti15.5,97.9538,722.7689,7.3787,0.4388,0.7523,0.1655,0.5004,11.4196
Al9.9 Cr28.4 Mo28.1 Nb17.5 Ti16.2,97.9615,720.7037,7.357,0.4389,0.7522,0.1656,0.5017,11.591
Al10.2 Cr27.9 Mo28.4 Nb18.0 Ti15.5,97.9681,723.0396,7.3804,0.4389,0.7523,0.1658,0.5022,11.4488
Al10.2 Cr28.0 Mo28.4 Nb18.0 Ti15.5,98.0156,723.6078,7.3826,0.4393,0.7523,0.1659,0.5025,11.4664
Al10.3 Cr27.9 Mo28.4 Nb18.2 Ti15.2,98.1314,725.2402,7.3905,0.4405,0.7523,0.1659,0.5013,11.4273
Al10.3 Cr27.9 Mo28.4 Nb18.2 Ti15.2,98.1355,725.2823,7.3906,0.4405,0.7523,0.1659,0.5013,11.4261
Al10.0 Cr28.1 Mo28.2 Nb17.9 Ti15.9,98.1405,723.5419,7.3725,0.4438,0.7522,0.1652,0.5087,11.4153
Al10.2 Cr27.8 Mo28.3 Nb18.3 Ti15.4,98.1723,724.9805,7.3848,0.4439,0.7523,0.1647,0.5036,11.2627
Al10.2 Cr27.9 Mo28.4 Nb18.4 Ti15.2,98.3814,727.7105,7.3968,0.444,0.7523,0.1658,0.5025,11.3968
Al10.2 Cr27.9 Mo28.3 Nb18.4 Ti15.2,98.4622,728.3954,7.3977,0.4443,0.7523,0.166,0.5015,11.4315
Al10.2 Cr28.0 Mo28.3 Nb18.4 Ti15.2,98.4673,728.1935,7.3953,0.4444,0.7523,0.1657,0.5002,11.4134
Al10.2 Cr28.0 Mo28.3 Nb18.4 Ti15.2,98.4869,728.3916,7.3958,0.4448,0.7523,0.1657,0.5001,11.4015
Al10.2 Cr28.0 Mo28.3 Nb18.4 Ti15.2,98.4876,728.3931,7.3958,0.4448,0.7523,0.1656,0.5,11.4009
Al10.2 Cr28.0 Mo28.3 Nb18.4 Ti15.2,98.4934,728.4649,7.3961,0.4448,0.7523,0.1657,0.5002,11.4064
Al10.2 Cr28.0 Mo28.3 Nb18.4 Ti15.2,98.4975,728.507,7.3962,0.4449,0.7523,0.1657,0.5003,11.4052
Al10.2 Cr28.0 Mo28.3 Nb18.4 Ti15.2,98.5147,728.6394,7.3963,0.4454,0.7523,0.1655,0.5003,11.3819
Al10.2 Cr28.0 Mo28.3 Nb18.4 Ti15.2,98.5147,728.6394,7.3963,0.4454,0.7523,0.1655,0.5003,11.3819
Al10.2 Cr27.9 Mo28.3 Nb18.5 Ti15.2,98.5372,728.8132,7.3963,0.4474,0.7522,0.165,0.5022,11.276
Al10.1 Cr27.9 Mo28.1 Nb18.5 Ti15.3,98.5721,728.4044,7.3896,0.4493,0.7522,0.1642,0.5024,11.2053
Al10.1 Cr27.9 Mo28.1 Nb18.5 Ti15.3,98.5725,728.4051,7.3895,0.4493,0.7522,0.1642,0.5024,11.2049
Al10.1 Cr27.9 Mo28.2 Nb18.5 Ti15.3,98.6022,728.7895,7.3912,0.4496,0.7522,0.1644,0.5032,11.2249
Al9.7 Cr28.2 Mo28.1 Nb18.1 Ti15.9,98.6145,728.5896,7.3883,0.4498,0.7523,0.166,0.5156,11.476
Al9.7 Cr28.2 Mo28.1 Nb18.1 Ti15.9,98.6206,728.5992,7.3879,0.4499,0.7523,0.1659,0.5153,11.4704
Al9.7 Cr28.2 Mo28.1 Nb18.1 Ti15.9,98.6349,728.7268,7.3881,0.4503,0.7523,0.1659,0.5154,11.4592
Al9.7 Cr28.2 Mo28.1 Nb18.1 Ti15.9,98.6456,728.7366,7.3874,0.4503,0.7523,0.1658,0.5149,11.4612
Al10.0 Cr27.9 Mo28.3 Nb18.6 Ti15.2,98.7437,731.3487,7.4065,0.4505,0.7523,0.1657,0.5095,11.3343
Al10.0 Cr27.9 Mo28.3 Nb18.6 Ti15.2,98.7692,731.5051,7.4062,0.4508,0.7523,0.1656,0.5091,11.3306
Al10.0 Cr27.9 Mo28.3 Nb18.7 Ti15.1,98.8834,732.8251,7.411,0.4509,0.7523,0.1658,0.5052,11.3444
Al10.1 Cr27.9 Mo28.3 Nb18.7 Ti15.1,98.8927,732.8472,7.4105,0.451,0.7523,0.1657,0.5049,11.3371
Al10.1 Cr27.9 Mo28.3 Nb18.7 Ti15.1,98.8927,732.8472,7.4105,0.451,0.7523,0.1657,0.5049,11.3371
Al10.1 Cr27.9 Mo28.3 Nb18.7 Ti15.1,98.8927,732.8472,7.4105,0.451,0.7523,0.1657,0.5049,11.3371
Al10.0 Cr28.0 Mo28.2 Nb18.6 Ti15.1,98.9674,732.7814,7.4043,0.4514,0.7522,0.1652,0.5004,11.3357
Al10.0 Cr28.0 Mo28.1 Nb18.7 Ti15.1,98.9811,732.8906,7.4043,0.4517,0.7522,0.1652,0.5004,11.3257
Al10.0 Cr28.0 Mo28.1 Nb18.7 Ti15.1,98.9854,732.9252,7.4044,0.4518,0.7522,0.1651,0.5004,11.3226
Al10.0 Cr28.0 Mo28.1 Nb18.7 Ti15.1,98.995,733.0171,7.4046,0.452,0.7522,0.1651,0.5006,11.3159
Al10.0 Cr28.0 Mo28.1 Nb18.7 Ti15.1,98.9953,733.0198,7.4046,0.452,0.7522,0.1651,0.5006,11.3156
Al10.0 Cr28.0 Mo28.1 Nb18.7 Ti15.1,98.9988,733.052,7.4047,0.4521,0.7522,0.1651,0.5006,11.3131
Al10.0 Cr28.0 Mo28.1 Nb18.7 Ti15.1,99.0003,733.0649,7.4047,0.4522,0.7522,0.1651,0.5006,11.3121
Al9.9 Cr28.2 Mo28.1 Nb18.6 Ti15.3,99.1031,733.9812,7.4062,0.4523,0.7522,0.1659,0.5031,11.4521
Al9.9 Cr28.2 Mo28.1 Nb18.6 Ti15.3,99.1339,734.2582,7.4067,0.4531,0.7522,0.1658,0.5035,11.4279
Al10.0 Cr28.0 Mo28.2 Nb18.8 Ti15.0,99.1343,735.2377,7.4166,0.4533,0.7523,0.1659,0.5049,11.372
Al10.0 Cr28.0 Mo28.2 Nb18.8 Ti15.0,99.1387,735.2478,7.4164,0.4534,0.7523,0.1659,0.5048,11.3686
Al10.0 Cr28.0 Mo28.2 Nb18.8 Ti15.0,99.1387,735.2478,7.4164,0.4534,0.7523,0.1659,0.5048,11.3686
Al9.9 Cr28.2 Mo28.1 Nb18.6 Ti15.2,99.1937,734.8563,7.4083,0.4535,0.7522,0.1657,0.5021,11.4231
Al10.0 Cr28.1 Mo28.2 Nb18.8 Ti15.0,99.2153,735.5606,7.4138,0.454,0.7522,0.1656,0.5016,11.3538
Al10.0 Cr28.1 Mo28.2 Nb18.8 Ti15.0,99.2168,735.5635,7.4137,0.4541,0.7522,0.1655,0.5015,11.3526
Al9.8 Cr28.2 Mo28.1 Nb18.7 Ti15.2,99.2187,735.0419,7.4083,0.4547,0.7522,0.1656,0.5044,11.3959
Al9.9 Cr28.1 Mo28.1 Nb18.7 Ti15.2,99.2537,735.506,7.4104,0.4547,0.7522,0.1656,0.5031,11.3908
Al9.9 Cr28.1 Mo28.1 Nb18.7 Ti15.2,99.2653,735.503,7.4095,0.455,0.7522,0.1655,0.5026,11.3769
Al9.9 Cr28.2 Mo28.0 Nb18.8 Ti15.2,99.3312,735.7693,7.4072,0.4562,0.7522,0.1651,0.5008,11.3391
Al10.0 Cr28.0 Mo28.1 Nb18.9 Ti15.0,99.336,736.4552,7.4138,0.4567,0.7522,0.1649,0.5013,11.2644
Al10.0 Cr28.0 Mo28.1 Nb18.9 Ti15.0,99.336,736.4552,7.4138,0.4567,0.7522,0.1649,0.5013,11.2644
Al9.8 Cr28.1 Mo28.1 Nb18.9 Ti15.1,99.4732,737.7132,7.4162,0.4575,0.7522,0.1655,0.5024,11.3568
Al9.9 Cr28.1 Mo28.2 Nb19.1 Ti14.8,99.5895,739.7442,7.4279,0.4581,0.7522,0.1659,0.5027,11.3599
Al9.9 Cr28.1 Mo28.2 Nb19.1 Ti14.8,99.5949,739.788,7.428,0.4583,0.7522,0.1659,0.5027,11.3544
Al9.9 Cr28.1 Mo28.1 Nb19.1 Ti14.8,99.6395,740.0252,7.427,0.4584,0.7522,0.1658,0.5008,11.3637
Al9.9 Cr28.1 Mo28.1 Nb19.1 Ti14.8,99.6395,740.0252,7.427,0.4584,0.7522,0.1658,0.5008,11.3637
Al9.9 Cr28.1 Mo28.1 Nb19.1 Ti14.8,99.6399,740.0261,7.427,0.4584,0.7522,0.1658,0.5008,11.3634
Al9.7 Cr28.1 Mo28.1 Nb19.0 Ti15.1,99.6685,740.1704,7.4263,0.4615,0.7522,0.1658,0.5109,11.3424
Al9.7 Cr28.1 Mo28.1 Nb19.0 Ti15.1,99.6747,740.1832,7.426,0.4616,0.7522,0.1658,0.5107,11.3372
Al9.8 Cr28.0 Mo28.0 Nb19.2 Ti14.9,99.718,740.3965,7.4249,0.463,0.7522,0.1648,0.5063,11.1934
Al9.9 Cr28.0 Mo28.0 Nb19.2 Ti14.9,99.7465,740.2404,7.4212,0.464,0.7522,0.164,0.5026,11.0918
Al9.8 Cr28.0 Mo28.0 Nb19.2 Ti15.0,99.7535,740.2656,7.4209,0.4644,0.7522,0.1643,0.5059,11.1355
Al10.0 Cr27.6 Mo28.3 Nb19.7 Ti14.4,99.8283,744.0096,7.4529,0.4647,0.7523,0.1657,0.5113,11.1094
Al10.0 Cr27.6 Mo28.3 Nb19.7 Ti14.4,99.8508,744.0783,7.4519,0.4651,0.7523,0.1656,0.5105,11.0938
Al10.2 Cr27.4 Mo28.4 Nb20.0 Ti14.0,99.8561,745.0632,7.4614,0.4661,0.7523,0.1654,0.5096,10.9577
Al10.2 Cr27.4 Mo28.4 Nb20.0 Ti14.0,99.8561,745.0632,7.4614,0.4661,0.7523,0.1654,0.5096,10.9577
Al10.1 Cr27.6 Mo28.4 Nb20.0 Ti14.0,100.1179,747.4544,7.4657,0.4664,0.7523,0.166,0.5051,11.0918
Al9.9 Cr27.9 Mo28.2 Nb19.8 Ti14.2,100.3661,748.6288,7.459,0.4673,0.7522,0.1659,0.501,11.2224
Al9.9 Cr27.9 Mo28.2 Nb19.8 Ti14.2,100.3691,748.637,7.4588,0.4674,0.7522,0.1659,0.5008,11.2202
Al9.9 Cr27.9 Mo28.1 Nb19.9 Ti14.2,100.397,748.893,7.4593,0.468,0.7522,0.1658,0.5012,11.199
Al9.8 Cr27.9 Mo28.1 Nb19.9 Ti14.2,100.4279,749.1978,7.4601,0.469,0.7522,0.1658,0.5037,11.1947
Al9.8 Cr27.9 Mo28.2 Nb19.9 Ti14.2,100.4644,749.6688,7.462,0.4695,0.7522,0.166,0.5052,11.2152
Al9.8 Cr27.9 Mo28.2 Nb19.9 Ti14.2,100.4644,749.6688,7.462,0.4695,0.7522,0.166,0.5052,11.2152
Al9.8 Cr27.9 Mo28.2 Nb19.9 Ti14.2,100.4644,749.6688,7.462,0.4695,0.7522,0.166,0.5052,11.2152
Al9.9 Cr27.9 Mo28.2 Nb20.0 Ti14.1,100.5114,750.2211,7.464,0.4697,0.7522,0.1658,0.5016,11.1675
Al9.9 Cr27.9 Mo28.1 Nb19.9 Ti14.2,100.5115,749.839,7.4602,0.4701,0.7522,0.1655,0.5019,11.1606
Al9.9 Cr27.9 Mo28.1 Nb20.0 Ti14.2,100.5155,749.6048,7.4576,0.4712,0.7522,0.1648,0.5004,11.0608
Al9.9 Cr27.9 Mo28.1 Nb20.0 Ti14.2,100.5199,749.6389,7.4576,0.4712,0.7522,0.1648,0.5002,11.0624
Al9.9 Cr27.8 Mo28.1 Nb20.1 Ti14.2,100.5637,750.2026,7.46,0.4723,0.7522,0.1648,0.5019,11.0335
Al9.9 Cr27.8 Mo28.0 Nb20.1 Ti14.2,100.5888,750.2663,7.4587,0.4727,0.7522,0.1646,0.5009,11.014
Al9.9 Cr27.8 Mo28.0 Nb20.1 Ti14.2,100.5921,750.2744,7.4586,0.4728,0.7522,0.1645,0.5008,11.0115
Al9.9 Cr27.9 Mo28.0 Nb20.1 Ti14.2,100.6922,751.2006,7.4604,0.4732,0.7522,0.1648,0.5001,11.0648
Al9.8 Cr27.9 Mo28.0 Nb20.1 Ti14.2,100.7123,751.4957,7.4618,0.4736,0.7522,0.165,0.5019,11.0774
Al9.1 Cr29.0 Mo27.3 Nb19.0 Ti15.6,100.7321,747.0121,7.4158,0.4753,0.7521,0.1656,0.5018,11.4258
Al9.1 Cr28.9 Mo27.4 Nb19.1 Ti15.5,100.8216,748.4621,7.4236,0.4767,0.7521,0.1657,0.506,11.4106
Al10.0 Cr27.5 Mo28.3 Nb20.7 Ti13.5,100.9542,756.2641,7.4912,0.4767,0.7523,0.1657,0.5037,10.9575
Al10.0 Cr27.5 Mo28.3 Nb20.7 Ti13.5,100.9595,756.282,7.4909,0.4768,0.7523,0.1657,0.5036,10.954
Al10.0 Cr27.6 Mo28.2 Nb20.7 Ti13.5,101.0028,756.5146,7.49,0.4772,0.7522,0.1655,0.5021,10.9396
Al10.0 Cr27.6 Mo28.2 Nb20.7 Ti13.5,101.0028,756.5146,7.49,0.4772,0.7522,0.1655,0.5021,10.9396
Al10.0 Cr27.6 Mo28.3 Nb20.8 Ti13.4,101.0775,757.6204,7.4954,0.4775,0.7523,0.1659,0.5019,10.9652
Al9.7 Cr28.0 Mo28.0 Nb20.2 Ti14.1,101.0784,755.5543,7.4749,0.4778,0.7522,0.1657,0.5064,11.1354
Al9.7 Cr28.0 Mo28.0 Nb20.2 Ti14.1,101.0784,755.5543,7.4749,0.4778,0.7522,0.1657,0.5064,11.1354
Al9.7 Cr28.0 Mo28.0 Nb20.2 Ti14.1,101.0816,755.5811,7.475,0.4779,0.7522,0.1656,0.5065,11.1322
Al9.6 Cr28.0 Mo28.0 Nb20.2 Ti14.1,101.0901,755.6917,7.4754,0.478,0.7522,0.1657,0.5067,11.1374
Al9.6 Cr28.0 Mo28.0 Nb20.2 Ti14.1,101.1131,756.0161,7.4769,0.4782,0.7522,0.1659,0.5077,11.1574
Al9.6 Cr28.0 Mo28.0 Nb20.2 Ti14.1,101.1141,756.0188,7.4769,0.4782,0.7522,0.1658,0.5077,11.1567
Al9.6 Cr28.0 Mo28.0 Nb20.2 Ti14.1,101.1207,756.037,7.4766,0.4783,0.7522,0.1658,0.5074,11.152
Al9.6 Cr28.0 Mo28.0 Nb20.2 Ti14.1,101.1235,756.1124,7.4771,0.4783,0.7522,0.1659,0.5078,11.1584
Al9.7 Cr28.0 Mo28.0 Nb20.3 Ti14.0,101.2036,756.8132,7.4781,0.4786,0.7522,0.1656,0.5033,11.1249
Al9.6 Cr27.9 Mo28.0 Nb20.4 Ti14.0,101.224,757.3852,7.4823,0.4804,0.7522,0.1656,0.5089,11.0836
Al9.9 Cr27.7 Mo28.2 Nb20.8 Ti13.5,101.3482,760.0388,7.4993,0.4807,0.7522,0.166,0.5038,11.0013
Al9.6 Cr28.1 Mo27.9 Nb20.4 Ti14.1,101.4502,758.873,7.4803,0.4822,0.7522,0.1655,0.5049,11.116
Al9.6 Cr28.0 Mo27.9 Nb20.5 Ti13.9,101.5424,760.2304,7.4868,0.4827,0.7522,0.1656,0.5037,11.1049
Al9.6 Cr28.0 Mo27.9 Nb20.5 Ti13.9,101.5424,760.2304,7.4868,0.4827,0.7522,0.1656,0.5037,11.1049
Al9.6 Cr28.0 Mo27.9 Nb20.5 Ti14.0,101.5519,759.9841,7.4837,0.4833,0.7522,0.1653,0.5029,11.0726
Al9.6 Cr28.1 Mo27.9 Nb20.5 Ti14.0,101.5624,760.0304,7.4834,0.4833,0.7522,0.1653,0.5024,11.0716
Al9.6 Cr28.0 Mo27.9 Nb20.6 Ti13.9,101.5649,760.1043,7.4839,0.4836,0.7522,0.1652,0.5027,11.0541
Al9.5 Cr28.0 Mo27.9 Nb20.6 Ti13.9,101.5927,760.868,7.4894,0.4836,0.7522,0.1659,0.5065,11.123
Al9.6 Cr28.0 Mo27.9 Nb20.6 Ti13.9,101.5944,760.3945,7.4846,0.4842,0.7522,0.1652,0.5034,11.0495
Al9.6 Cr28.0 Mo27.9 Nb20.6 Ti13.9,101.6031,760.7541,7.4875,0.4843,0.7522,0.1654,0.5046,11.0523
Al9.6 Cr28.0 Mo27.9 Nb20.6 Ti13.9,101.6147,760.5803,7.4849,0.4848,0.7522,0.1651,0.5039,11.0234
Al9.5 Cr28.1 Mo27.9 Nb20.7 Ti13.8,101.8033,762.8444,7.4933,0.4853,0.7522,0.1659,0.5036,11.1327
Al9.5 Cr28.1 Mo27.9 Nb20.7 Ti13.9,101.8212,763.0473,7.494,0.4859,0.7522,0.1659,0.5054,11.1334
Al9.5 Cr28.1 Mo27.9 Nb20.7 Ti13.9,101.8212,763.0473,7.494,0.4859,0.7522,0.1659,0.5054,11.1334
Al9.5 Cr28.1 Mo27.9 Nb20.7 Ti13.9,101.8212,763.0473,7.494,0.4859,0.7522,0.1659,0.5054,11.1334
Al9.5 Cr28.1 Mo27.9 Nb20.7 Ti13.9,101.8212,763.0473,7.494,0.4859,0.7522,0.1659,0.5054,11.1334
Al9.5 Cr28.1 Mo27.9 Nb20.7 Ti13.9,101.8213,763.0474,7.494,0.4859,0.7522,0.1659,0.5054,11.1334
Al9.5 Cr28.1 Mo27.9 Nb20.7 Ti13.9,101.8793,763.6502,7.4956,0.4873,0.7522,0.1658,0.5065,11.0928
Al9.5 Cr28.1 Mo27.9 Nb20.7 Ti13.9,101.8797,763.654,7.4956,0.4873,0.7522,0.1658,0.5065,11.0925
Al9.4 Cr28.0 Mo27.9 Nb20.8 Ti13.8,101.9164,764.2084,7.4984,0.4883,0.7522,0.1658,0.5085,11.0686
Al9.4 Cr28.0 Mo27.9 Nb20.8 Ti13.8,101.9164,764.2084,7.4984,0.4883,0.7522,0.1658,0.5085,11.0686
Al9.5 Cr28.0 Mo27.8 Nb20.8 Ti13.9,101.9565,764.3107,7.4964,0.489,0.7522,0.1654,0.5069,11.0373
Al9.5 Cr28.0 Mo27.8 Nb20.8 Ti13.9,101.9667,764.4039,7.4966,0.4892,0.7522,0.1654,0.507,11.03
Al9.4 Cr28.0 Mo27.9 Nb20.8 Ti13.9,101.9852,764.7027,7.4982,0.4894,0.7522,0.1656,0.5081,11.0484
Al9.6 Cr27.9 Mo28.0 Nb21.2 Ti13.3,102.1544,767.542,7.5135,0.4894,0.7522,0.1659,0.5017,11.0027
Al9.6 Cr27.8 Mo28.0 Nb21.2 Ti13.4,102.1567,767.494,7.5129,0.4905,0.7522,0.1656,0.5031,10.9459
Al9.6 Cr27.8 Mo28.0 Nb21.2 Ti13.3,102.1929,767.8111,7.5133,0.4909,0.7522,0.1656,0.5027,10.9428
Al9.4 Cr28.0 Mo27.9 Nb21.1 Ti13.6,102.1952,767.4519,7.5097,0.492,0.7522,0.1658,0.5094,11.0123
Al9.4 Cr27.9 Mo27.9 Nb21.1 Ti13.6,102.2006,767.6118,7.5108,0.4932,0.7522,0.1655,0.5114,10.9491
Al9.4 Cr28.0 Mo27.8 Nb21.1 Ti13.7,102.3042,767.858,7.5056,0.4933,0.7522,0.1652,0.5052,10.9659
Al9.7 Cr27.8 Mo27.9 Nb21.4 Ti13.2,102.4127,769.8942,7.5176,0.494,0.7522,0.1651,0.5006,10.8483
Al9.2 Cr28.2 Mo27.7 Nb21.0 Ti13.9,102.4478,768.8389,7.5047,0.4952,0.7522,0.1656,0.509,11.0545
Al9.2 Cr28.2 Mo27.7 Nb21.0 Ti13.9,102.4869,769.3493,7.5068,0.4956,0.7522,0.1658,0.5104,11.0774
Al9.4 Cr27.9 Mo27.8 Nb21.3 Ti13.6,102.5057,770.2262,7.514,0.497,0.7522,0.165,0.5084,10.8809
Al9.4 Cr27.9 Mo27.8 Nb21.3 Ti13.6,102.5057,770.2262,7.514,0.497,0.7522,0.165,0.5084,10.8809
Al9.4 Cr28.0 Mo27.8 Nb21.3 Ti13.5,102.594,770.9894,7.515,0.4972,0.7522,0.1651,0.5052,10.8966
Al9.4 Cr27.8 Mo27.9 Nb21.5 Ti13.3,102.6234,772.6352,7.5288,0.4975,0.7522,0.166,0.5107,10.9272
Al9.4 Cr27.8 Mo27.9 Nb21.5 Ti13.3,102.6255,772.6416,7.5288,0.4975,0.7522,0.1659,0.5106,10.9258
Al9.5 Cr27.9 Mo27.9 Nb21.6 Ti13.1,102.7565,773.952,7.5319,0.4976,0.7522,0.1659,0.5045,10.9126
Al9.5 Cr27.9 Mo27.8 Nb21.6 Ti13.2,102.7727,773.6662,7.5279,0.4987,0.7522,0.1653,0.504,10.8482
Al9.3 Cr28.3 Mo27.6 Nb21.3 Ti13.6,102.8728,772.9654,7.5138,0.499,0.7521,0.1655,0.5022,11.0134
Al9.2 Cr28.3 Mo27.6 Nb21.3 Ti13.6,102.8755,772.9921,7.5139,0.4992,0.7521,0.1655,0.5025,11.0093
Al9.4 Cr27.9 Mo27.9 Nb21.7 Ti13.1,102.9198,775.4874,7.5349,0.5002,0.7522,0.1659,0.5071,10.9099
Al9.5 Cr27.8 Mo27.9 Nb21.8 Ti13.1,102.9294,775.549,7.5348,0.501,0.7522,0.1655,0.5065,10.8378
Al9.4 Cr27.9 Mo27.8 Nb21.7 Ti13.2,102.9602,775.5529,7.5325,0.5011,0.7522,0.1655,0.5058,10.8665
Al9.4 Cr28.0 Mo27.7 Nb21.7 Ti13.1,103.049,776.0397,7.5308,0.5019,0.7522,0.1652,0.5026,10.8399
Al9.4 Cr28.0 Mo27.7 Nb21.7 Ti13.2,103.0543,775.7176,7.5273,0.5027,0.7521,0.1647,0.5016,10.7868
Al9.4 Cr28.0 Mo27.7 Nb21.7 Ti13.2,103.0653,775.8444,7.5277,0.5028,0.7521,0.1648,0.5019,10.7873
Al9.4 Cr28.0 Mo27.7 Nb21.8 Ti13.2,103.1022,776.354,7.5299,0.5032,0.7521,0.165,0.5034,10.8121
Al9.4 Cr27.8 Mo27.8 Nb21.9 Ti13.0,103.2015,778.3427,7.542,0.5047,0.7522,0.1655,0.508,10.8066
Al10.0 Cr27.2 Mo28.2 Nb22.8 Ti11.9,103.2244,781.6773,7.5726,0.5052,0.7523,0.1659,0.5001,10.4871
Al9.4 Cr27.7 Mo27.9 Nb22.1 Ti12.9,103.2322,779.5217,7.5511,0.5053,0.7522,0.166,0.5111,10.8007
Al9.4 Cr27.9 Mo27.7 Nb21.9 Ti13.1,103.2674,778.4689,7.5384,0.5055,0.7522,0.1651,0.5052,10.7814
Al9.4 Cr27.9 Mo27.7 Nb22.0 Ti13.0,103.314,778.8934,7.5391,0.5064,0.7522,0.165,0.5055,10.7525
Al9.4 Cr27.9 Mo27.7 Nb22.0 Ti13.0,103.314,778.8934,7.5391,0.5064,0.7522,0.165,0.5055,10.7525
Al9.4 Cr27.9 Mo27.7 Nb22.0 Ti13.0,103.3688,779.3496,7.5395,0.5075,0.7522,0.1648,0.5055,10.7178
Al9.4 Cr27.8 Mo27.7 Nb22.1 Ti13.0,103.3774,779.7114,7.5424,0.5092,0.7522,0.1645,0.5084,10.6201
Al9.4 Cr27.8 Mo27.8 Nb22.4 Ti12.7,103.6434,783.1241,7.5559,0.5096,0.7522,0.1654,0.504,10.703
Al9.2 Cr28.1 Mo27.6 Nb22.0 Ti13.2,103.6633,782.0107,7.5438,0.51,0.7521,0.1655,0.5075,10.8572
Al9.2 Cr28.1 Mo27.6 Nb22.0 Ti13.2,103.6633,782.0107,7.5438,0.51,0.7521,0.1655,0.5075,10.8572
Al9.2 Cr28.1 Mo27.6 Nb22.0 Ti13.2,103.6886,782.1624,7.5434,0.5104,0.7521,0.1655,0.5071,10.8493
Al9.2 Cr28.1 Mo27.6 Nb22.0 Ti13.2,103.6918,782.1723,7.5432,0.5104,0.7521,0.1655,0.507,10.8476
Al9.5 Cr27.7 Mo27.8 Nb22.6 Ti12.4,103.7503,784.7026,7.5634,0.5108,0.7522,0.1654,0.5024,10.6404
Al9.1 Cr28.1 Mo27.6 Nb22.1 Ti13.2,103.7823,783.1325,7.5459,0.5119,0.7521,0.1655,0.5085,10.8364
Al9.3 Cr27.8 Mo27.7 Nb22.5 Ti12.7,103.9569,786.271,7.5634,0.5146,0.7522,0.1654,0.5089,10.6799
Al9.4 Cr27.8 Mo27.6 Nb22.6 Ti12.6,103.9898,786.1344,7.5597,0.5152,0.7521,0.1648,0.5047,10.6
Al9.0 Cr28.1 Mo27.5 Nb22.2 Ti13.2,104.001,785.2706,7.5506,0.5156,0.7521,0.1654,0.5116,10.8039
Al9.0 Cr28.1 Mo27.5 Nb22.2 Ti13.2,104.0019,785.2822,7.5507,0.5156,0.7521,0.1654,0.5117,10.8044
Al9.0 Cr28.1 Mo27.5 Nb22.2 Ti13.2,104.0053,785.2904,7.5505,0.5157,0.7521,0.1654,0.5115,10.8016
Al9.1 Cr28.1 Mo27.6 Nb22.4 Ti12.8,104.2593,788.4715,7.5626,0.5165,0.7521,0.1657,0.5055,10.7956
Al9.1 Cr28.1 Mo27.5 Nb22.4 Ti12.8,104.2942,788.4857,7.5602,0.5171,0.7521,0.1655,0.5036,10.7677
Al9.0 Cr28.1 Mo27.6 Nb22.5 Ti12.9,104.3202,789.284,7.566,0.5187,0.7522,0.1658,0.5118,10.7866
Al9.2 Cr28.0 Mo27.5 Nb22.6 Ti12.7,104.4057,789.5697,7.5625,0.5199,0.7521,0.1649,0.5041,10.6457
Al9.2 Cr28.0 Mo27.5 Nb22.6 Ti12.7,104.4155,789.814,7.5641,0.52,0.7521,0.165,0.505,10.6517
Al9.7 Cr27.3 Mo27.9 Nb23.5 Ti11.7,104.4282,793.4013,7.5976,0.5209,0.7522,0.1655,0.5043,10.4221
Al9.7 Cr27.3 Mo27.9 Nb23.5 Ti11.7,104.4282,793.4013,7.5976,0.5209,0.7522,0.1655,0.5043,10.4221
Al9.0 Cr28.0 Mo27.5 Nb22.6 Ti12.8,104.4741,790.7394,7.5688,0.5219,0.7521,0.1654,0.5131,10.6897
Al8.9 Cr28.1 Mo27.5 Nb22.6 Ti12.8,104.5581,791.8052,7.5729,0.5221,0.7521,0.1659,0.5135,10.7532
Al8.9 Cr28.1 Mo27.5 Nb22.6 Ti12.8,104.5581,791.8052,7.5729,0.5221,0.7521,0.1659,0.5135,10.7532
Al8.9 Cr28.1 Mo27.5 Nb22.7 Ti12.8,104.6206,792.4177,7.5742,0.5221,0.7521,0.166,0.5115,10.7696
Al8.9 Cr28.1 Mo27.5 Nb22.7 Ti12.8,104.6206,792.4177,7.5742,0.5221,0.7521,0.166,0.5115,10.7696
Al8.9 Cr28.1 Mo27.5 Nb22.7 Ti12.8,104.6399,792.5919,7.5745,0.523,0.7521,0.1659,0.5138,10.7615
Al8.9 Cr28.1 Mo27.5 Nb22.7 Ti12.8,104.6648,792.823,7.5749,0.5231,0.7521,0.1658,0.512,10.7375
Al8.9 Cr28.1 Mo27.5 Nb22.7 Ti12.8,104.6807,792.8065,7.5736,0.5234,0.7521,0.1658,0.5123,10.746
Al8.9 Cr28.1 Mo27.5 Nb22.7 Ti12.8,104.6907,792.8325,7.5731,0.5236,0.7521,0.1657,0.5119,10.7382
Al9.1 Cr28.0 Mo27.5 Nb23.1 Ti12.3,104.9778,796.2177,7.5846,0.5248,0.7521,0.1656,0.5012,10.6467
Al9.1 Cr28.0 Mo27.5 Nb23.1 Ti12.3,105.0138,796.7232,7.5868,0.5252,0.7521,0.1658,0.5028,10.6659
Al9.1 Cr28.0 Mo27.5 Nb23.3 Ti12.1,105.2263,799.029,7.5934,0.5278,0.7521,0.1657,0.5012,10.6021
Al9.1 Cr28.0 Mo27.5 Nb23.3 Ti12.1,105.2665,799.5912,7.5959,0.5278,0.7521,0.1659,0.5015,10.6337
Al9.1 Cr28.0 Mo27.4 Nb23.3 Ti12.1,105.2905,799.5554,7.5938,0.5284,0.7521,0.1657,0.5,10.599
Al9.0 Cr28.0 Mo27.4 Nb23.3 Ti12.2,105.335,799.9784,7.5946,0.5302,0.7521,0.1655,0.5042,10.573
Al9.0 Cr28.0 Mo27.4 Nb23.3 Ti12.3,105.3381,799.4862,7.5897,0.5309,0.7521,0.1651,0.5028,10.5331
Al9.4 Cr27.5 Mo27.7 Nb23.9 Ti11.5,105.3838,802.9148,7.619,0.5314,0.7522,0.1659,0.5045,10.9002
Al9.0 Cr27.9 Mo27.5 Nb23.4 Ti12.1,105.4093,801.009,7.599,0.5316,0.7521,0.1656,0.5062,10.5765
Al9.0 Cr27.9 Mo27.5 Nb23.4 Ti12.1,105.4093,801.009,7.599,0.5316,0.7521,0.1656,0.5062,10.5765
Al9.0 Cr28.0 Mo27.4 Nb23.4 Ti12.2,105.4461,801.2134,7.5983,0.5324,0.7521,0.1654,0.5061,10.5697
Al9.4 Cr27.5 Mo27.6 Nb24.0 Ti11.5,105.5001,803.3667,7.6148,0.5337,0.7521,0.165,0.5016,10.8628
Al9.4 Cr27.5 Mo27.6 Nb24.0 Ti11.5,105.5013,803.3182,7.6143,0.5339,0.7521,0.1649,0.5013,10.8554
Al9.4 Cr27.5 Mo27.6 Nb24.0 Ti11.5,105.5029,803.3237,7.6142,0.5339,0.7521,0.1649,0.5012,10.8549
Al9.0 Cr27.9 Mo27.4 Nb23.5 Ti12.2,105.5202,801.7725,7.5983,0.5345,0.7521,0.165,0.5068,10.5716
Al9.0 Cr28.0 Mo27.3 Nb23.5 Ti12.2,105.5307,801.3296,7.5933,0.5352,0.7521,0.1645,0.505,10.5042
Al9.0 Cr28.0 Mo27.3 Nb23.5 Ti12.2,105.5371,801.3458,7.593,0.5353,0.7521,0.1645,0.5047,10.5018
Al9.3 Cr27.5 Mo27.6 Nb24.1 Ti11.5,105.6389,804.9827,7.6201,0.5359,0.7522,0.1652,0.505,10.9456
Al9.0 Cr27.9 Mo27.4 Nb23.7 Ti12.0,105.7221,803.9795,7.6047,0.5371,0.7521,0.1649,0.5067,10.7017
Al8.9 Cr27.9 Mo27.4 Nb23.8 Ti11.9,105.8844,806.2198,7.6142,0.5374,0.7521,0.1659,0.5075,10.8782
Al9.0 Cr28.0 Mo27.3 Nb23.8 Ti11.9,105.9534,806.385,7.6107,0.5386,0.7521,0.1654,0.5047,10.8498
Al9.0 Cr28.0 Mo27.3 Nb23.8 Ti11.9,105.9571,806.4343,7.6109,0.5386,0.7521,0.1654,0.5049,10.8528
Al9.0 Cr28.0 Mo27.3 Nb23.9 Ti12.0,106.0245,806.701,7.6086,0.5406,0.7521,0.1649,0.5043,10.8253
Al8.5 Cr28.5 Mo27.0 Nb23.4 Ti12.6,106.0439,805.4921,7.5958,0.541,0.7521,0.1659,0.5104,10.6509
Al9.0 Cr28.0 Mo27.2 Nb23.9 Ti12.0,106.057,806.7629,7.6069,0.5414,0.7521,0.1646,0.5031,10.8086
Al8.9 Cr28.1 Mo27.3 Nb23.9 Ti11.9,106.2436,809.2838,7.6172,0.5415,0.7521,0.1657,0.504,11.0033
Al8.8 Cr28.1 Mo27.3 Nb23.9 Ti11.9,106.2791,809.8042,7.6196,0.542,0.7521,0.1659,0.5058,11.035
Al8.8 Cr28.1 Mo27.3 Nb23.9 Ti11.9,106.2791,809.8042,7.6196,0.542,0.7521,0.1659,0.5058,11.035
Al8.8 Cr28.1 Mo27.3 Nb23.9 Ti11.9,106.2791,809.8042,7.6196,0.542,0.7521,0.1659,0.5058,11.035
Al8.8 Cr28.1 Mo27.3 Nb23.9 Ti11.9,106.2853,809.8212,7.6193,0.5421,0.7521,0.1659,0.5056,11.0328
Al8.9 Cr27.9 Mo27.3 Nb24.1 Ti11.7,106.2916,810.3359,7.6237,0.5428,0.7521,0.1656,0.5055,11.0994
Al8.9 Cr28.0 Mo27.3 Nb24.0 Ti11.9,106.2938,809.7595,7.6181,0.5428,0.7521,0.1655,0.505,11.0161
Al8.9 Cr27.9 Mo27.3 Nb24.1 Ti11.7,106.324,810.6631,7.6245,0.5433,0.7521,0.1655,0.5056,11.1147
Al8.8 Cr28.0 Mo27.3 Nb24.1 Ti11.8,106.3681,811.1789,7.6261,0.5441,0.7521,0.166,0.5108,11.1177
Al8.9 Cr28.0 Mo27.2 Nb24.1 Ti11.8,106.3744,810.5003,7.6193,0.5447,0.7521,0.1652,0.5058,11.0383
Al8.9 Cr28.0 Mo27.2 Nb24.1 Ti11.8,106.3887,810.6319,7.6195,0.545,0.7521,0.1652,0.506,11.0423
Al8.8 Cr28.0 Mo27.3 Nb24.1 Ti11.8,106.4246,811.328,7.6235,0.5451,0.7521,0.1656,0.5086,11.096
Al9.1 Cr27.7 Mo27.3 Nb24.4 Ti11.5,106.4444,811.6728,7.6253,0.5466,0.7521,0.1645,0.5031,11.152
Al8.9 Cr28.0 Mo27.1 Nb24.1 Ti11.9,106.455,810.2957,7.6116,0.5468,0.752,0.1642,0.5002,10.9608
Al8.8 Cr28.2 Mo27.1 Nb24.1 Ti11.9,106.6143,812.1521,7.6177,0.547,0.752,0.1651,0.5009,11.0834
Al9.3 Cr27.5 Mo27.4 Nb24.9 Ti10.9,106.6598,815.5322,7.6461,0.5479,0.7521,0.1652,0.5001,11.5356
Al9.3 Cr27.5 Mo27.4 Nb24.9 Ti10.9,106.6598,815.5322,7.6461,0.5479,0.7521,0.1652,0.5001,11.5356
Al9.3 Cr27.5 Mo27.5 Nb24.9 Ti10.9,106.6693,815.6722,7.6467,0.548,0.7521,0.1652,0.5006,11.5442
Al9.3 Cr27.5 Mo27.4 Nb24.9 Ti10.9,106.6781,815.6995,7.6464,0.5483,0.7521,0.1651,0.5003,11.5404
Al9.3 Cr27.5 Mo27.4 Nb24.9 Ti10.9,106.7125,815.9926,7.6466,0.5488,0.7521,0.1651,0.5001,11.5508
Al9.3 Cr27.5 Mo27.4 Nb24.9 Ti10.9,106.72,816.0938,7.6471,0.5488,0.7521,0.1651,0.5003,11.557
Al8.6 Cr28.2 Mo27.1 Nb24.2 Ti11.9,106.8059,814.4596,7.6256,0.55,0.7521,0.1657,0.5076,11.1954
Al9.1 Cr27.6 Mo27.4 Nb24.8 Ti11.1,106.8151,816.9058,7.6479,0.5504,0.7521,0.1655,0.5065,11.5468
Al9.1 Cr27.6 Mo27.4 Nb24.8 Ti11.1,106.8152,816.9069,7.6479,0.5504,0.7521,0.1655,0.5065,11.5468
Al9.1 Cr27.6 Mo27.4 Nb24.8 Ti11.1,106.8206,816.9251,7.6476,0.5505,0.7521,0.1655,0.5063,11.5452
Al9.1 Cr27.6 Mo27.4 Nb24.8 Ti11.1,106.8432,817.0089,7.6468,0.5508,0.7521,0.1654,0.5055,11.5393
Al9.1 Cr27.6 Mo27.4 Nb24.9 Ti11.1,106.871,817.4188,7.6486,0.5516,0.7521,0.1653,0.5071,11.5616
Al8.9 Cr27.8 Mo27.2 Nb24.7 Ti11.5,106.9032,816.6179,7.6389,0.5531,0.7521,0.1649,0.5089,11.3972
Al8.7 Cr27.8 Mo27.3 Nb24.6 Ti11.6,106.9106,817.4707,7.6463,0.5539,0.7521,0.1659,0.5202,11.4491
Al9.0 Cr27.6 Mo27.3 Nb24.9 Ti11.2,106.9123,817.4422,7.6459,0.5539,0.7521,0.1647,0.5092,11.5047
Al8.4 Cr28.6 Mo26.6 Nb24.0 Ti12.4,106.9137,812.6607,7.6011,0.5549,0.7519,0.1645,0.5002,10.8853
Al8.7 Cr27.9 Mo27.2 Nb24.7 Ti11.5,107.0895,818.5785,7.6439,0.5553,0.7521,0.1653,0.5123,11.4859
Al8.7 Cr27.9 Mo27.2 Nb24.7 Ti11.5,107.1186,818.9699,7.6455,0.5556,0.7521,0.1655,0.5133,11.5098
Al8.6 Cr28.2 Mo27.0 Nb24.6 Ti11.7,107.39,820.3599,7.6391,0.5577,0.752,0.1656,0.5064,11.5023
Al8.6 Cr28.2 Mo26.9 Nb24.6 Ti11.7,107.4453,820.4698,7.6362,0.5589,0.752,0.1652,0.5039,11.4796
Al8.9 Cr27.8 Mo27.1 Nb25.1 Ti11.1,107.611,823.9668,7.6569,0.56,0.7521,0.1653,0.5027,11.8309
Al8.8 Cr27.9 Mo27.1 Nb25.2 Ti11.1,107.6449,824.2949,7.6575,0.5604,0.7521,0.1653,0.503,11.8444
Al8.8 Cr27.8 Mo27.1 Nb25.2 Ti11.1,107.6737,824.5432,7.6578,0.5614,0.7521,0.1651,0.5034,11.8476
Al8.9 Cr27.8 Mo27.0 Nb25.2 Ti11.1,107.6762,824.3436,7.6558,0.5616,0.752,0.1649,0.5018,11.8248
Al8.5 Cr28.2 Mo26.9 Nb24.9 Ti11.5,107.7736,824.7415,7.6525,0.5627,0.752,0.1658,0.5086,11.7567
Al8.5 Cr28.1 Mo26.9 Nb24.9 Ti11.5,107.7968,824.9556,7.6529,0.5632,0.752,0.1657,0.5089,11.763
Al8.5 Cr28.2 Mo26.9 Nb24.9 Ti11.5,107.8291,825.4048,7.6548,0.5632,0.752,0.1659,0.5091,11.7973
Al8.7 Cr27.9 Mo27.1 Nb25.3 Ti11.1,107.8602,827.0632,7.6679,0.5634,0.7521,0.166,0.5097,12.0003
Al8.7 Cr27.9 Mo27.1 Nb25.3 Ti11.1,107.8602,827.0632,7.6679,0.5634,0.7521,0.166,0.5097,12.0003
Al8.7 Cr27.9 Mo27.1 Nb25.3 Ti11.1,107.8603,827.0635,7.6679,0.5634,0.7521,0.166,0.5097,12.0002
Al8.7 Cr27.9 Mo27.1 Nb25.3 Ti11.1,107.8603,827.0635,7.6679,0.5634,0.7521,0.166,0.5097,12.0002
Al8.7 Cr27.9 Mo27.1 Nb25.3 Ti11.1,107.8603,827.0637,7.6679,0.5634,0.7521,0.166,0.5097,12.0002
Al8.5 Cr28.2 Mo26.9 Nb25.0 Ti11.5,107.8716,825.4988,7.6526,0.5644,0.752,0.1657,0.5083,11.7741
Al8.7 Cr28.0 Mo27.0 Nb25.3 Ti11.1,107.9833,827.3462,7.6618,0.5649,0.752,0.1655,0.504,11.9578
Al8.4 Cr28.4 Mo26.7 Nb24.9 Ti11.6,108.011,826.1256,7.6485,0.5658,0.752,0.1657,0.5037,11.7667
Al8.4 Cr28.4 Mo26.7 Nb24.9 Ti11.6,108.011,826.1256,7.6485,0.5658,0.752,0.1657,0.5037,11.7667
Al8.4 Cr28.4 Mo26.7 Nb24.9 Ti11.6,108.0137,826.1376,7.6485,0.5658,0.752,0.1657,0.5035,11.7671
Al8.7 Cr28.0 Mo26.9 Nb25.3 Ti11.1,108.073,827.8387,7.66,0.5659,0.752,0.1652,0.5006,11.9645
Al8.4 Cr28.4 Mo26.7 Nb25.0 Ti11.5,108.0918,827.1297,7.6521,0.5661,0.752,0.166,0.5034,11.8389
Al8.3 Cr28.1 Mo27.0 Nb25.2 Ti11.4,108.111,828.8443,7.6666,0.5689,0.7521,0.166,0.5178,11.9661
Al8.3 Cr28.3 Mo26.7 Nb25.1 Ti11.5,108.2603,829.0384,7.6578,0.569,0.752,0.166,0.5064,11.9329
Al8.4 Cr28.4 Mo26.6 Nb25.1 Ti11.5,108.3275,829.1759,7.6543,0.5693,0.752,0.1658,0.5007,11.9288
Al8.4 Cr28.4 Mo26.6 Nb25.2 Ti11.4,108.3817,829.6803,7.6552,0.5707,0.752,0.1656,0.5013,11.9441
Al8.3 Cr28.3 Mo26.7 Nb25.2 Ti11.4,108.4099,830.2376,7.6583,0.5713,0.752,0.1657,0.5039,11.9788
Al8.3 Cr28.3 Mo26.7 Nb25.3 Ti11.5,108.4371,830.6732,7.6604,0.573,0.752,0.1655,0.5081,11.9844
Al8.3 Cr28.3 Mo26.7 Nb25.3 Ti11.5,108.4375,830.6705,7.6604,0.5734,0.752,0.1654,0.5087,11.9782
Al8.3 Cr28.2 Mo26.7 Nb25.4 Ti11.4,108.4916,831.2039,7.6615,0.5747,0.752,0.1652,0.5096,11.996
Al8.1 Cr28.4 Mo26.6 Nb25.2 Ti11.7,108.505,830.9986,7.6586,0.5749,0.752,0.1658,0.5125,11.9443
Al8.3 Cr28.1 Mo26.8 Nb25.5 Ti11.4,108.5157,832.6886,7.6734,0.5757,0.752,0.1656,0.5193,12.1213
Al8.3 Cr28.3 Mo26.6 Nb25.4 Ti11.5,108.5411,831.2775,7.6586,0.5759,0.752,0.1649,0.5072,11.975
Al8.4 Cr28.1 Mo26.8 Nb25.6 Ti11.1,108.7029,834.3178,7.6752,0.5761,0.752,0.1656,0.5101,12.2391
Al8.5 Cr27.7 Mo27.0 Nb26.1 Ti10.7,108.8286,837.4713,7.6953,0.579,0.7521,0.1656,0.5165,12.5233
Al8.5 Cr28.1 Mo26.7 Nb26.1 Ti10.7,109.178,839.5076,7.6893,0.5799,0.752,0.1658,0.5011,12.5905
Al8.2 Cr28.2 Mo26.6 Nb26.0 Ti11.0,109.3324,840.5118,7.6877,0.5847,0.752,0.1657,0.5089,12.5393
Al8.3 Cr28.3 Mo26.4 Nb26.0 Ti11.0,109.3356,839.5936,7.6791,0.5847,0.7519,0.1653,0.5016,12.4555
Al8.2 Cr28.3 Mo26.5 Nb26.0 Ti11.0,109.4519,841.4812,7.6881,0.5862,0.752,0.1659,0.5091,12.568
Al8.2 Cr28.3 Mo26.5 Nb26.0 Ti11.0,109.454,841.4843,7.688,0.5863,0.752,0.1659,0.509,12.5671
Al8.3 Cr28.2 Mo26.4 Nb26.1 Ti11.0,109.4788,840.9311,7.6812,0.5882,0.7519,0.1649,0.5033,12.4957
Al8.3 Cr28.2 Mo26.4 Nb26.1 Ti11.0,109.4788,840.9311,7.6812,0.5882,0.7519,0.1649,0.5033,12.4957
Al8.2 Cr28.2 Mo26.4 Nb26.2 Ti11.0,109.5317,841.726,7.6848,0.5899,0.7519,0.1648,0.5075,12.5284
Al8.2 Cr28.2 Mo26.4 Nb26.2 Ti11.0,109.5402,841.7298,7.6842,0.5902,0.7519,0.1647,0.5071,12.5232
Al8.2 Cr28.2 Mo26.3 Nb26.2 Ti11.0,109.5863,841.7672,7.6813,0.5914,0.7519,0.1644,0.5045,12.5024
Al8.2 Cr28.1 Mo26.5 Nb26.3 Ti10.9,109.6237,843.2247,7.692,0.5918,0.752,0.1648,0.5123,12.6196
Al8.2 Cr28.1 Mo26.5 Nb26.3 Ti10.9,109.6238,843.2249,7.692,0.5918,0.752,0.1648,0.5123,12.6196
Al8.2 Cr28.1 Mo26.4 Nb26.3 Ti10.9,109.6249,842.658,7.6867,0.5918,0.7519,0.1646,0.508,12.5678
Al8.2 Cr28.1 Mo26.4 Nb26.4 Ti10.9,109.6804,843.7313,7.6926,0.5922,0.752,0.1649,0.511,12.6485
Al8.2 Cr28.1 Mo26.4 Nb26.4 Ti10.8,109.8068,844.7306,7.6929,0.593,0.7519,0.165,0.5062,12.7057
Al8.2 Cr28.2 Mo26.4 Nb26.5 Ti10.8,109.8651,845.5032,7.6958,0.5936,0.7519,0.1652,0.5081,12.7504
Al7.8 Cr28.7 Mo25.9 Nb26.2 Ti11.4,109.9186,843.6502,7.6752,0.5985,0.7518,0.1652,0.5048,12.4873
Al7.8 Cr28.3 Mo26.3 Nb26.4 Ti11.2,110.0391,847.1794,7.6989,0.5986,0.752,0.1659,0.5216,12.7469
Al7.8 Cr28.4 Mo26.2 Nb26.4 Ti11.2,110.0921,847.2151,7.6955,0.6,0.7519,0.1656,0.5186,12.723
Al7.8 Cr28.4 Mo26.2 Nb26.4 Ti11.2,110.1505,847.9921,7.6985,0.6004,0.7519,0.1659,0.5199,12.7715
Al7.9 Cr28.7 Mo25.9 Nb26.4 Ti11.2,110.2238,846.9748,7.6841,0.6007,0.7518,0.1657,0.5001,12.7084
Al8.0 Cr28.4 Mo26.2 Nb26.8 Ti10.6,110.5337,851.9187,7.7073,0.6015,0.7519,0.1659,0.5028,13.0797
Al8.0 Cr28.4 Mo26.2 Nb26.8 Ti10.6,110.5337,851.9187,7.7073,0.6015,0.7519,0.1659,0.5028,13.0797
Al7.8 Cr28.2 Mo26.2 Nb26.9 Ti10.9,110.5776,852.492,7.7094,0.6086,0.7519,0.1649,0.5212,12.9867
Al7.8 Cr28.2 Mo26.2 Nb26.9 Ti10.9,110.5776,852.492,7.7094,0.6086,0.7519,0.1649,0.5212,12.9867
Al7.8 Cr28.1 Mo26.2 Nb27.0 Ti10.9,110.6011,852.8482,7.711,0.6095,0.7519,0.1649,0.5235,12.998
Al7.8 Cr28.1 Mo26.2 Nb27.0 Ti10.9,110.6011,852.8482,7.711,0.6095,0.7519,0.1649,0.5235,12.998
Al7.8 Cr28.3 Mo26.0 Nb26.9 Ti11.1,110.6169,851.949,7.7018,0.6102,0.7519,0.1647,0.5162,12.9139
Al7.8 Cr28.3 Mo26.0 Nb26.9 Ti11.1,110.6169,851.949,7.7018,0.6102,0.7519,0.1647,0.5162,12.9139
Al7.8 Cr28.3 Mo26.0 Nb26.9 Ti11.1,110.6302,852.1125,7.7024,0.6103,0.7519,0.1648,0.5166,12.9227
Al8.2 Cr28.1 Mo25.9 Nb27.2 Ti10.5,110.7611,853.2735,7.7037,0.6107,0.7518,0.1638,0.5022,13.0447
Al7.6 Cr28.2 Mo26.2 Nb27.0 Ti11.0,110.8374,855.9318,7.7224,0.6119,0.752,0.1659,0.5304,13.1754
Al7.6 Cr28.6 Mo25.9 Nb26.9 Ti11.0,110.8938,854.613,7.7066,0.612,0.7518,0.1659,0.5119,13.0783
Al8.0 Cr28.1 Mo26.0 Nb27.3 Ti10.6,110.9096,855.3984,7.7126,0.6129,0.7519,0.1642,0.5101,13.1537
Al7.7 Cr28.5 Mo25.8 Nb27.0 Ti11.0,110.9178,854.7304,7.706,0.6131,0.7518,0.1656,0.5117,13.0713
Al7.7 Cr28.6 Mo25.8 Nb27.0 Ti11.0,110.9371,854.7462,7.7048,0.6132,0.7518,0.1657,0.5095,13.074
Al7.6 Cr28.6 Mo25.8 Nb27.0 Ti11.0,110.9591,855.0791,7.7063,0.6136,0.7518,0.1657,0.5109,13.0903
Al7.6 Cr28.6 Mo25.8 Nb27.0 Ti11.0,110.9676,855.1905,7.7067,0.6136,0.7518,0.1658,0.5112,13.0965
Al7.6 Cr28.5 Mo25.8 Nb27.0 Ti11.0,110.9831,855.3562,7.7071,0.6143,0.7518,0.1656,0.512,13.098
Al7.6 Cr28.6 Mo25.7 Nb27.1 Ti11.0,111.1168,856.2585,7.7059,0.6172,0.7518,0.1657,0.5097,13.1248
Al7.7 Cr28.4 Mo25.7 Nb27.3 Ti10.9,111.1442,856.6682,7.7077,0.6199,0.7518,0.1646,0.5135,13.114
Al7.7 Cr28.4 Mo25.6 Nb27.4 Ti10.9,111.1747,856.6402,7.7054,0.6215,0.7518,0.1641,0.5112,13.0957
Al7.6 Cr28.6 Mo25.6 Nb27.3 Ti11.0,111.3079,858.0969,7.7092,0.622,0.7518,0.1653,0.5119,13.1886
Al7.5 Cr28.6 Mo25.6 Nb27.3 Ti11.0,111.3229,858.2756,7.7098,0.6221,0.7518,0.1653,0.5122,13.1987
Al7.6 Cr28.5 Mo25.6 Nb27.4 Ti11.0,111.3229,858.343,7.7104,0.6233,0.7518,0.1649,0.5152,13.1806
Al7.3 Cr28.6 Mo25.6 Nb27.2 Ti11.2,111.3241,858.6001,7.7126,0.6242,0.7518,0.1656,0.5244,13.1627
Al7.5 Cr28.6 Mo25.5 Nb27.3 Ti11.0,111.3712,858.2205,7.7059,0.6243,0.7518,0.1651,0.5088,13.1761
Al7.6 Cr28.6 Mo25.5 Nb27.4 Ti11.0,111.3779,858.3104,7.7063,0.6249,0.7518,0.1648,0.5094,13.1733
Al7.5 Cr28.6 Mo25.5 Nb27.4 Ti11.0,111.4096,858.7186,7.7078,0.6252,0.7518,0.165,0.5104,13.1957
Al7.3 Cr28.9 Mo25.2 Nb27.3 Ti11.4,111.434,858.1838,7.7013,0.6291,0.7517,0.1659,0.5131,13.1132
Al7.3 Cr28.8 Mo25.2 Nb27.3 Ti11.4,111.4441,858.2445,7.7011,0.6298,0.7517,0.1656,0.5133,13.1084
Al7.2 Cr28.8 Mo25.2 Nb27.3 Ti11.4,111.4828,858.738,7.7029,0.6302,0.7517,0.1658,0.5144,13.1351
Al7.2 Cr28.8 Mo25.2 Nb27.3 Ti11.4,111.4828,858.738,7.7029,0.6302,0.7517,0.1658,0.5144,13.1351
Al7.2 Cr28.8 Mo25.2 Nb27.3 Ti11.4,111.4859,858.6955,7.7023,0.6305,0.7517,0.1657,0.5139,13.131
Al7.3 Cr28.9 Mo25.2 Nb27.3 Ti11.4,111.4873,858.6215,7.7015,0.6308,0.7517,0.1657,0.5132,13.1254
Al7.3 Cr28.2 Mo25.6 Nb27.6 Ti11.3,111.4912,860.1187,7.7147,0.6332,0.7518,0.1637,0.5343,13.1333
Al7.3 Cr28.2 Mo25.6 Nb27.6 Ti11.3,111.4996,860.2181,7.715,0.6336,0.7518,0.1636,0.5351,13.1327
Al7.3 Cr28.2 Mo25.6 Nb27.6 Ti11.3,111.5001,860.2222,7.715,0.6338,0.7518,0.1636,0.5353,13.1309
Al7.3 Cr28.2 Mo25.6 Nb27.6 Ti11.3,111.5011,860.2176,7.7149,0.6338,0.7518,0.1636,0.5352,13.1302
Al8.0 Cr27.7 Mo25.5 Nb28.2 Ti10.5,111.5675,860.3389,7.7114,0.6351,0.7518,0.1609,0.515,13.1835
Al7.6 Cr27.8 Mo25.5 Nb28.0 Ti10.9,111.6074,861.1599,7.716,0.6378,0.7518,0.1617,0.5319,13.1598
Al7.6 Cr27.9 Mo25.4 Nb28.1 Ti11.0,111.6525,861.1081,7.7124,0.6393,0.7518,0.1617,0.528,13.1445
Al7.3 Cr28.1 Mo25.5 Nb27.9 Ti11.2,111.7087,862.2013,7.7183,0.6394,0.7518,0.163,0.5382,13.1917
Al7.3 Cr28.1 Mo25.5 Nb27.9 Ti11.2,111.7087,862.2013,7.7183,0.6394,0.7518,0.163,0.5382,13.1917
Al7.3 Cr28.0 Mo25.5 Nb27.9 Ti11.2,111.7177,862.4901,7.7203,0.6404,0.7518,0.1628,0.5422,13.1911
Al7.3 Cr28.2 Mo25.3 Nb27.9 Ti11.2,111.774,862.0706,7.7126,0.642,0.7518,0.1628,0.5318,13.1674
Al7.3 Cr28.2 Mo25.3 Nb28.0 Ti11.2,111.7832,862.1786,7.713,0.6423,0.7518,0.1628,0.5323,13.1704
Al7.3 Cr28.2 Mo25.3 Nb28.0 Ti11.2,111.8069,862.3859,7.7132,0.6425,0.7518,0.1629,0.5315,13.1853
Al7.3 Cr28.2 Mo25.3 Nb28.0 Ti11.2,111.8069,862.3859,7.7132,0.6425,0.7518,0.1629,0.5315,13.1853
Al7.3 Cr28.3 Mo25.2 Nb28.0 Ti11.2,111.8434,862.4562,7.7113,0.6436,0.7517,0.1629,0.5283,13.1884
Al7.3 Cr28.3 Mo25.1 Nb28.0 Ti11.2,111.8562,862.0755,7.707,0.6455,0.7517,0.1627,0.5247,13.1569
Al6.5 Cr28.5 Mo25.4 Nb27.6 Ti12.1,111.8601,863.9749,7.7237,0.6471,0.7519,0.1653,0.5663,13.1523
Al6.5 Cr28.5 Mo25.4 Nb27.6 Ti12.1,111.8636,864.0102,7.7238,0.6472,0.7519,0.1653,0.5663,13.1537
Al7.4 Cr28.0 Mo25.2 Nb28.3 Ti11.1,111.9118,863.2702,7.7138,0.6473,0.7517,0.1615,0.5329,13.1848
Al7.5 Cr27.7 Mo25.4 Nb28.4 Ti11.1,111.9121,863.9853,7.7202,0.6486,0.7518,0.1608,0.5432,13.1925
Al6.5 Cr28.4 Mo25.4 Nb27.7 Ti12.1,111.9416,864.7561,7.7251,0.6493,0.7519,0.1651,0.5673,13.1777
Al6.5 Cr28.4 Mo25.4 Nb27.7 Ti12.1,111.9416,864.7561,7.7251,0.6493,0.7519,0.1651,0.5673,13.1777
Al6.5 Cr28.6 Mo25.2 Nb27.6 Ti12.1,111.9782,864.4053,7.7194,0.6507,0.7518,0.1655,0.5604,13.163
Al6.5 Cr28.6 Mo25.2 Nb27.7 Ti12.1,112.0172,864.8588,7.7208,0.6516,0.7518,0.1654,0.5614,13.1812
Al7.5 Cr27.7 Mo25.1 Nb28.6 Ti11.1,112.0275,864.0884,7.7132,0.6542,0.7517,0.16,0.5368,13.1513
Al7.5 Cr27.7 Mo25.1 Nb28.6 Ti11.1,112.0287,864.0804,7.713,0.6543,0.7517,0.16,0.5369,13.1484
Al7.6 Cr27.5 Mo25.2 Nb28.7 Ti11.0,112.0407,864.6305,7.7171,0.6544,0.7517,0.1597,0.541,13.1739
Al6.2 Cr28.4 Mo25.3 Nb27.7 Ti12.4,112.0426,865.8946,7.7283,0.6547,0.7519,0.1654,0.5806,13.1628
Al8.5 Cr27.0 Mo25.0 Nb29.4 Ti10.0,112.045,863.3844,7.7057,0.6547,0.7516,0.1567,0.5057,13.1962
Al8.5 Cr27.0 Mo25.0 Nb29.4 Ti10.0,112.045,863.3844,7.7057,0.6547,0.7516,0.1567,0.5057,13.1962
Al7.6 Cr27.6 Mo25.2 Nb28.7 Ti11.0,112.0668,864.8387,7.7172,0.6548,0.7517,0.1598,0.5403,13.1856
Al6.2 Cr28.4 Mo25.3 Nb27.7 Ti12.4,112.069,866.1481,7.7287,0.6554,0.7519,0.1654,0.5809,13.1711
Al6.6 Cr28.2 Mo25.3 Nb28.0 Ti12.0,112.0796,865.8811,7.7256,0.6563,0.7518,0.1635,0.5721,13.1587
Al6.3 Cr28.5 Mo25.1 Nb27.8 Ti12.3,112.1177,865.7222,7.7216,0.6572,0.7518,0.1652,0.5694,13.1594
Al6.3 Cr28.5 Mo25.1 Nb27.8 Ti12.3,112.1227,865.7378,7.7213,0.6574,0.7518,0.1652,0.569,13.1606
Al6.3 Cr28.5 Mo25.1 Nb27.8 Ti12.3,112.1384,865.9922,7.7225,0.6575,0.7518,0.1653,0.5703,13.1723
Al7.6 Cr27.9 Mo24.8 Nb28.7 Ti11.0,112.1427,864.0989,7.7054,0.6579,0.7516,0.1602,0.5226,13.1734
Al7.6 Cr27.8 Mo24.8 Nb28.8 Ti11.0,112.1549,864.3618,7.7069,0.6588,0.7516,0.1598,0.5267,13.1626
Al6.2 Cr28.4 Mo25.2 Nb27.9 Ti12.3,112.2146,867.2751,7.7287,0.6601,0.7518,0.1649,0.5807,13.1979
Al6.7 Cr28.4 Mo24.8 Nb28.2 Ti11.9,112.2251,865.7569,7.7145,0.6616,0.7517,0.1633,0.5533,13.1659
Al6.2 Cr28.4 Mo25.1 Nb27.9 Ti12.4,112.2304,866.9601,7.7248,0.6617,0.7518,0.1649,0.5772,13.1724
Al6.2 Cr28.4 Mo25.1 Nb27.9 Ti12.4,112.2304,866.9601,7.7248,0.6617,0.7518,0.1649,0.5772,13.1724
Al6.2 Cr28.5 Mo25.1 Nb27.9 Ti12.4,112.2574,867.3112,7.7261,0.662,0.7518,0.165,0.578,13.1917
Al6.2 Cr28.5 Mo25.1 Nb27.9 Ti12.4,112.2575,867.3045,7.726,0.6621,0.7518,0.165,0.578,13.1909
Al7.5 Cr27.8 Mo24.8 Nb28.9 Ti11.0,112.2613,865.3505,7.7084,0.6621,0.7516,0.1596,0.5281,13.1931
Al7.5 Cr27.8 Mo24.8 Nb28.9 Ti11.0,112.2694,865.4303,7.7085,0.6623,0.7516,0.1596,0.5282,13.1956
Al7.5 Cr27.8 Mo24.8 Nb28.9 Ti11.0,112.2734,865.4679,7.7086,0.6624,0.7516,0.1596,0.5283,13.1971
Al7.5 Cr27.8 Mo24.8 Nb28.9 Ti11.0,112.2734,865.4679,7.7086,0.6624,0.7516,0.1596,0.5283,13.1971
Al6.7 Cr28.3 Mo24.8 Nb28.3 Ti11.9,112.3078,866.6167,7.7164,0.6637,0.7517,0.1631,0.5549,13.197
Al6.7 Cr28.3 Mo24.8 Nb28.3 Ti11.9,112.3078,866.6167,7.7164,0.6637,0.7517,0.1631,0.5549,13.197
Al6.1 Cr28.4 Mo25.0 Nb28.0 Ti12.5,112.3314,868.0534,7.7276,0.6664,0.7518,0.1646,0.5855,13.1736
Al6.1 Cr28.4 Mo25.0 Nb28.0 Ti12.5,112.3494,868.1763,7.7275,0.6668,0.7518,0.1646,0.5849,13.1803
Al6.1 Cr28.3 Mo25.0 Nb28.1 Ti12.5,112.3561,868.3095,7.7282,0.6671,0.7518,0.1645,0.586,13.1827
Al6.1 Cr28.3 Mo25.0 Nb28.1 Ti12.5,112.3561,868.3095,7.7282,0.6671,0.7518,0.1645,0.586,13.1827
Al6.1 Cr28.3 Mo25.0 Nb28.1 Ti12.5,112.3561,868.3095,7.7282,0.6671,0.7518,0.1645,0.586,13.1827
Al6.1 Cr28.3 Mo25.0 Nb28.1 Ti12.5,112.3561,868.3095,7.7282,0.6671,0.7518,0.1645,0.586,13.1827
Al7.5 Cr27.9 Mo24.5 Nb29.1 Ti11.0,112.366,865.6342,7.7037,0.6681,0.7516,0.1594,0.5233,13.193
Al7.5 Cr27.9 Mo24.5 Nb29.1 Ti11.0,112.366,865.6342,7.7037,0.6681,0.7516,0.1594,0.5233,13.193
Al6.2 Cr28.3 Mo24.9 Nb28.2 Ti12.4,112.4035,868.3381,7.7252,0.6692,0.7518,0.1639,0.5808,13.179
Al6.2 Cr28.1 Mo25.0 Nb28.3 Ti12.3,112.4133,868.8923,7.7294,0.6701,0.7518,0.1631,0.5881,13.1741
Al6.3 Cr28.3 Mo24.8 Nb28.3 Ti12.3,112.4416,868.3833,7.723,0.6702,0.7518,0.1638,0.5751,13.1938
Al6.3 Cr28.4 Mo24.7 Nb28.3 Ti12.3,112.4421,868.0115,7.7196,0.6719,0.7517,0.1637,0.5723,13.1702
Al6.3 Cr28.4 Mo24.7 Nb28.3 Ti12.3,112.4558,868.1447,7.7199,0.6722,0.7517,0.1637,0.5725,13.1748
Al7.5 Cr27.0 Mo25.0 Nb29.4 Ti11.1,112.4625,868.5294,7.7228,0.6729,0.7517,0.1574,0.5604,13.1755
Al5.9 Cr28.2 Mo25.0 Nb28.2 Ti12.6,112.4928,869.6951,7.7311,0.674,0.7518,0.1641,0.597,13.1734
Al7.5 Cr26.8 Mo25.1 Nb29.5 Ti11.1,112.5055,869.6358,7.7297,0.6755,0.7518,0.1569,0.5715,13.1962
Al7.5 Cr26.8 Mo25.1 Nb29.6 Ti11.1,112.5145,869.646,7.7292,0.676,0.7518,0.1568,0.5711,13.1919
Al7.5 Cr26.8 Mo25.1 Nb29.6 Ti11.1,112.5214,869.7342,7.7295,0.6761,0.7518,0.1568,0.5713,13.1968
Al7.5 Cr26.8 Mo25.1 Nb29.6 Ti11.1,112.5214,869.7342,7.7295,0.6761,0.7518,0.1568,0.5713,13.1968
Al6.4 Cr28.1 Mo24.7 Nb28.6 Ti12.2,112.5546,869.0687,7.7213,0.6767,0.7517,0.1621,0.5755,13.1684
Al5.9 Cr28.2 Mo24.9 Nb28.4 Ti12.6,112.5552,870.1276,7.7307,0.677,0.7518,0.1636,0.5979,13.1683
Al6.4 Cr28.1 Mo24.7 Nb28.7 Ti12.2,112.5706,869.2246,7.7216,0.6772,0.7517,0.1621,0.5758,13.1738
Al5.7 Cr28.4 Mo24.9 Nb28.2 Ti12.8,112.6018,870.6787,7.7324,0.678,0.7518,0.1649,0.6016,13.1996
Al5.7 Cr28.4 Mo24.8 Nb28.2 Ti12.8,112.6019,870.6686,7.7323,0.6781,0.7518,0.1649,0.6015,13.1989
Al5.7 Cr28.4 Mo24.8 Nb28.2 Ti12.8,112.6019,870.6686,7.7323,0.6781,0.7518,0.1649,0.6015,13.1989
Al5.7 Cr28.4 Mo24.8 Nb28.2 Ti12.8,112.6019,870.6686,7.7323,0.6781,0.7518,0.1649,0.6015,13.1989
Al5.9 Cr28.1 Mo24.9 Nb28.4 Ti12.6,112.6045,870.6678,7.7321,0.6781,0.7518,0.1635,0.5987,13.1917
Al5.9 Cr28.1 Mo24.9 Nb28.4 Ti12.6,112.6046,870.6058,7.7315,0.6784,0.7518,0.1635,0.5986,13.1847
Al5.9 Cr28.1 Mo24.9 Nb28.4 Ti12.6,112.6046,870.6058,7.7315,0.6784,0.7518,0.1635,0.5986,13.1847
Al5.9 Cr28.1 Mo24.9 Nb28.4 Ti12.6,112.6046,870.6058,7.7315,0.6784,0.7518,0.1635,0.5986,13.1847
Al7.5 Cr26.6 Mo25.1 Nb29.8 Ti11.1,112.6083,870.375,7.7292,0.6807,0.7517,0.1561,0.5739,13.1811
Al6.0 Cr28.2 Mo24.7 Nb28.5 Ti12.6,112.6113,870.0512,7.7261,0.6809,0.7518,0.1634,0.5937,13.1492
Al7.5 Cr26.8 Mo24.9 Nb29.8 Ti11.1,112.6423,870.0241,7.7238,0.6811,0.7517,0.1562,0.5651,13.1745
Al7.5 Cr26.8 Mo24.9 Nb29.8 Ti11.1,112.6423,870.0241,7.7238,0.6811,0.7517,0.1562,0.5651,13.1745
Al7.5 Cr27.1 Mo24.6 Nb29.7 Ti11.1,112.6522,868.9903,7.7139,0.6829,0.7516,0.1565,0.5531,13.1357
Al5.9 Cr27.9 Mo24.9 Nb28.6 Ti12.6,112.7148,871.801,7.7346,0.6833,0.7518,0.1625,0.6053,13.189
Al5.9 Cr27.9 Mo24.9 Nb28.7 Ti12.6,112.7313,872.0187,7.7354,0.6836,0.7518,0.1625,0.6059,13.1992
Al5.9 Cr27.9 Mo24.9 Nb28.7 Ti12.6,112.7326,871.9713,7.7349,0.6838,0.7518,0.1625,0.6055,13.1954
Al5.9 Cr27.9 Mo24.9 Nb28.7 Ti12.6,112.7326,871.9713,7.7349,0.6838,0.7518,0.1625,0.6055,13.1954
Al7.1 Cr27.5 Mo24.4 Nb29.5 Ti11.5,112.7458,869.8038,7.7147,0.6854,0.7516,0.1582,0.5572,13.1788
Al7.4 Cr26.8 Mo24.7 Nb29.9 Ti11.2,112.7863,871.0106,7.7227,0.6873,0.7517,0.1561,0.5689,13.1674
Al7.5 Cr26.3 Mo25.0 Nb30.1 Ti11.1,112.8101,872.2779,7.7323,0.6896,0.7517,0.1551,0.5828,13.188
Al7.5 Cr26.4 Mo24.9 Nb30.2 Ti11.1,112.8266,872.1582,7.7301,0.6906,0.7517,0.155,0.581,13.1715
Al7.1 Cr27.3 Mo24.3 Nb29.7 Ti11.5,112.8312,870.4308,7.7145,0.6907,0.7516,0.1577,0.5612,13.1612
Al7.1 Cr27.3 Mo24.4 Nb29.7 Ti11.5,112.8402,870.5442,7.7148,0.6908,0.7516,0.1577,0.5615,13.1671
Al7.1 Cr26.9 Mo24.6 Nb29.9 Ti11.5,112.8998,872.0479,7.7241,0.6928,0.7517,0.1565,0.5788,13.1575
Al6.0 Cr27.5 Mo24.8 Nb29.2 Ti12.6,112.9775,874.4052,7.7396,0.6952,0.7518,0.1604,0.6177,13.1952
Al6.0 Cr27.4 Mo24.7 Nb29.3 Ti12.6,112.9951,874.3648,7.7381,0.6972,0.7518,0.1601,0.6181,13.172
Al6.0 Cr27.4 Mo24.7 Nb29.3 Ti12.6,112.9961,874.374,7.7381,0.6972,0.7518,0.1601,0.6181,13.1723
Al7.1 Cr27.1 Mo24.3 Nb30.1 Ti11.5,113.0336,872.3734,7.7178,0.6983,0.7516,0.1568,0.567,13.1979
Al7.1 Cr27.0 Mo24.3 Nb30.1 Ti11.5,113.0434,872.6108,7.7193,0.6992,0.7516,0.1565,0.5712,13.1821
Al6.6 Cr26.9 Mo24.7 Nb29.8 Ti12.0,113.0458,874.3489,7.7345,0.6996,0.7517,0.1573,0.606,13.162
Al6.6 Cr26.9 Mo24.7 Nb29.8 Ti12.0,113.0458,874.3489,7.7345,0.6996,0.7517,0.1573,0.606,13.162
Al6.6 Cr26.9 Mo24.7 Nb29.9 Ti12.0,113.0694,874.6106,7.7352,0.7006,0.7517,0.1571,0.6075,13.1637
Al6.6 Cr26.9 Mo24.7 Nb29.9 Ti12.0,113.0739,874.6519,7.7352,0.7008,0.7517,0.1571,0.6076,13.1647
Al6.6 Cr26.8 Mo24.7 Nb29.9 Ti12.0,113.1156,875.0514,7.7359,0.7023,0.7517,0.1569,0.6086,13.1722
Al6.6 Cr26.8 Mo24.7 Nb30.0 Ti12.0,113.1585,875.4981,7.7369,0.7029,0.7517,0.157,0.6084,13.1985
Al7.3 Cr26.0 Mo24.8 Nb30.7 Ti11.3,113.1774,875.688,7.7373,0.7056,0.7517,0.154,0.601,13.1935
Al7.3 Cr25.9 Mo24.8 Nb30.7 Ti11.3,113.2049,875.9423,7.7377,0.707,0.7517,0.1538,0.6024,13.1911
Al7.3 Cr25.9 Mo24.8 Nb30.8 Ti11.3,113.2156,876.0792,7.7382,0.7071,0.7517,0.1539,0.6027,13.1985
Al7.3 Cr25.9 Mo24.8 Nb30.8 Ti11.3,113.2156,876.0792,7.7382,0.7071,0.7517,0.1539,0.6027,13.1985
Al6.0 Cr27.2 Mo24.4 Nb29.8 Ti12.6,113.2214,875.5359,7.733,0.7104,0.7517,0.1587,0.6184,13.1341
Al6.0 Cr27.2 Mo24.4 Nb29.8 Ti12.5,113.2914,876.3906,7.7357,0.7104,0.7517,0.1589,0.6177,13.1926
Al7.3 Cr26.1 Mo24.5 Nb30.9 Ti11.3,113.3367,876.2972,7.7318,0.7116,0.7517,0.1538,0.5945,13.1951
Al7.3 Cr26.1 Mo24.5 Nb30.9 Ti11.3,113.3367,876.2972,7.7318,0.7116,0.7517,0.1538,0.5945,13.1951
Al6.2 Cr26.7 Mo24.6 Nb30.2 Ti12.3,113.3888,877.8987,7.7424,0.7142,0.7518,0.157,0.6278,13.1948
Al6.2 Cr26.7 Mo24.5 Nb30.2 Ti12.3,113.3908,877.9035,7.7423,0.7143,0.7518,0.1571,0.6277,13.1947
Al5.9 Cr26.8 Mo24.6 Nb30.1 Ti12.6,113.4008,878.56,7.7474,0.7157,0.7518,0.1576,0.6405,13.1888
Al7.0 Cr25.7 Mo24.7 Nb31.0 Ti11.6,113.4282,878.5425,7.7454,0.7178,0.7518,0.1535,0.6238,13.1949
Al7.3 Cr25.9 Mo24.4 Nb31.1 Ti11.3,113.481,877.6265,7.7337,0.7182,0.7517,0.1532,0.6006,13.1994
Al7.3 Cr25.9 Mo24.3 Nb31.1 Ti11.3,113.4861,877.5314,7.7325,0.7185,0.7516,0.1533,0.5989,13.1977
Al7.3 Cr26.0 Mo24.2 Nb31.2 Ti11.3,113.4881,877.1352,7.7289,0.7203,0.7516,0.1531,0.596,13.1705
Al5.7 Cr26.7 Mo24.6 Nb30.1 Ti12.8,113.5137,879.868,7.7512,0.7214,0.7518,0.1577,0.6518,13.1911
Al5.7 Cr26.7 Mo24.6 Nb30.2 Ti12.8,113.5305,880.0161,7.7514,0.7221,0.7518,0.1577,0.6522,13.1935
Al5.7 Cr26.8 Mo24.4 Nb30.2 Ti12.8,113.5573,879.7773,7.7474,0.7238,0.7518,0.1578,0.6477,13.1822
Al5.7 Cr26.8 Mo24.4 Nb30.2 Ti12.8,113.5605,879.8135,7.7475,0.7239,0.7518,0.1578,0.6478,13.1839
Al5.7 Cr26.8 Mo24.4 Nb30.2 Ti12.8,113.5891,880.0936,7.748,0.7247,0.7518,0.1578,0.6481,13.1939
Al5.7 Cr26.8 Mo24.4 Nb30.3 Ti12.8,113.6057,880.2557,7.7483,0.7252,0.7518,0.1578,0.6483,13.1997
Al5.7 Cr26.8 Mo24.4 Nb30.3 Ti12.8,113.6057,880.2557,7.7483,0.7252,0.7518,0.1578,0.6483,13.1997
Al5.9 Cr26.8 Mo24.2 Nb30.5 Ti12.6,113.6308,879.6102,7.7409,0.7267,0.7517,0.1573,0.6341,13.1991
Al5.9 Cr26.8 Mo24.2 Nb30.5 Ti12.6,113.6308,879.6102,7.7409,0.7267,0.7517,0.1573,0.6341,13.1991
Al5.9 Cr26.8 Mo24.2 Nb30.5 Ti12.6,113.6308,879.6102,7.7409,0.7267,0.7517,0.1573,0.6341,13.1991
Al7.2 Cr25.5 Mo24.4 Nb31.6 Ti11.4,113.7043,880.2061,7.7412,0.7296,0.7517,0.1523,0.6201,13.1944
Al7.1 Cr25.5 Mo24.3 Nb31.7 Ti11.5,113.7676,880.5582,7.74,0.7334,0.7517,0.1522,0.6224,13.1764
Al7.1 Cr25.5 Mo24.3 Nb31.7 Ti11.5,113.7812,880.6905,7.7402,0.7338,0.7517,0.1522,0.6226,13.1811
Al7.1 Cr25.5 Mo24.3 Nb31.7 Ti11.5,113.7838,880.7166,7.7403,0.7338,0.7517,0.1522,0.6226,13.182
Al7.1 Cr25.5 Mo24.3 Nb31.7 Ti11.5,113.7838,880.7166,7.7403,0.7338,0.7517,0.1522,0.6226,13.182
Al7.1 Cr25.4 Mo24.3 Nb31.7 Ti11.5,113.792,880.7023,7.7396,0.7345,0.7517,0.1521,0.622,13.1771
Al7.1 Cr25.4 Mo24.3 Nb31.7 Ti11.5,113.8231,881.0976,7.7409,0.7348,0.7517,0.1522,0.6229,13.198
Al6.0 Cr25.9 Mo24.1 Nb31.3 Ti12.6,113.901,882.1757,7.7451,0.7451,0.7517,0.1543,0.6567,13.0975
Al6.0 Cr25.9 Mo24.1 Nb31.3 Ti12.6,113.901,882.1757,7.7451,0.7451,0.7517,0.1543,0.6567,13.0975
Al6.0 Cr25.9 Mo24.1 Nb31.3 Ti12.6,113.901,882.1757,7.7451,0.7451,0.7517,0.1543,0.6567,13.0975
Al6.0 Cr25.9 Mo24.1 Nb31.3 Ti12.6,113.925,882.5145,7.7465,0.7459,0.7517,0.1543,0.6589,13.1037
Al6.0 Cr25.9 Mo24.1 Nb31.4 Ti12.6,113.9986,883.1211,7.7468,0.7487,0.7517,0.1542,0.6592,13.12
Al6.0 Cr25.8 Mo24.1 Nb31.4 Ti12.6,114.0418,883.7924,7.7497,0.7488,0.7517,0.1543,0.6615,13.154
Al6.0 Cr25.9 Mo24.1 Nb31.4 Ti12.6,114.0442,883.7227,7.749,0.7488,0.7517,0.1544,0.66,13.1571
Al6.0 Cr25.5 Mo24.1 Nb31.8 Ti12.6,114.1495,884.9306,7.7524,0.7548,0.7517,0.1534,0.6688,13.1408
Al6.0 Cr25.5 Mo24.1 Nb31.9 Ti12.6,114.2144,885.5372,7.7533,0.7573,0.7517,0.1534,0.6702,13.1545
Al6.0 Cr25.5 Mo24.1 Nb31.9 Ti12.6,114.2144,885.5372,7.7533,0.7573,0.7517,0.1534,0.6702,13.1545
Al6.0 Cr25.4 Mo24.1 Nb31.9 Ti12.6,114.2324,885.8174,7.7545,0.7578,0.7517,0.1533,0.6718,13.1607
Al6.0 Cr25.4 Mo24.1 Nb31.9 Ti12.6,114.2324,885.8174,7.7545,0.7578,0.7517,0.1533,0.6718,13.1607
Al6.0 Cr25.5 Mo24.0 Nb31.9 Ti12.6,114.2531,885.5903,7.7511,0.7597,0.7517,0.1533,0.6684,13.1491
Al6.0 Cr25.6 Mo23.9 Nb32.0 Ti12.5,114.2832,885.6492,7.7496,0.7603,0.7517,0.1536,0.6641,13.1995
Al6.0 Cr25.6 Mo23.9 Nb32.0 Ti12.5,114.2832,885.6492,7.7496,0.7603,0.7517,0.1536,0.6641,13.1995
Al6.0 Cr25.4 Mo24.0 Nb32.0 Ti12.5,114.3285,886.651,7.7553,0.7605,0.7517,0.1534,0.6714,13.1978
Al6.0 Cr25.3 Mo24.0 Nb32.1 Ti12.6,114.335,886.6114,7.7545,0.7634,0.7517,0.153,0.6751,13.1548
Al6.0 Cr25.3 Mo24.0 Nb32.1 Ti12.6,114.3389,886.6561,7.7546,0.7636,0.7517,0.153,0.6754,13.1543
Al6.0 Cr25.3 Mo24.0 Nb32.1 Ti12.6,114.339,886.6572,7.7546,0.7636,0.7517,0.153,0.6754,13.1544
Al6.0 Cr25.3 Mo24.0 Nb32.1 Ti12.6,114.3394,886.664,7.7547,0.7636,0.7517,0.153,0.6755,13.1546
Al6.0 Cr25.2 Mo24.1 Nb32.2 Ti12.6,114.4157,887.8306,7.7597,0.7649,0.7518,0.153,0.6805,13.1985
Al6.0 Cr25.2 Mo23.9 Nb32.3 Ti12.6,114.4459,887.7135,7.7566,0.7668,0.7517,0.153,0.6768,13.1934
Al5.9 Cr25.1 Mo24.1 Nb32.3 Ti12.7,114.455,888.3401,7.7615,0.7689,0.7518,0.1527,0.6884,13.1674
Al5.9 Cr25.0 Mo24.1 Nb32.3 Ti12.6,114.4828,888.9191,7.7647,0.769,0.7518,0.1527,0.6911,13.1946
Al5.9 Cr24.9 Mo24.1 Nb32.4 Ti12.6,114.5082,889.1397,7.7649,0.7699,0.7518,0.1526,0.6913,13.1993
Al5.9 Cr25.0 Mo24.0 Nb32.4 Ti12.7,114.5184,888.9943,7.7629,0.7709,0.7518,0.1527,0.6898,13.1892
Al5.9 Cr25.0 Mo24.0 Nb32.4 Ti12.7,114.5364,889.2002,7.7635,0.7712,0.7518,0.1527,0.6901,13.1986
Al5.9 Cr25.0 Mo24.0 Nb32.4 Ti12.7,114.5365,889.1979,7.7634,0.7712,0.7518,0.1527,0.6901,13.1984
Al5.9 Cr25.0 Mo24.0 Nb32.4 Ti12.7,114.5365,889.1979,7.7634,0.7712,0.7518,0.1527,0.6901,13.1984
Al5.9 Cr25.1 Mo23.9 Nb32.5 Ti12.7,114.5603,888.9964,7.7601,0.7733,0.7517,0.1528,0.6869,13.1839
Al5.9 Cr25.1 Mo23.9 Nb32.5 Ti12.7,114.5632,889.0243,7.7601,0.7734,0.7517,0.1528,0.687,13.185
Al9.6 Cr17.0 Mo22.1 Nb29.6 Ta5.6 Ti16.1,114.6417,913.2463,7.9661,0.7769,0.7505,0.1652,0.7524,11.8259
Al9.4 Cr15.9 Mo23.4 Nb30.4 Ta5.4 Ti15.6,114.9921,922.1833,8.0195,0.7808,0.7509,0.1645,0.8001,12.4402
Al9.4 Cr15.8 Mo23.4 Nb30.4 Ta5.4 Ti15.6,115.0216,922.48,8.0201,0.7818,0.7509,0.1645,0.8012,12.4838
Al9.4 Cr15.8 Mo23.4 Nb30.4 Ta5.4 Ti15.6,115.0291,922.5522,8.0202,0.7819,0.7509,0.1644,0.8013,12.49
Al9.4 Cr15.8 Mo23.4 Nb30.4 Ta5.4 Ti15.6,115.0291,922.5522,8.0202,0.7819,0.7509,0.1644,0.8013,12.49
Al9.4 Cr15.8 Mo23.4 Nb30.4 Ta5.4 Ti15.6,115.0305,922.559,8.0201,0.7819,0.7509,0.1644,0.8013,12.4907
Al9.4 Cr15.8 Mo23.4 Nb30.4 Ta5.4 Ti15.6,115.0316,922.5874,8.0203,0.7819,0.7509,0.1645,0.8013,12.4909
Al9.3 Cr16.1 Mo23.3 Nb30.5 Ta5.4 Ti15.5,115.2834,924.6636,8.0208,0.7829,0.7508,0.1646,0.7953,12.5177
Al9.4 Cr15.8 Mo23.2 Nb30.7 Ta5.5 Ti15.5,115.4045,926.0749,8.0246,0.7877,0.7509,0.1647,0.8021,12.7647
Al9.4 Cr15.7 Mo23.2 Nb30.7 Ta5.5 Ti15.5,115.4081,926.0928,8.0245,0.7878,0.7509,0.1646,0.8021,12.7679
Al9.3 Cr15.8 Mo23.3 Nb30.7 Ta5.4 Ti15.5,115.4103,926.0542,8.024,0.7884,0.7509,0.1643,0.8032,12.7762
Al9.3 Cr15.8 Mo23.3 Nb30.7 Ta5.4 Ti15.5,115.4129,926.0895,8.0241,0.7885,0.7509,0.1643,0.8033,12.7771
Al9.3 Cr15.8 Mo23.2 Nb30.7 Ta5.5 Ti15.5,115.5232,927.7412,8.0308,0.7886,0.7509,0.1651,0.8034,12.8098
Al9.2 Cr15.8 Mo23.3 Nb30.8 Ta5.4 Ti15.5,115.6459,929.363,8.0363,0.7909,0.7509,0.1648,0.8075,12.8613
Al9.2 Cr15.8 Mo23.2 Nb30.8 Ta5.4 Ti15.5,115.7567,929.9106,8.0333,0.7927,0.7509,0.1647,0.8059,12.9125
Al9.1 Cr15.8 Mo23.3 Nb30.9 Ta5.4 Ti15.5,115.8235,930.9385,8.0376,0.794,0.7509,0.1646,0.8084,12.9982
Al9.1 Cr15.8 Mo23.3 Nb31.0 Ta5.4 Ti15.5,115.8854,931.4656,8.0378,0.795,0.7509,0.1646,0.8085,13.0396
Al8.5 Cr16.9 Mo22.3 Nb30.0 Ta5.6 Ti16.7,115.9148,928.3986,8.0093,0.799,0.7506,0.1656,0.7961,12.2759
Al8.5 Cr16.9 Mo22.3 Nb30.0 Ta5.6 Ti16.7,115.9483,928.6813,8.0094,0.7996,0.7506,0.1656,0.796,12.3023
Al8.6 Cr15.8 Mo22.6 Nb30.3 Ta5.8 Ti17.0,116.1027,932.2113,8.0292,0.8062,0.7508,0.166,0.821,12.7209
Al8.6 Cr15.9 Mo22.5 Nb30.3 Ta5.8 Ti17.0,116.1442,932.3205,8.0273,0.8073,0.7507,0.166,0.82,12.7513
Al8.6 Cr15.6 Mo22.6 Nb30.4 Ta5.9 Ti17.0,116.2188,933.5038,8.0323,0.8097,0.7508,0.166,0.8253,12.9374
Al8.7 Cr15.4 Mo22.6 Nb30.5 Ta5.9 Ti17.0,116.2472,934.063,8.0351,0.8115,0.7508,0.166,0.8296,13.0369
Al8.7 Cr15.4 Mo22.6 Nb30.5 Ta5.9 Ti17.0,116.2886,934.3724,8.0349,0.812,0.7508,0.1659,0.8289,13.0501
Al8.6 Cr15.4 Mo22.6 Nb30.6 Ta5.9 Ti17.0,116.328,934.7231,8.0352,0.8127,0.7508,0.1659,0.8291,13.0816
Al7.9 Cr15.4 Mo23.1 Nb30.5 Ta5.8 Ti17.3,116.3855,938.6451,8.065,0.8165,0.751,0.1659,0.8523,12.9337
Al7.8 Cr15.6 Mo22.9 Nb30.7 Ta5.7 Ti17.2,116.7078,941.1054,8.0638,0.8194,0.7509,0.166,0.8477,13.0393
Al7.8 Cr15.7 Mo22.9 Nb30.6 Ta5.7 Ti17.3,116.7162,940.9577,8.0619,0.8196,0.7509,0.166,0.8468,13.0305
Al7.8 Cr16.1 Mo22.6 Nb30.6 Ta5.7 Ti17.3,116.8242,940.281,8.0487,0.8204,0.7508,0.1659,0.8377,12.9076
Al7.8 Cr15.7 Mo22.7 Nb30.7 Ta5.8 Ti17.3,116.8519,941.5973,8.058,0.8222,0.7509,0.1659,0.8451,13.1046
Al7.8 Cr15.7 Mo22.8 Nb30.7 Ta5.7 Ti17.3,116.8698,941.8605,8.0591,0.8225,0.7509,0.1659,0.8456,13.1247
Al7.8 Cr15.7 Mo22.7 Nb30.7 Ta5.8 Ti17.3,116.8904,941.94,8.0583,0.8229,0.7509,0.1659,0.8453,13.1356
Al7.8 Cr15.7 Mo22.7 Nb30.8 Ta5.7 Ti17.3,116.9192,942.2786,8.0592,0.8234,0.7509,0.1659,0.8457,13.1632
Al6.9 Cr15.9 Mo24.0 Nb24.8 Ta5.4 Ti17.6 Zr5.3,117.1629,929.8125,7.9361,0.9195,0.751,0.1659,0.6984,12.2882
Al6.9 Cr15.9 Mo24.0 Nb24.8 Ta5.4 Ti17.6 Zr5.3,117.1898,930.0549,7.9363,0.92,0.751,0.1659,0.6987,12.3026
Al6.5 Cr15.7 Mo24.4 Nb25.1 Ta5.3 Ti17.9 Zr5.1,117.2749,932.6399,7.9526,0.9209,0.7511,0.165,0.7329,12.6426
Al6.9 Cr15.8 Mo24.0 Nb25.0 Ta5.3 Ti17.6 Zr5.3,117.3126,930.7322,7.9338,0.9239,0.751,0.165,0.7006,12.4009
Al6.9 Cr15.8 Mo24.0 Nb25.0 Ta5.3 Ti17.6 Zr5.3,117.3129,930.7333,7.9338,0.9239,0.751,0.165,0.7006,12.4011
Al6.9 Cr15.8 Mo24.0 Nb25.0 Ta5.3 Ti17.6 Zr5.3,117.3129,930.7333,7.9338,0.9239,0.751,0.165,0.7006,12.4011
Al6.2 Cr15.6 Mo24.7 Nb25.0 Ta5.2 Ti18.0 Zr5.2,117.3427,934.6813,7.9654,0.9243,0.7513,0.1655,0.7492,12.959
Al6.9 Cr15.9 Mo23.9 Nb25.0 Ta5.4 Ti17.5 Zr5.3,117.4199,932.001,7.9373,0.9247,0.7509,0.1653,0.6998,12.4257
Al6.9 Cr15.8 Mo23.9 Nb25.0 Ta5.4 Ti17.5 Zr5.4,117.4772,932.2976,7.936,0.927,0.7509,0.1653,0.6977,12.4528
Al7.0 Cr15.9 Mo23.9 Nb25.0 Ta5.4 Ti17.3 Zr5.5,117.6719,934.5764,7.9422,0.9271,0.7509,0.166,0.6906,12.5327
Al6.7 Cr15.7 Mo24.1 Nb25.1 Ta5.4 Ti17.7 Zr5.3,117.6988,935.5201,7.9484,0.9298,0.751,0.1652,0.7159,12.6997
Al6.7 Cr15.7 Mo24.1 Nb25.1 Ta5.4 Ti17.7 Zr5.3,117.6997,935.5202,7.9484,0.9298,0.751,0.1652,0.7158,12.6986
Al6.6 Cr15.4 Mo24.4 Nb25.2 Ta5.4 Ti17.7 Zr5.4,117.9431,939.3713,7.9646,0.9323,0.7511,0.1659,0.7281,13.0921
Al6.6 Cr15.7 Mo24.2 Nb25.3 Ta5.4 Ti17.5 Zr5.4,118.0928,940.3886,7.9631,0.9326,0.7511,0.1658,0.7192,12.961
Al6.5 Cr15.6 Mo24.2 Nb25.3 Ta5.4 Ti17.6 Zr5.4,118.1628,941.4131,7.9671,0.9333,0.7511,0.166,0.7223,13.03
Al6.6 Cr15.5 Mo24.3 Nb25.3 Ta5.4 Ti17.5 Zr5.4,118.1751,941.9414,7.9707,0.9334,0.7511,0.166,0.7267,13.1699
Al6.6 Cr15.5 Mo24.3 Nb25.3 Ta5.4 Ti17.6 Zr5.4,118.1787,941.6406,7.9679,0.9346,0.7511,0.1658,0.7262,13.1216
Al6.9 Cr15.8 Mo23.8 Nb25.5 Ta5.4 Ti17.2 Zr5.4,118.1826,939.5245,7.9498,0.9353,0.7509,0.165,0.6978,12.9284
Al6.5 Cr15.5 Mo24.2 Nb25.4 Ta5.4 Ti17.6 Zr5.4,118.3164,943.0322,7.9704,0.9367,0.7511,0.1656,0.728,13.1901
Al6.6 Cr15.6 Mo23.9 Nb25.4 Ta5.4 Ti17.7 Zr5.4,118.326,941.768,7.9591,0.9405,0.751,0.1652,0.7201,12.9561
Al6.6 Cr15.9 Mo23.5 Nb25.4 Ta5.5 Ti17.7 Zr5.4,118.4488,941.8964,7.9519,0.9454,0.7509,0.1655,0.7042,13.0118
Al6.6 Cr15.9 Mo23.5 Nb25.4 Ta5.5 Ti17.7 Zr5.4,118.47,942.1552,7.9527,0.9456,0.7509,0.1656,0.7046,13.0171
Al6.5 Cr15.9 Mo23.5 Nb25.4 Ta5.5 Ti17.7 Zr5.4,118.4913,942.4302,7.9536,0.9457,0.7509,0.1656,0.7046,13.0155
Al6.5 Cr15.9 Mo23.5 Nb25.5 Ta5.5 Ti17.7 Zr5.4,118.4983,942.5016,7.9537,0.9459,0.7509,0.1656,0.7052,13.0241
Al6.5 Cr15.9 Mo23.5 Nb25.5 Ta5.5 Ti17.7 Zr5.4,118.4983,942.5016,7.9537,0.9459,0.7509,0.1656,0.7052,13.0241
Al6.6 Cr15.8 Mo23.5 Nb25.4 Ta5.5 Ti17.8 Zr5.4,118.4992,942.5464,7.954,0.9465,0.7509,0.1655,0.7085,13.0406
Al6.5 Cr15.9 Mo23.4 Nb25.5 Ta5.5 Ti17.7 Zr5.4,118.5715,943.0792,7.9537,0.9477,0.7509,0.1654,0.7053,13.0995
Al6.2 Cr15.9 Mo23.7 Nb25.5 Ta5.4 Ti17.9 Zr5.4,118.7815,946.4138,7.9677,0.9489,0.751,0.1658,0.7235,12.996
Al6.1 Cr15.9 Mo23.6 Nb25.6 Ta5.5 Ti17.9 Zr5.4,118.8991,947.1761,7.9662,0.9529,0.7509,0.1656,0.7222,13.1001
Al6.0 Cr16.0 Mo23.6 Nb25.6 Ta5.5 Ti17.9 Zr5.4,119.0133,948.6537,7.971,0.9536,0.7509,0.1658,0.7246,13.1286
Al6.0 Cr16.0 Mo23.6 Nb25.6 Ta5.5 Ti18.0 Zr5.5,119.0189,948.5585,7.9698,0.9545,0.7509,0.1658,0.724,13.1391
Al6.0 Cr16.0 Mo23.6 Nb25.6 Ta5.5 Ti18.0 Zr5.5,119.0197,948.5655,7.9698,0.9546,0.7509,0.1658,0.724,13.1398
Al6.0 Cr16.0 Mo23.6 Nb25.6 Ta5.5 Ti18.0 Zr5.5,119.0197,948.5655,7.9698,0.9546,0.7509,0.1658,0.724,13.1398
Al6.0 Cr16.0 Mo23.6 Nb25.6 Ta5.5 Ti18.0 Zr5.5,119.0235,948.6125,7.97,0.9546,0.7509,0.1658,0.724,13.1407
Al6.0 Cr16.0 Mo23.6 Nb25.6 Ta5.5 Ti17.9 Zr5.5,119.0325,948.6581,7.9697,0.9548,0.7509,0.1658,0.7236,13.1478
Al6.0 Cr16.0 Mo23.5 Nb25.6 Ta5.5 Ti18.0 Zr5.4,119.0541,948.8719,7.9701,0.9553,0.7509,0.1658,0.7242,13.1722
Al6.0 Cr16.0 Mo23.5 Nb25.6 Ta5.5 Ti18.0 Zr5.4,119.0576,948.8146,7.9694,0.9557,0.7509,0.1657,0.7237,13.1845
Al14.6 Mo21.4 Nb21.8 Ta10.4 Ti21.3 Zr10.6,119.1211,928.0933,7.7912,1.1265,0.7508,0.1644,0.7843,13.1822
Al14.3 Mo21.0 Nb21.8 Ta10.8 Ti21.8 Zr10.4,119.1284,931.2515,7.8172,1.1301,0.7507,0.1625,0.7955,13.1371
Al14.3 Mo21.1 Nb21.6 Ta10.8 Ti21.7 Zr10.6,119.1765,932.0039,7.8204,1.1318,0.7508,0.1633,0.7897,13.0611
Al14.2 Mo21.0 Nb21.7 Ta10.8 Ti21.8 Zr10.5,119.1992,931.4321,7.8141,1.1354,0.7507,0.1623,0.792,13.0477
Al14.4 Mo21.4 Nb21.6 Ta10.3 Ti21.5 Zr10.8,119.2212,928.0089,7.7839,1.1361,0.7509,0.1636,0.7847,12.9439
Al14.4 Mo21.4 Nb21.8 Ta10.4 Ti21.2 Zr10.8,119.5052,931.5522,7.7951,1.1368,0.7509,0.1641,0.7823,13.1447
Al14.3 Mo21.2 Nb21.9 Ta10.4 Ti21.4 Zr10.7,119.511,931.5894,7.795,1.1409,0.7508,0.1624,0.7879,13.1345
Al14.2 Mo21.3 Nb21.9 Ta10.4 Ti21.3 Zr10.9,119.7401,933.8135,7.7987,1.1437,0.7509,0.163,0.7854,13.1675
Al14.2 Mo21.3 Nb21.9 Ta10.4 Ti21.3 Zr10.9,119.7458,933.8809,7.7989,1.1437,0.7509,0.163,0.7855,13.1697
Al14.2 Mo21.3 Nb21.9 Ta10.4 Ti21.3 Zr10.9,119.771,933.971,7.798,1.1454,0.7509,0.163,0.7843,13.1415
Al14.2 Mo21.4 Nb21.4 Ta10.7 Ti21.0 Zr11.3,120.006,938.6951,7.8221,1.1514,0.7509,0.165,0.7678,13.1566
Al14.1 Mo21.3 Nb21.4 Ta10.6 Ti21.1 Zr11.3,120.0157,938.5497,7.8202,1.1535,0.7509,0.1643,0.7721,13.1142
Al14.0 Mo21.4 Nb21.4 Ta10.7 Ti21.2 Zr11.4,120.2167,940.9488,7.8271,1.1558,0.7509,0.1639,0.7756,13.1629
Al14.0 Mo21.4 Nb21.4 Ta10.7 Ti21.2 Zr11.4,120.2167,940.9488,7.8271,1.1558,0.7509,0.1639,0.7756,13.1629
Al14.2 Mo21.2 Nb21.6 Ta10.6 Ti21.0 Zr11.5,120.2167,939.6329,7.8162,1.1617,0.7509,0.1637,0.7668,12.9767
Al14.0 Mo21.3 Nb21.3 Ta10.6 Ti21.1 Zr11.7,120.3603,941.3216,7.8209,1.1669,0.751,0.1636,0.7682,13.0495
Al14.0 Mo21.5 Nb21.7 Ta10.2 Ti21.0 Zr11.7,120.539,939.335,7.7928,1.1702,0.751,0.163,0.7703,12.9576
Al14.0 Mo21.5 Nb21.8 Ta10.2 Ti20.9 Zr11.7,120.5774,939.6864,7.7932,1.1708,0.751,0.1629,0.7706,12.9887
Al14.3 Mo20.7 Nb22.1 Ta11.7 Ti19.5 Zr11.7,121.2224,962.4342,7.9394,1.1772,0.7508,0.1659,0.7323,12.8322
Al13.5 Mo21.3 Nb20.9 Ta11.9 Ti20.1 Zr12.3,121.6814,970.374,7.9747,1.1861,0.751,0.1658,0.7486,13.1223
Al13.5 Mo21.4 Nb21.0 Ta11.5 Ti20.2 Zr12.4,121.8256,966.5147,7.9336,1.188,0.7511,0.1656,0.7495,13.0028
Al13.5 Mo21.3 Nb21.0 Ta11.5 Ti20.2 Zr12.5,121.8742,966.5414,7.9306,1.1926,0.7511,0.1655,0.7459,12.8824
Al13.5 Mo21.3 Nb21.0 Ta11.5 Ti20.2 Zr12.5,121.8742,966.5414,7.9306,1.1926,0.7511,0.1655,0.7459,12.8824
Al13.5 Mo21.3 Nb21.0 Ta11.5 Ti20.2 Zr12.5,121.8751,966.5496,7.9307,1.1927,0.7511,0.1655,0.746,12.8827
Al13.5 Mo21.3 Nb21.0 Ta11.4 Ti20.2 Zr12.5,121.888,966.1657,7.9267,1.1934,0.7511,0.1654,0.7456,12.8584
Al13.5 Mo21.3 Nb21.0 Ta11.5 Ti20.2 Zr12.5,121.9368,967.2807,7.9326,1.1934,0.7511,0.1653,0.7471,12.9147
Al13.5 Mo21.3 Nb21.0 Ta11.5 Ti20.2 Zr12.5,121.9368,967.2807,7.9326,1.1934,0.7511,0.1653,0.7471,12.9147
Al13.5 Mo21.3 Nb21.3 Ta11.4 Ti20.1 Zr12.3,122.1436,969.2738,7.9355,1.1942,0.751,0.1645,0.7514,13.0771
Al13.3 Mo21.4 Nb21.5 Ta11.2 Ti20.1 Zr12.6,122.8044,973.8725,7.9303,1.2035,0.7511,0.1641,0.7542,13.182
Al13.6 Mo21.4 Nb21.7 Ta11.2 Ti19.4 Zr12.7,122.9478,974.7199,7.9279,1.204,0.7511,0.1659,0.7358,12.7732
Al13.2 Mo21.4 Nb21.6 Ta11.9 Ti19.3 Zr12.6,123.2677,988.5134,8.0192,1.2045,0.7511,0.1657,0.7437,13.1145
Al13.2 Mo21.4 Nb21.6 Ta11.9 Ti19.3 Zr12.6,123.2677,988.5134,8.0192,1.2045,0.7511,0.1657,0.7437,13.1145
Al13.2 Mo21.3 Nb21.7 Ta11.9 Ti19.3 Zr12.6,123.4017,989.4931,8.0185,1.207,0.7511,0.1652,0.7449,13.1863
Al13.2 Mo21.4 Nb21.7 Ta11.6 Ti19.4 Zr12.7,123.4057,986.1531,7.9911,1.207,0.7511,0.1654,0.7441,12.9947
Al12.8 Mo22.0 Nb20.8 Ta11.5 Ti20.0 Zr13.0,123.6151,985.9776,7.9762,1.209,0.7513,0.1659,0.7568,13.1022
Al13.1 Mo21.5 Nb21.8 Ta11.2 Ti19.6 Zr12.8,123.8124,985.2263,7.9574,1.2145,0.7512,0.1642,0.7517,13.1415
Al13.1 Mo21.5 Nb21.9 Ta11.2 Ti19.5 Zr12.8,123.8697,985.9861,7.9599,1.2149,0.7512,0.1643,0.7513,13.1316
Al13.1 Mo21.6 Nb21.9 Ta11.2 Ti19.4 Zr12.8,123.9998,987.6679,7.9651,1.2152,0.7512,0.1646,0.7497,13.0892
Al12.7 Mo21.2 Nb21.6 Ta12.1 Ti19.1 Zr13.2,124.0158,998.386,8.0505,1.2329,0.7512,0.1634,0.7394,13.1816
Al12.7 Mo21.2 Nb21.6 Ta12.1 Ti19.1 Zr13.2,124.0158,998.386,8.0505,1.2329,0.7512,0.1634,0.7394,13.1816
Al12.8 Mo21.2 Nb21.6 Ta12.0 Ti19.1 Zr13.2,124.0725,998.0463,8.0441,1.2332,0.7512,0.1634,0.7395,13.1481
Al12.6 Mo22.1 Nb21.0 Ta11.0 Ti19.6 Zr13.7,124.6962,990.7772,7.9455,1.2355,0.7515,0.1655,0.7456,12.9148
Al12.6 Mo22.1 Nb21.0 Ta11.0 Ti19.6 Zr13.7,124.7255,991.1255,7.9465,1.2359,0.7515,0.1655,0.7461,12.9274
Al12.6 Mo22.1 Nb21.0 Ta11.0 Ti19.6 Zr13.7,124.7408,991.1307,7.9455,1.236,0.7515,0.1655,0.7455,12.9269
Al12.6 Mo22.1 Nb21.0 Ta11.0 Ti19.7 Zr13.7,124.7495,991.7804,7.9502,1.2362,0.7515,0.1653,0.7471,12.9317
Al12.6 Mo22.1 Nb21.0 Ta11.1 Ti19.5 Zr13.7,124.8747,993.6526,7.9572,1.2363,0.7515,0.1659,0.7429,12.8083
Al12.6 Mo22.1 Nb21.0 Ta11.1 Ti19.5 Zr13.7,124.8747,993.6526,7.9572,1.2363,0.7515,0.1659,0.7429,12.8083
Al12.3 Mo22.2 Nb21.1 Ta11.0 Ti19.7 Zr13.8,125.2138,996.7352,7.9603,1.2412,0.7516,0.1648,0.7541,13.1312
Al12.4 Mo22.2 Nb21.1 Ta11.0 Ti19.4 Zr13.8,125.4358,999.7249,7.97,1.2413,0.7516,0.1655,0.7505,13.0248
Al12.5 Mo21.9 Nb21.7 Ta11.3 Ti18.9 Zr13.6,125.6749,1006.2308,8.0066,1.2434,0.7515,0.165,0.7436,13.1503
Al12.1 Mo22.4 Nb21.2 Ta11.1 Ti19.4 Zr13.9,125.9888,1006.5903,7.9895,1.2458,0.7517,0.1653,0.7558,13.1384
Al11.8 Mo22.5 Nb20.7 Ta11.5 Ti19.3 Zr14.2,126.3288,1015.6146,8.0395,1.2507,0.7518,0.166,0.7545,12.9693
Al11.8 Mo22.5 Nb20.8 Ta11.5 Ti19.3 Zr14.2,126.3892,1016.0646,8.0392,1.252,0.7517,0.1658,0.7547,12.9928
Al11.8 Mo22.5 Nb20.8 Ta11.5 Ti19.3 Zr14.2,126.4138,1016.1525,8.0383,1.252,0.7518,0.1658,0.755,13.0006
Al11.8 Mo22.5 Nb20.8 Ta11.5 Ti19.3 Zr14.2,126.4169,1016.1733,8.0383,1.252,0.7518,0.1658,0.7549,12.9995
Al11.9 Mo22.6 Nb20.9 Ta11.0 Ti19.4 Zr14.2,126.4491,1010.2614,7.9895,1.2543,0.7518,0.1658,0.7549,13.0893
Al11.9 Mo22.6 Nb20.9 Ta10.9 Ti19.4 Zr14.2,126.4891,1010.1124,7.9858,1.2548,0.7518,0.1658,0.757,13.1619
Al11.9 Mo22.7 Nb20.9 Ta10.9 Ti19.4 Zr14.3,126.5153,1010.3046,7.9856,1.2549,0.7518,0.166,0.7559,13.1385
Al11.7 Mo22.6 Nb20.8 Ta11.5 Ti19.3 Zr14.2,126.6562,1019.1893,8.0469,1.255,0.7518,0.1653,0.7596,13.0988
Al11.7 Mo22.6 Nb20.8 Ta11.5 Ti19.3 Zr14.2,126.6565,1019.1921,8.0469,1.255,0.7518,0.1653,0.7596,13.099
Al12.0 Mo22.3 Nb21.3 Ta11.1 Ti19.0 Zr14.3,126.6887,1013.1669,7.9973,1.2639,0.7517,0.1649,0.7455,13.1161
Al12.0 Mo22.3 Nb21.3 Ta11.1 Ti19.0 Zr14.3,126.6908,1013.0237,7.996,1.2639,0.7517,0.1649,0.7455,13.1225
Al12.0 Mo22.3 Nb21.3 Ta11.1 Ti19.0 Zr14.3,126.7003,1013.2066,7.9969,1.2646,0.7517,0.1649,0.7451,13.1067
Al12.0 Mo22.2 Nb21.3 Ta11.1 Ti19.0 Zr14.4,126.729,1013.3042,7.9958,1.2666,0.7517,0.1647,0.7442,13.0952
Al12.0 Mo22.2 Nb21.3 Ta11.1 Ti19.0 Zr14.4,126.729,1013.3042,7.9958,1.2666,0.7517,0.1647,0.7442,13.0952
Al12.0 Mo22.2 Nb21.3 Ta11.1 Ti19.0 Zr14.4,126.729,1013.3042,7.9958,1.2666,0.7517,0.1647,0.7442,13.0952
Al12.0 Mo22.2 Nb21.3 Ta11.1 Ti19.0 Zr14.4,126.7291,1013.3002,7.9958,1.2666,0.7517,0.1647,0.7442,13.0953
Al12.0 Mo22.2 Nb21.3 Ta11.1 Ti19.0 Zr14.4,126.7291,1013.3002,7.9958,1.2666,0.7517,0.1647,0.7442,13.0953
Al11.6 Mo22.6 Nb20.3 Ta11.4 Ti19.4 Zr14.8,126.7749,1016.655,8.0194,1.2711,0.7519,0.1658,0.7451,12.4595
Al11.9 Mo22.4 Nb21.2 Ta11.3 Ti18.7 Zr14.5,127.266,1022.4848,8.0342,1.2713,0.7518,0.1655,0.7395,13.1383
Al11.3 Mo22.8 Nb20.4 Ta11.2 Ti19.4 Zr14.9,127.3333,1020.8275,8.017,1.2753,0.752,0.1654,0.7555,12.8147
Al11.8 Mo22.4 Nb21.1 Ta11.3 Ti18.6 Zr14.7,127.4121,1023.0616,8.0295,1.2762,0.7518,0.1658,0.7347,13.0724
Al11.8 Mo22.4 Nb21.2 Ta11.3 Ti18.6 Zr14.7,127.4615,1023.7559,8.0319,1.2764,0.7518,0.1657,0.736,13.0983
Al11.8 Mo22.4 Nb21.2 Ta11.3 Ti18.6 Zr14.8,127.4706,1023.7864,8.0315,1.2769,0.7519,0.1657,0.7356,13.091
Al11.8 Mo22.4 Nb21.2 Ta11.3 Ti18.6 Zr14.8,127.4733,1023.8106,8.0316,1.2769,0.7519,0.1657,0.7357,13.0933
Al10.8 Mo23.2 Nb20.2 Ta11.4 Ti19.5 Zr14.9,128.1979,1034.8007,8.0719,1.2776,0.7521,0.1654,0.7725,13.1943
Al10.8 Mo23.2 Nb20.3 Ta11.4 Ti19.4 Zr15.0,128.2937,1036.2405,8.0771,1.2776,0.7522,0.1658,0.7709,13.1617
Al10.8 Mo23.2 Nb20.3 Ta11.4 Ti19.4 Zr15.0,128.2955,1036.2571,8.0771,1.2777,0.7522,0.1658,0.7709,13.1624
Al10.8 Mo23.1 Nb20.3 Ta11.5 Ti19.3 Zr15.0,128.2992,1037.154,8.0839,1.2788,0.7521,0.1655,0.7697,13.1861
Al10.8 Mo23.2 Nb20.3 Ta11.5 Ti19.3 Zr15.0,128.3084,1036.4494,8.0778,1.2788,0.7521,0.1656,0.7696,13.1392
Al10.6 Mo23.1 Nb20.1 Ta11.5 Ti19.4 Zr15.2,128.3604,1037.3835,8.0818,1.286,0.7522,0.1648,0.7694,13.1348
Al10.6 Mo23.1 Nb20.2 Ta11.5 Ti19.4 Zr15.2,128.3991,1037.7342,8.0821,1.2866,0.7522,0.1646,0.7698,13.1143
Al10.6 Mo23.0 Nb20.2 Ta11.6 Ti19.3 Zr15.2,128.4368,1039.4657,8.0932,1.2877,0.7522,0.1647,0.767,13.0775
Al10.6 Mo23.0 Nb20.2 Ta11.6 Ti19.4 Zr15.2,128.4387,1038.3269,8.0842,1.2889,0.7522,0.1645,0.7682,13.0698
Al10.8 Mo23.2 Nb20.3 Ta11.1 Ti19.4 Zr15.3,128.5981,1033.4757,8.0365,1.2891,0.7522,0.1658,0.7643,13.0429
Al10.6 Mo23.2 Nb20.0 Ta11.4 Ti19.4 Zr15.4,128.6243,1038.0162,8.0701,1.2893,0.7523,0.1658,0.7654,13.0518
Al10.6 Mo23.2 Nb20.0 Ta11.4 Ti19.4 Zr15.4,128.6828,1038.6463,8.0714,1.2905,0.7523,0.1657,0.7659,13.0593
Al10.6 Mo23.2 Nb20.0 Ta11.4 Ti19.4 Zr15.4,128.692,1038.6875,8.0711,1.2908,0.7523,0.1657,0.7656,13.0525
Al10.6 Mo23.2 Nb20.0 Ta11.4 Ti19.4 Zr15.4,128.692,1038.6875,8.0711,1.2908,0.7523,0.1657,0.7656,13.0525
Al10.6 Mo23.3 Nb20.0 Ta11.2 Ti19.4 Zr15.4,128.7695,1036.8753,8.0522,1.292,0.7523,0.1659,0.7661,13.07
Al10.7 Mo23.0 Nb20.3 Ta11.6 Ti19.1 Zr15.4,128.803,1042.2951,8.0922,1.2939,0.7522,0.165,0.7607,13.1188
Al10.7 Mo23.2 Nb20.3 Ta10.9 Ti19.4 Zr15.5,128.8425,1033.9988,8.0253,1.2973,0.7523,0.1652,0.7656,13.1246
Al10.7 Mo23.2 Nb20.3 Ta10.9 Ti19.5 Zr15.5,128.8444,1033.8596,8.0241,1.2974,0.7523,0.1652,0.7656,13.1338
Al10.7 Mo23.2 Nb20.3 Ta10.9 Ti19.5 Zr15.5,128.8448,1033.8646,8.0241,1.2974,0.7523,0.1652,0.7656,13.1336
Al10.7 Mo23.2 Nb20.3 Ta10.9 Ti19.4 Zr15.5,128.8784,1034.3,8.0254,1.2976,0.7523,0.1652,0.7659,13.1378
Al10.6 Mo23.1 Nb20.2 Ta11.6 Ti19.1 Zr15.5,128.9545,1043.7988,8.0943,1.2979,0.7522,0.1648,0.7607,13.0863
Al10.8 Mo23.2 Nb20.4 Ta10.8 Ti19.3 Zr15.5,128.9671,1033.6827,8.0151,1.2982,0.7523,0.1655,0.7636,13.1842
Al10.4 Mo23.1 Nb20.2 Ta11.2 Ti19.5 Zr15.4,128.982,1039.2356,8.0572,1.3,0.7523,0.164,0.7713,13.0948
Al10.4 Mo23.0 Nb20.2 Ta11.5 Ti19.5 Zr15.5,128.9848,1042.5783,8.083,1.3032,0.7523,0.1634,0.7695,13.036
Al10.4 Mo23.0 Nb20.2 Ta11.5 Ti19.4 Zr15.5,129.0005,1042.7851,8.0836,1.3032,0.7523,0.1634,0.7694,13.0267
Al10.4 Mo23.1 Nb20.2 Ta11.2 Ti19.5 Zr15.6,129.1395,1040.4754,8.057,1.3049,0.7523,0.1637,0.77,13.0428
Al10.3 Mo23.1 Nb20.3 Ta11.3 Ti19.5 Zr15.5,129.1746,1041.9496,8.0662,1.3057,0.7523,0.1633,0.771,13.0278
Al10.4 Mo23.1 Nb20.2 Ta11.1 Ti19.5 Zr15.6,129.1897,1038.9815,8.0423,1.3058,0.7523,0.1639,0.7703,13.1504
Al10.2 Mo23.1 Nb20.2 Ta11.5 Ti19.5 Zr15.5,129.204,1045.4316,8.0913,1.306,0.7523,0.1629,0.7739,13.15
Al10.3 Mo23.0 Nb20.2 Ta11.3 Ti19.5 Zr15.6,129.2185,1042.1019,8.0646,1.3079,0.7523,0.1633,0.7695,12.9807
Al10.4 Mo23.1 Nb19.9 Ta11.6 Ti19.1 Zr15.9,129.2433,1045.9931,8.0932,1.3097,0.7523,0.1647,0.7556,13.0469
Al10.4 Mo23.1 Nb19.9 Ta11.6 Ti19.1 Zr15.9,129.2468,1046.0169,8.0932,1.3098,0.7523,0.1647,0.7556,13.047
Al10.3 Mo22.9 Nb20.5 Ta11.4 Ti19.4 Zr15.5,129.3306,1044.8144,8.0786,1.3098,0.7522,0.1622,0.7714,13.0847
Al10.3 Mo22.9 Nb20.5 Ta11.4 Ti19.4 Zr15.5,129.3316,1044.8235,8.0786,1.3099,0.7522,0.1622,0.7714,13.0851
Al10.3 Mo22.9 Nb20.5 Ta11.3 Ti19.4 Zr15.5,129.4269,1044.8887,8.0732,1.3104,0.7523,0.1625,0.7708,13.0546
Al10.4 Mo23.3 Nb20.2 Ta11.2 Ti19.1 Zr15.9,129.7316,1046.2865,8.065,1.3114,0.7524,0.1652,0.7622,12.9773
Al10.2 Mo23.3 Nb19.9 Ta11.4 Ti19.2 Zr16.0,129.7339,1048.4052,8.0812,1.3128,0.7525,0.1652,0.7625,13.064
Al10.2 Mo23.3 Nb19.9 Ta11.4 Ti19.2 Zr16.0,129.7535,1048.661,8.0819,1.3132,0.7524,0.1651,0.7627,13.0517
Al10.2 Mo23.3 Nb19.9 Ta11.4 Ti19.2 Zr16.0,129.7542,1048.6501,8.0818,1.3132,0.7524,0.1651,0.7627,13.0507
Al10.2 Mo23.3 Nb19.9 Ta11.4 Ti19.2 Zr16.0,129.7701,1048.6216,8.0806,1.3144,0.7525,0.165,0.7621,13.0332
Al10.3 Mo23.4 Nb20.1 Ta10.8 Ti19.3 Zr16.1,129.9174,1042.5342,8.0246,1.3168,0.7526,0.1658,0.7641,13.1702
Al10.1 Mo23.3 Nb19.9 Ta11.4 Ti19.3 Zr16.0,129.9213,1050.4598,8.0854,1.317,0.7525,0.1644,0.7674,13.0582
Al10.2 Mo23.2 Nb20.2 Ta11.3 Ti19.1 Zr16.0,129.9524,1050.3684,8.0827,1.3172,0.7524,0.1643,0.764,12.9349
Al10.2 Mo23.2 Nb20.2 Ta11.3 Ti19.1 Zr15.9,129.9847,1050.5812,8.0823,1.3176,0.7524,0.1642,0.7643,12.9471
Al10.2 Mo23.2 Nb20.1 Ta11.5 Ti18.9 Zr16.1,130.2256,1054.7696,8.0996,1.3216,0.7525,0.1648,0.7588,13.0927
Al10.1 Mo23.3 Nb20.0 Ta11.5 Ti19.0 Zr16.2,130.2951,1055.8065,8.1032,1.3223,0.7525,0.1647,0.7604,13.1454
Al10.1 Mo23.3 Nb20.0 Ta11.5 Ti19.0 Zr16.2,130.2975,1055.8265,8.1032,1.3224,0.7525,0.1647,0.7605,13.1439
Al10.3 Mo23.4 Nb20.2 Ta10.9 Ti19.1 Zr16.2,130.3601,1048.1892,8.0407,1.3239,0.7526,0.1658,0.7587,13.1211
Al10.2 Mo23.4 Nb20.1 Ta11.0 Ti19.1 Zr16.2,130.388,1049.6659,8.0503,1.324,0.7526,0.1656,0.7592,13.1032
Al10.2 Mo23.4 Nb20.1 Ta11.0 Ti19.0 Zr16.2,130.3978,1049.841,8.0511,1.324,0.7526,0.1656,0.7591,13.1041
Al10.1 Mo23.2 Nb20.3 Ta11.4 Ti18.9 Zr16.1,130.4036,1056.2196,8.0996,1.3242,0.7525,0.1641,0.7605,13.1287
Al10.2 Mo23.4 Nb20.2 Ta10.9 Ti19.1 Zr16.2,130.4495,1049.9291,8.0485,1.3248,0.7526,0.1655,0.76,13.1404
Al9.9 Mo23.2 Nb20.4 Ta11.4 Ti19.1 Zr16.1,130.5614,1058.1126,8.1043,1.3282,0.7525,0.1628,0.7688,13.1899
Al9.9 Mo23.2 Nb20.2 Ta11.4 Ti19.1 Zr16.2,130.6454,1058.6151,8.103,1.3288,0.7525,0.1634,0.7674,13.1139
Al9.9 Mo23.2 Nb20.4 Ta11.3 Ti19.1 Zr16.1,130.6804,1057.953,8.0957,1.3306,0.7525,0.1627,0.769,13.1392
Al9.9 Mo23.2 Nb20.4 Ta11.3 Ti19.1 Zr16.1,130.6813,1057.9607,8.0957,1.3306,0.7525,0.1627,0.769,13.14
Al9.8 Mo23.4 Nb20.1 Ta11.3 Ti19.0 Zr16.4,130.8615,1059.8706,8.0992,1.3322,0.7526,0.1641,0.7657,13.095
Al9.8 Mo23.2 Nb20.3 Ta11.3 Ti19.0 Zr16.3,130.9748,1061.326,8.1033,1.3348,0.7525,0.163,0.7683,13.1552
Al9.8 Mo23.3 Nb20.3 Ta11.3 Ti19.0 Zr16.3,130.9927,1061.5999,8.1043,1.3351,0.7525,0.163,0.7686,13.1643
Al9.8 Mo23.3 Nb20.3 Ta11.3 Ti19.0 Zr16.3,131.0945,1062.3329,8.1036,1.3369,0.7526,0.1631,0.767,13.1603
Al9.8 Mo23.3 Nb20.3 Ta11.3 Ti18.9 Zr16.3,131.1028,1062.3659,8.1033,1.3373,0.7526,0.1631,0.7667,13.1534
Al9.8 Mo23.2 Nb20.3 Ta11.3 Ti18.9 Zr16.5,131.2319,1062.4943,8.0963,1.3425,0.7526,0.163,0.7637,13.0962
Al9.8 Mo23.2 Nb20.3 Ta11.3 Ti18.9 Zr16.5,131.2564,1062.7481,8.0967,1.3427,0.7526,0.163,0.7638,13.1164
Al9.7 Mo23.2 Nb20.0 Ta11.2 Ti19.0 Zr16.8,131.2847,1061.0369,8.082,1.3494,0.7527,0.1632,0.7599,12.9642
Al9.4 Mo23.3 Nb20.3 Ta11.2 Ti19.2 Zr16.6,131.6129,1065.668,8.097,1.3502,0.7527,0.1618,0.774,13.1385
Al9.8 Mo23.4 Nb20.2 Ta11.3 Ti18.4 Zr16.9,132.0327,1070.8027,8.1101,1.3514,0.7528,0.1654,0.7491,13.1878
Al9.8 Mo23.4 Nb20.2 Ta11.3 Ti18.4 Zr16.9,132.0327,1070.8027,8.1101,1.3514,0.7528,0.1654,0.7491,13.1878
Al9.8 Mo23.4 Nb20.2 Ta11.3 Ti18.4 Zr16.9,132.0683,1071.2449,8.1113,1.3518,0.7528,0.1653,0.7498,13.1982
Al9.4 Mo23.4 Nb20.1 Ta11.3 Ti18.8 Zr17.0,132.1827,1071.9297,8.1095,1.3596,0.7528,0.1634,0.7606,13.1224
Al9.5 Mo23.4 Nb20.1 Ta11.2 Ti18.8 Zr17.0,132.245,1070.8719,8.0976,1.3603,0.7528,0.1637,0.7608,13.1574
Al9.5 Mo23.5 Nb20.1 Ta11.1 Ti18.8 Zr17.1,132.2806,1070.187,8.0903,1.3604,0.7528,0.1639,0.761,13.1919
Al9.5 Mo23.5 Nb20.1 Ta11.1 Ti18.8 Zr17.1,132.2827,1070.1842,8.0901,1.3608,0.7528,0.1638,0.7609,13.1783
Al9.5 Mo23.5 Nb20.1 Ta11.1 Ti18.8 Zr17.1,132.2835,1070.1915,8.0901,1.3608,0.7528,0.1638,0.7609,13.1779
Al9.5 Mo23.4 Nb20.1 Ta11.1 Ti18.8 Zr17.2,132.2979,1069.6327,8.085,1.3674,0.7528,0.1632,0.7569,13.0562
Al9.5 Mo23.5 Nb20.1 Ta11.3 Ti18.4 Zr17.3,132.7012,1077.1301,8.117,1.3678,0.7529,0.1645,0.7507,13.1812
Al9.5 Mo23.5 Nb20.1 Ta11.3 Ti18.4 Zr17.3,132.7411,1077.6601,8.1185,1.3679,0.7529,0.1646,0.7501,13.1915
Al9.4 Mo23.5 Nb20.1 Ta11.3 Ti18.4 Zr17.3,132.7911,1078.2049,8.1196,1.3681,0.7529,0.1645,0.7509,13.1986
Al9.4 Mo23.5 Nb20.1 Ta11.3 Ti18.4 Zr17.3,132.7911,1078.2049,8.1196,1.3681,0.7529,0.1645,0.7509,13.1986
Al9.4 Mo23.5 Nb20.1 Ta11.3 Ti18.4 Zr17.3,132.8441,1078.7638,8.1205,1.3701,0.7529,0.1642,0.7519,13.174
Al9.4 Mo23.5 Nb20.1 Ta11.3 Ti18.4 Zr17.3,132.8484,1078.789,8.1205,1.3702,0.7529,0.1642,0.7519,13.1742
Al9.3 Mo23.5 Nb19.9 Ta11.3 Ti18.2 Zr17.8,133.2407,1082.0109,8.1207,1.3824,0.753,0.1645,0.7432,13.1783
Al9.3 Mo23.5 Nb19.9 Ta11.3 Ti18.2 Zr17.8,133.2419,1082.027,8.1208,1.3824,0.753,0.1645,0.7432,13.1786
Al9.3 Mo23.5 Nb19.9 Ta11.3 Ti18.2 Zr17.8,133.2621,1082.3127,8.1217,1.3824,0.753,0.1646,0.7429,13.1836
Al9.3 Mo23.5 Nb20.0 Ta11.3 Ti18.2 Zr17.8,133.3376,1083.2479,8.1241,1.3833,0.753,0.1644,0.7443,13.195
Al9.2 Mo23.4 Nb20.1 Ta11.2 Ti18.4 Zr17.8,133.4742,1082.9012,8.1132,1.3888,0.753,0.1634,0.7488,13.1272
Al9.2 Mo23.5 Nb20.0 Ta11.0 Ti18.4 Zr17.8,133.4879,1080.9707,8.0979,1.3888,0.7531,0.1639,0.7487,13.1892
Al9.2 Mo23.5 Nb20.1 Ta11.0 Ti18.4 Zr17.8,133.5823,1081.94,8.0994,1.3893,0.7531,0.1638,0.7495,13.1877
Al9.2 Mo23.5 Nb20.1 Ta11.0 Ti18.4 Zr17.8,133.6228,1082.435,8.1007,1.3897,0.7531,0.1637,0.7502,13.1936
Al9.2 Mo23.3 Nb20.2 Ta11.4 Ti17.9 Zr18.0,133.6857,1088.6468,8.1433,1.3975,0.753,0.1632,0.7355,13.0992
Al9.2 Mo23.5 Nb20.0 Ta11.0 Ti18.2 Zr18.1,133.8142,1083.355,8.096,1.3985,0.7532,0.1643,0.7404,13.175
Al9.1 Mo23.5 Nb20.0 Ta11.0 Ti18.3 Zr18.1,133.9165,1084.5969,8.0991,1.3996,0.7532,0.1641,0.7422,13.1897
Al9.1 Mo23.5 Nb20.0 Ta11.0 Ti18.3 Zr18.1,133.9165,1084.5969,8.0991,1.3996,0.7532,0.1641,0.7422,13.1897
Al9.5 Mo23.4 Nb20.1 Ta11.1 Ti17.6 Zr18.3,133.969,1086.0818,8.107,1.4005,0.7532,0.166,0.718,13.0921
Al9.5 Mo23.4 Nb20.1 Ta11.1 Ti17.6 Zr18.3,133.9817,1086.1066,8.1064,1.4014,0.7532,0.166,0.7174,13.0854
Al9.0 Mo23.5 Nb20.1 Ta11.3 Ti17.9 Zr18.1,134.29,1093.3312,8.1416,1.4015,0.7531,0.1639,0.7402,13.1785
Al9.0 Mo23.5 Nb20.1 Ta11.3 Ti17.9 Zr18.1,134.29,1093.3312,8.1416,1.4015,0.7531,0.1639,0.7402,13.1785
Al9.0 Mo23.5 Nb20.1 Ta11.3 Ti17.9 Zr18.1,134.3046,1093.4651,8.1417,1.4017,0.7531,0.1638,0.7404,13.1724
Al9.2 Mo23.4 Nb20.0 Ta11.2 Ti17.8 Zr18.4,134.307,1090.6725,8.1207,1.4065,0.7532,0.1649,0.7281,13.1489
Al9.2 Mo23.4 Nb20.0 Ta11.2 Ti17.8 Zr18.4,134.3165,1090.5787,8.1195,1.4066,0.7532,0.1649,0.7282,13.1525
Al9.2 Mo23.4 Nb20.1 Ta11.2 Ti17.7 Zr18.4,134.3385,1090.8877,8.1204,1.4086,0.7532,0.1648,0.7255,13.1084
Al9.2 Mo23.4 Nb20.1 Ta11.2 Ti17.7 Zr18.5,134.3733,1091.2757,8.1212,1.409,0.7532,0.1649,0.7249,13.1124
Al9.2 Mo23.3 Nb20.3 Ta11.2 Ti17.6 Zr18.4,134.5074,1092.5846,8.1229,1.4106,0.7532,0.1642,0.7276,13.1933
Al9.2 Mo23.3 Nb20.3 Ta11.2 Ti17.6 Zr18.4,134.5271,1093.2178,8.1264,1.4111,0.7532,0.1641,0.7277,13.1898
Al9.2 Mo23.3 Nb20.3 Ta11.2 Ti17.6 Zr18.4,134.5396,1092.9232,8.1234,1.4112,0.7532,0.1642,0.7277,13.1944
Al9.2 Mo23.3 Nb20.3 Ta11.1 Ti17.6 Zr18.5,134.5894,1093.1472,8.1221,1.4136,0.7532,0.1642,0.7252,13.1638
Al9.2 Mo23.4 Nb20.1 Ta11.2 Ti17.4 Zr18.6,134.6694,1094.4825,8.1272,1.415,0.7533,0.1653,0.7178,13.097
Al9.2 Mo23.4 Nb20.2 Ta11.0 Ti17.6 Zr18.6,134.7943,1092.4625,8.1047,1.4163,0.7533,0.1651,0.7236,13.1793
Al9.2 Mo23.4 Nb20.2 Ta11.0 Ti17.6 Zr18.7,134.8437,1092.8328,8.1044,1.4192,0.7533,0.1649,0.723,13.1504
Al9.2 Mo23.4 Nb20.2 Ta11.0 Ti17.6 Zr18.7,134.8705,1093.1593,8.1053,1.4193,0.7533,0.1649,0.7231,13.16
Al9.1 Mo23.3 Nb20.4 Ta11.0 Ti17.7 Zr18.6,134.8753,1093.8237,8.1099,1.424,0.7533,0.1633,0.7274,13.1962
Al9.1 Mo23.2 Nb20.3 Ta10.9 Ti17.6 Zr18.9,134.9338,1092.8925,8.0995,1.432,0.7533,0.1634,0.7192,13.0694
Al9.0 Mo23.2 Nb20.3 Ta10.9 Ti17.6 Zr18.9,135.0708,1094.5295,8.1034,1.4335,0.7533,0.1632,0.7215,13.104
Al9.0 Mo23.2 Nb20.3 Ta10.9 Ti17.6 Zr19.0,135.0996,1094.5073,8.1015,1.4362,0.7533,0.1632,0.7197,13.0635
Al9.0 Mo23.2 Nb20.3 Ta10.9 Ti17.6 Zr19.0,135.0996,1094.5073,8.1015,1.4362,0.7533,0.1632,0.7197,13.0635
Al9.0 Mo23.2 Nb20.3 Ta10.9 Ti17.6 Zr19.0,135.0996,1094.5073,8.1015,1.4362,0.7533,0.1632,0.7197,13.0635
Cr7.8 Mo22.4 Nb22.1 Ta12.0 Ti19.7 Zr16.1,135.9743,1166.6958,8.5803,1.4366,0.7524,0.1657,0.8282,13.0403
Cr7.8 Mo22.4 Nb22.1 Ta12.0 Ti19.7 Zr16.1,135.9925,1166.9362,8.5809,1.4367,0.7524,0.1657,0.8282,13.0411
Cr7.7 Mo22.4 Nb22.1 Ta12.0 Ti19.7 Zr16.1,136.0705,1167.7311,8.5818,1.4381,0.7524,0.165,0.8304,13.1184
Cr7.7 Mo22.3 Nb22.6 Ta11.9 Ti19.6 Zr16.0,136.3374,1169.8936,8.5809,1.4418,0.7524,0.1647,0.8309,13.1865
Cr7.7 Mo22.3 Nb22.6 Ta11.9 Ti19.6 Zr16.0,136.3374,1169.8936,8.5809,1.4418,0.7524,0.1647,0.8309,13.1865
Cr7.7 Mo22.5 Nb22.3 Ta11.9 Ti19.4 Zr16.2,136.7297,1173.3315,8.5814,1.4426,0.7525,0.1654,0.8281,13.0174
Cr7.7 Mo22.5 Nb22.4 Ta11.8 Ti19.5 Zr16.2,137.0895,1174.6664,8.5686,1.4436,0.7525,0.1656,0.8284,13.0756
Cr7.7 Mo22.5 Nb22.5 Ta11.9 Ti19.1 Zr16.3,137.2671,1179.5921,8.5934,1.4494,0.7525,0.1658,0.8231,13.1792
Cr7.7 Mo22.5 Nb22.5 Ta11.9 Ti19.1 Zr16.3,137.3459,1179.9009,8.5907,1.4496,0.7525,0.1659,0.8232,13.1651
Cr7.7 Mo22.5 Nb22.5 Ta11.9 Ti19.1 Zr16.3,137.3459,1179.9009,8.5907,1.4496,0.7525,0.1659,0.8232,13.1651
Cr7.4 Mo22.9 Nb21.8 Ta11.7 Ti19.6 Zr16.7,137.7216,1178.2801,8.5555,1.4505,0.7527,0.1654,0.8272,12.9614
Cr7.4 Mo22.9 Nb21.8 Ta11.7 Ti19.6 Zr16.7,137.7944,1178.5233,8.5528,1.4507,0.7527,0.1654,0.8273,12.9756
Cr7.1 Mo22.9 Nb21.7 Ta11.9 Ti19.4 Zr16.9,137.9949,1182.8084,8.5714,1.4592,0.7528,0.1639,0.8286,12.9085
Cr7.1 Mo22.9 Nb21.7 Ta11.9 Ti19.4 Zr16.9,138.0005,1182.8292,8.5712,1.4593,0.7528,0.1639,0.8286,12.9074
Cr7.2 Mo23.0 Nb21.8 Ta11.6 Ti19.5 Zr17.0,138.7503,1185.835,8.5465,1.4603,0.7529,0.1644,0.83,13.0596
Cr7.2 Mo23.0 Nb21.8 Ta11.6 Ti19.5 Zr17.0,138.7503,1185.835,8.5465,1.4603,0.7529,0.1644,0.83,13.0596
Cr7.0 Mo23.1 Nb21.8 Ta11.6 Ti19.6 Zr17.0,138.7535,1185.5709,8.5444,1.4622,0.7529,0.1633,0.8339,13.1764
Cr7.0 Mo23.1 Nb21.8 Ta11.6 Ti19.5 Zr17.0,138.843,1186.8065,8.5478,1.4624,0.7529,0.1635,0.8332,13.1278
Cr7.0 Mo23.1 Nb21.8 Ta11.6 Ti19.5 Zr17.0,138.843,1186.8065,8.5478,1.4624,0.7529,0.1635,0.8332,13.1278
Cr7.0 Mo23.1 Nb21.8 Ta11.6 Ti19.5 Zr17.0,138.936,1187.2687,8.5454,1.4631,0.7529,0.1634,0.8336,13.1189
Cr6.9 Mo23.1 Nb21.8 Ta11.6 Ti19.5 Zr17.0,138.9462,1187.8377,8.5489,1.4636,0.7529,0.163,0.8355,13.1685
Cr7.3 Mo22.9 Nb21.9 Ta11.5 Ti19.2 Zr17.2,139.1714,1189.1711,8.5447,1.4702,0.7529,0.1648,0.8224,12.9971
Cr7.3 Mo22.9 Nb22.0 Ta11.5 Ti19.1 Zr17.2,139.1901,1189.3329,8.5447,1.4705,0.7529,0.1647,0.8226,13.0171
Cr7.2 Mo22.9 Nb22.0 Ta11.5 Ti19.1 Zr17.2,139.1952,1189.3766,8.5447,1.4706,0.7529,0.1647,0.8226,13.0225
Cr7.3 Mo22.9 Nb22.0 Ta11.5 Ti19.0 Zr17.2,139.3533,1191.5301,8.5504,1.471,0.7529,0.165,0.8214,13.0871
Cr7.3 Mo22.8 Nb22.2 Ta11.5 Ti19.0 Zr17.2,139.3543,1190.4399,8.5425,1.4742,0.7529,0.1648,0.8202,13.1137
Cr7.1 Mo22.9 Nb22.2 Ta11.5 Ti19.1 Zr17.2,139.5265,1192.0118,8.5433,1.4777,0.7529,0.1637,0.8238,13.1799
Cr7.1 Mo22.8 Nb22.2 Ta11.5 Ti19.1 Zr17.3,139.5416,1192.008,8.5423,1.4787,0.7529,0.1637,0.8233,13.1638
Cr7.4 Mo22.8 Nb21.9 Ta11.4 Ti18.9 Zr17.7,139.6194,1190.9611,8.5301,1.4857,0.753,0.1658,0.8084,12.8064
Cr7.3 Mo22.9 Nb21.8 Ta11.0 Ti19.2 Zr17.7,140.1836,1189.023,8.4819,1.4876,0.7531,0.1655,0.8136,12.8797
Cr7.1 Mo23.0 Nb21.7 Ta11.1 Ti19.3 Zr17.8,140.2921,1190.4486,8.4855,1.4903,0.7531,0.1641,0.8191,12.9761
Cr7.3 Mo22.8 Nb22.2 Ta10.9 Ti19.1 Zr17.6,140.5003,1191.4615,8.4801,1.4911,0.753,0.1647,0.8162,13.1538
Cr7.3 Mo22.8 Nb22.2 Ta10.9 Ti19.1 Zr17.6,140.5289,1191.4981,8.4787,1.4912,0.7531,0.1647,0.8163,13.1617
Cr7.3 Mo22.9 Nb22.2 Ta10.9 Ti19.1 Zr17.7,140.5837,1192.2048,8.4804,1.4913,0.7531,0.1648,0.8159,13.1814
Cr7.4 Mo22.8 Nb21.6 Ta10.6 Ti19.2 Zr18.4,140.5899,1184.901,8.4281,1.5124,0.7533,0.1656,0.7991,12.7182
Cr7.4 Mo22.4 Nb22.6 Ta10.5 Ti19.1 Zr18.0,140.6375,1185.5225,8.4296,1.5135,0.7531,0.164,0.806,13.1222
Cr7.4 Mo22.8 Nb21.6 Ta10.6 Ti19.1 Zr18.5,140.6819,1186.0413,8.4307,1.5142,0.7533,0.166,0.7962,12.7717
Cr7.5 Mo22.4 Nb22.5 Ta10.5 Ti18.9 Zr18.2,140.704,1187.0948,8.4368,1.517,0.7531,0.165,0.7981,13.0429
Cr7.5 Mo22.4 Nb22.7 Ta10.5 Ti18.9 Zr18.1,140.8073,1187.9397,8.4366,1.5195,0.7531,0.1642,0.8009,13.1764
Cr7.4 Mo22.4 Nb22.6 Ta10.5 Ti18.9 Zr18.2,140.9081,1188.8656,8.4372,1.5208,0.7531,0.1636,0.8032,13.1637
Cr7.3 Mo22.4 Nb22.6 Ta10.5 Ti18.9 Zr18.2,140.9817,1189.6317,8.4382,1.5212,0.7531,0.1633,0.8053,13.1696
Cr7.2 Mo22.4 Nb22.6 Ta10.5 Ti18.9 Zr18.3,141.1263,1190.4787,8.4356,1.527,0.7532,0.1625,0.8058,13.158
