composition,specific_strength,sigma_MPa,density,log10_mass_gain,log_mass_gain_sd,log_sigma_sd,p_bcc,ox_distance_at_pct
Al19.3 Cr22.3 Mo31.7 Ti26.7,70.1743,449.9246,6.4115,0.1005,0.5128,0.1659,0.5036,5.0736
Al19.3 Cr22.3 Mo31.7 Ti26.7,70.1946,450.067,6.4117,0.1005,0.5128,0.1658,0.5028,5.0573
Al19.3 Cr22.3 Mo31.7 Ti26.7,70.1946,450.067,6.4117,0.1005,0.5128,0.1658,0.5028,5.0573
Al19.3 Cr22.3 Mo31.7 Ti26.7,70.1962,450.0588,6.4114,0.1006,0.5128,0.1658,0.5027,5.0545
Al19.3 Cr22.4 Mo31.6 Ti26.8,70.2199,449.9285,6.4074,0.1012,0.5128,0.1648,0.5005,5.0108
Al19.3 Cr22.4 Mo31.6 Ti26.8,70.2211,449.9217,6.4072,0.1012,0.5128,0.1647,0.5004,5.0086
Al19.3 Cr22.4 Mo31.6 Ti26.8,70.2211,449.9217,6.4072,0.1012,0.5128,0.1647,0.5004,5.0086
Al19.3 Cr22.4 Mo31.6 Ti26.8,70.2228,449.9437,6.4074,0.1013,0.5128,0.1648,0.5005,5.0108
Al19.2 Cr22.4 Mo31.6 Ti26.8,70.24,450.3124,6.4111,0.1017,0.5128,0.1655,0.5039,5.0817
Al19.2 Cr22.4 Mo31.6 Ti26.8,70.2699,450.5587,6.4118,0.1018,0.5128,0.1655,0.5037,5.0759
Al19.2 Cr22.4 Mo31.6 Ti26.8,70.3131,450.6186,6.4087,0.1022,0.5127,0.1645,0.5006,5.0106
Al19.2 Cr22.4 Mo31.5 Ti26.9,70.3193,450.3854,6.4049,0.1035,0.5127,0.1638,0.5014,5.0334
Al19.2 Cr22.4 Mo31.4 Ti27.1,70.3261,449.7536,6.3953,0.1065,0.5127,0.1621,0.5025,5.0684
Al19.1 Cr22.4 Mo31.4 Ti27.1,70.3602,450.1787,6.3982,0.1069,0.5127,0.1626,0.5047,5.1119
Al19.1 Cr22.4 Mo31.4 Ti27.1,70.3602,450.1787,6.3982,0.1069,0.5127,0.1626,0.5047,5.1119
Al19.1 Cr22.4 Mo31.4 Ti27.1,70.3602,450.1787,6.3982,0.1069,0.5127,0.1626,0.5047,5.1119
Al19.1 Cr22.4 Mo31.4 Ti27.1,70.3602,450.1787,6.3982,0.1069,0.5127,0.1626,0.5047,5.1119
Al19.1 Cr22.4 Mo31.4 Ti27.1,70.3645,450.2367,6.3986,0.1069,0.5127,0.1626,0.5049,5.1162
Al18.3 Cr23.1 Mo31.4 Ti27.2,71.2258,458.1927,6.433,0.1125,0.5128,0.165,0.5133,5.2472
Al18.3 Cr23.1 Mo31.4 Ti27.2,71.232,458.1473,6.4318,0.1127,0.5128,0.1647,0.5127,5.2342
Al18.3 Cr23.2 Mo31.3 Ti27.2,71.3266,458.7868,6.4322,0.1128,0.5127,0.1642,0.5091,5.1543
Al18.2 Cr23.2 Mo31.3 Ti27.3,71.3467,458.842,6.4312,0.1148,0.5127,0.1641,0.5135,5.2524
Al18.2 Cr23.2 Mo31.3 Ti27.3,71.3567,458.9713,6.4321,0.1148,0.5127,0.1643,0.514,5.261
Al18.2 Cr23.2 Mo31.3 Ti27.3,71.3567,458.9713,6.4321,0.1148,0.5127,0.1643,0.514,5.261
Al18.2 Cr23.2 Mo31.3 Ti27.3,71.372,459.158,6.4333,0.115,0.5128,0.1645,0.5149,5.2791
Al18.2 Cr23.2 Mo31.3 Ti27.3,71.3943,459.4301,6.4351,0.1152,0.5128,0.1648,0.5162,5.3055
Al18.1 Cr23.2 Mo31.3 Ti27.3,71.4118,459.6438,6.4365,0.1154,0.5128,0.165,0.5172,5.3262
Al17.9 Cr23.4 Mo31.2 Ti27.5,71.6573,461.1209,6.4351,0.1196,0.5127,0.1638,0.5184,5.3492
Al17.9 Cr23.4 Mo31.1 Ti27.5,71.6756,460.9319,6.4308,0.1203,0.5127,0.1628,0.5161,5.3029
Al17.7 Cr23.5 Mo31.2 Ti27.6,71.8426,462.8516,6.4426,0.1221,0.5128,0.1647,0.5246,5.4736
Al17.6 Cr23.4 Mo31.1 Ti27.9,71.8459,462.5073,6.4375,0.1259,0.5127,0.1642,0.5318,5.6392
Al17.5 Cr23.5 Mo31.1 Ti27.9,71.9045,463.2058,6.442,0.1265,0.5128,0.1649,0.5351,5.705
Al17.5 Cr23.5 Mo31.1 Ti27.9,71.9045,463.2058,6.442,0.1265,0.5128,0.1649,0.5351,5.705
Al17.4 Cr23.9 Mo30.8 Ti27.9,72.3121,465.2391,6.4338,0.1286,0.5127,0.1608,0.5165,5.2933
Al17.5 Cr24.0 Mo30.6 Ti27.9,72.3559,464.9336,6.4257,0.1299,0.5126,0.1589,0.5111,5.1822
Al17.5 Cr24.0 Mo30.6 Ti27.9,72.3559,464.9336,6.4257,0.1299,0.5126,0.1589,0.5111,5.1822
Al17.5 Cr24.1 Mo30.4 Ti28.0,72.4031,464.769,6.4192,0.1315,0.5126,0.1574,0.5075,5.0709
Al17.5 Cr24.1 Mo30.3 Ti28.1,72.4114,464.1922,6.4105,0.133,0.5126,0.1555,0.5029,4.9516
Al17.5 Cr24.1 Mo30.3 Ti28.1,72.4118,464.1943,6.4105,0.133,0.5126,0.1555,0.503,4.9495
Al17.5 Cr24.2 Mo30.2 Ti28.1,72.4144,463.8168,6.405,0.1339,0.5126,0.1544,0.5001,4.8756
Al17.5 Cr24.2 Mo30.2 Ti28.1,72.4144,463.8168,6.405,0.1339,0.5126,0.1544,0.5001,4.8756
Al16.9 Cr24.5 Mo30.5 Ti28.1,72.9974,470.3275,6.4431,0.1352,0.5127,0.1601,0.5149,4.5587
Al17.0 Cr24.7 Mo30.3 Ti28.0,73.0854,470.3506,6.4356,0.1357,0.5126,0.158,0.5049,4.4243
Al17.0 Cr24.7 Mo30.3 Ti28.0,73.0854,470.3506,6.4356,0.1357,0.5126,0.158,0.5049,4.4243
Al16.1 Cr25.7 Mo30.4 Ti27.9,74.3337,482.3282,6.4887,0.1378,0.5127,0.1643,0.5077,3.6368
Al16.1 Cr25.7 Mo30.4 Ti27.9,74.3401,482.3292,6.4881,0.1379,0.5127,0.1642,0.5072,3.6247
Al15.8 Cr26.0 Mo30.4 Ti27.8,74.7091,485.448,6.4978,0.1385,0.5127,0.1649,0.5025,3.3604
Al15.8 Cr26.0 Mo30.4 Ti27.8,74.7091,485.4479,6.4978,0.1385,0.5127,0.1649,0.5025,3.3603
Al15.8 Cr26.0 Mo30.4 Ti27.8,74.7101,485.4005,6.4971,0.1387,0.5127,0.1648,0.5021,3.3501
Al15.8 Cr26.0 Mo30.4 Ti27.8,74.7331,485.7083,6.4992,0.1388,0.5127,0.1652,0.5036,3.3381
Al15.8 Cr26.0 Mo30.4 Ti27.8,74.7512,485.8982,6.5002,0.139,0.5127,0.1653,0.5043,3.3229
Al15.8 Cr26.0 Mo30.4 Ti27.8,74.7589,486.0281,6.5013,0.1392,0.5127,0.1656,0.5059,3.3107
Al15.7 Cr26.2 Mo30.3 Ti27.8,74.9751,487.6408,6.504,0.1397,0.5127,0.1654,0.5006,3.1348
Al15.7 Cr26.2 Mo30.3 Ti27.8,74.9846,487.7459,6.5046,0.1398,0.5127,0.1656,0.501,3.1273
Al15.6 Cr26.3 Mo30.3 Ti27.8,75.0732,488.4766,6.5067,0.141,0.5127,0.1659,0.5027,3.0196
Al15.5 Cr26.3 Mo30.3 Ti27.9,75.1151,488.6919,6.5059,0.1418,0.5127,0.1657,0.5027,2.9444
Al15.5 Cr26.3 Mo30.3 Ti27.9,75.142,488.9445,6.5069,0.1419,0.5127,0.1659,0.5028,2.9264
Al15.5 Cr26.4 Mo30.2 Ti27.9,75.1431,488.8642,6.5058,0.1421,0.5127,0.1656,0.5022,2.9096
Al15.5 Cr26.4 Mo30.2 Ti27.9,75.1644,488.9252,6.5047,0.1422,0.5127,0.1654,0.5004,2.8812
Al14.6 Cr27.3 Mo29.5 Ti28.6,76.2438,496.0069,6.5055,0.1589,0.5126,0.1655,0.5021,1.2527
Al14.3 Cr27.5 Mo29.3 Ti28.9,76.4235,496.9185,6.5022,0.1654,0.5126,0.1657,0.5095,1.1137
Al14.3 Cr27.6 Mo29.2 Ti28.9,76.486,497.1909,6.5004,0.1658,0.5126,0.1654,0.505,1.002
Al14.1 Cr27.6 Mo29.0 Ti29.2,76.568,497.271,6.4945,0.1718,0.5126,0.1653,0.5119,1.1272
Al14.1 Cr27.7 Mo29.0 Ti29.2,76.6407,497.8545,6.496,0.1719,0.5126,0.1655,0.5102,1.0847
Al14.0 Cr27.9 Mo28.9 Ti29.2,76.7605,498.6726,6.4965,0.1723,0.5125,0.1656,0.5054,0.9686
Al14.0 Cr27.9 Mo28.9 Ti29.2,76.767,498.74,6.4968,0.1724,0.5125,0.1657,0.5056,0.9732
Al14.0 Cr27.9 Mo28.9 Ti29.2,76.8091,499.1131,6.4981,0.1725,0.5125,0.1659,0.5055,0.9667
Al16.3 Cr23.8 Mo30.8 Nb5.8 Ti23.3,77.4244,520.8685,6.7275,0.21,0.5126,0.1625,0.5178,9.9583
Al15.7 Cr24.8 Mo30.8 Nb6.0 Ti22.8,78.8002,533.7405,6.7733,0.2116,0.5126,0.1648,0.5007,9.5588
Al15.6 Cr24.8 Mo30.8 Nb6.0 Ti22.8,78.8371,533.9875,6.7733,0.2131,0.5126,0.1645,0.5019,9.5609
Al15.6 Cr24.8 Mo30.8 Nb6.0 Ti22.8,78.8468,534.0743,6.7736,0.2134,0.5126,0.1644,0.502,9.5669
Al15.6 Cr24.8 Mo30.7 Nb6.1 Ti22.8,78.888,534.441,6.7747,0.2145,0.5126,0.1642,0.5024,9.5922
Al15.6 Cr24.8 Mo30.6 Nb6.1 Ti22.9,78.9338,534.1432,6.767,0.2165,0.5125,0.1627,0.5006,9.4717
Al15.6 Cr24.8 Mo30.6 Nb6.1 Ti22.9,78.9338,534.1432,6.767,0.2165,0.5125,0.1627,0.5006,9.4717
Al15.4 Cr24.8 Mo30.8 Nb6.1 Ti22.9,79.0009,535.8644,6.783,0.2166,0.5126,0.1656,0.5112,9.4562
Al15.4 Cr24.8 Mo30.8 Nb6.1 Ti22.9,79.0009,535.8644,6.783,0.2166,0.5126,0.1656,0.5112,9.4562
Al15.2 Cr25.1 Mo30.7 Nb5.9 Ti23.1,79.2506,537.2779,6.7795,0.2171,0.5126,0.165,0.5083,9.0025
Al15.2 Cr25.0 Mo30.7 Nb6.0 Ti23.1,79.2563,537.3823,6.7803,0.218,0.5126,0.165,0.5096,9.0441
Al14.9 Cr25.5 Mo30.5 Nb5.9 Ti23.1,79.7929,541.5306,6.7867,0.2196,0.5126,0.1651,0.5046,8.513
Al15.0 Cr25.5 Mo30.4 Nb5.9 Ti23.2,79.839,541.4533,6.7818,0.2206,0.5125,0.164,0.5016,8.4445
Al15.0 Cr25.5 Mo30.3 Nb5.9 Ti23.2,79.8553,541.1568,6.7767,0.222,0.5125,0.1631,0.501,8.3627
Al14.9 Cr25.5 Mo30.4 Nb5.9 Ti23.3,79.8702,541.4844,6.7796,0.2221,0.5125,0.1637,0.504,8.3249
Al14.9 Cr25.5 Mo30.4 Nb5.9 Ti23.3,79.888,541.6945,6.7807,0.2222,0.5125,0.1637,0.5036,8.3483
Al14.9 Cr25.5 Mo30.4 Nb5.9 Ti23.3,79.888,541.6945,6.7807,0.2222,0.5125,0.1637,0.5036,8.3483
Al14.4 Cr26.2 Mo30.1 Nb5.5 Ti23.8,80.2779,543.4001,6.769,0.2228,0.5125,0.164,0.5043,7.1414
Al14.4 Cr26.2 Mo30.1 Nb5.5 Ti23.9,80.2983,543.6223,6.77,0.2231,0.5125,0.1642,0.5055,7.1191
Al14.3 Cr26.2 Mo30.0 Nb5.5 Ti24.1,80.3718,543.9469,6.7679,0.2262,0.5125,0.164,0.5111,6.9197
Al14.3 Cr26.2 Mo30.2 Nb5.9 Ti23.4,80.8329,549.902,6.8029,0.2267,0.5125,0.166,0.504,7.5632
Al14.3 Cr26.2 Mo30.2 Nb5.9 Ti23.4,80.8435,549.9364,6.8025,0.2268,0.5125,0.1658,0.5034,7.5508
Al14.3 Cr26.2 Mo30.2 Nb5.9 Ti23.4,80.8435,549.9364,6.8025,0.2268,0.5125,0.1658,0.5034,7.5508
Al14.3 Cr26.2 Mo30.2 Nb5.9 Ti23.4,80.8435,549.9364,6.8025,0.2268,0.5125,0.1658,0.5034,7.5508
Al13.9 Cr26.6 Mo29.8 Nb5.5 Ti24.1,80.9932,548.8767,6.7768,0.2314,0.5125,0.1641,0.508,6.7824
Al14.3 Cr26.2 Mo30.0 Nb6.1 Ti23.4,81.0323,550.7527,6.7967,0.2333,0.5125,0.1634,0.5024,7.4981
Al14.2 Cr26.2 Mo30.0 Nb6.1 Ti23.5,81.0784,551.3484,6.8002,0.2339,0.5125,0.164,0.5059,7.5294
Al14.1 Cr26.3 Mo29.9 Nb6.2 Ti23.5,81.2928,552.8434,6.8006,0.2391,0.5125,0.1627,0.5061,7.5463
Al13.9 Cr26.3 Mo30.1 Nb6.6 Ti23.1,81.7028,558.4123,6.8347,0.2417,0.5125,0.1656,0.5121,8.1286
Al13.9 Cr26.3 Mo30.1 Nb6.6 Ti23.1,81.7042,558.4252,6.8347,0.2417,0.5125,0.1656,0.5121,8.1297
Al13.9 Cr26.3 Mo30.1 Nb6.6 Ti23.1,81.7067,558.4098,6.8343,0.2417,0.5125,0.1656,0.5118,8.1217
Al13.9 Cr26.5 Mo30.0 Nb6.6 Ti23.1,81.9426,560.2107,6.8366,0.2423,0.5125,0.1653,0.5058,8.0519
Al13.6 Cr26.5 Mo30.0 Nb6.6 Ti23.4,82.0311,560.8196,6.8367,0.2466,0.5125,0.1659,0.5187,7.9703
Al13.6 Cr26.5 Mo30.0 Nb6.6 Ti23.3,82.1104,561.7217,6.8411,0.2472,0.5125,0.1659,0.5174,8.0573
Al13.6 Cr26.5 Mo30.0 Nb6.6 Ti23.3,82.1104,561.7217,6.8411,0.2472,0.5125,0.1659,0.5174,8.0573
Al13.6 Cr26.5 Mo30.0 Nb6.6 Ti23.3,82.1123,561.716,6.8408,0.2472,0.5125,0.1659,0.5173,8.0531
Al13.8 Cr26.5 Mo30.0 Nb7.0 Ti22.7,82.4611,565.5759,6.8587,0.2478,0.5125,0.1656,0.5039,8.4312
Al13.4 Cr27.2 Mo29.4 Nb6.3 Ti23.8,82.4802,561.799,6.8113,0.2493,0.5124,0.1631,0.5003,7.084
Al13.0 Cr27.6 Mo29.4 Nb6.2 Ti23.8,82.9814,566.5144,6.827,0.2499,0.5124,0.166,0.5016,7.0094
Al13.0 Cr27.6 Mo29.4 Nb6.2 Ti23.8,82.9814,566.5144,6.827,0.2499,0.5124,0.166,0.5016,7.0094
Al13.0 Cr27.6 Mo29.4 Nb6.2 Ti23.8,82.9814,566.5144,6.827,0.2499,0.5124,0.166,0.5016,7.0094
Al13.0 Cr27.6 Mo29.4 Nb6.2 Ti23.8,82.9814,566.5144,6.827,0.2499,0.5124,0.166,0.5016,7.0094
Al13.0 Cr27.6 Mo29.4 Nb6.2 Ti23.8,82.9814,566.5144,6.827,0.2499,0.5124,0.166,0.5016,7.0094
Al13.0 Cr27.6 Mo29.4 Nb6.3 Ti23.8,83.0561,567.2009,6.8291,0.252,0.5124,0.1656,0.5023,7.0764
Al13.0 Cr27.5 Mo29.3 Nb6.3 Ti23.8,83.0683,567.2536,6.8288,0.2534,0.5124,0.1653,0.5037,7.0931
Al13.0 Cr27.5 Mo29.3 Nb6.4 Ti23.8,83.145,568.0044,6.8315,0.2547,0.5124,0.165,0.5029,7.165
Al12.8 Cr27.8 Mo29.2 Nb6.2 Ti24.1,83.2517,568.143,6.8244,0.2555,0.5124,0.1656,0.5041,6.821
Al12.8 Cr27.8 Mo29.2 Nb6.2 Ti24.1,83.2577,568.1982,6.8246,0.2557,0.5124,0.1656,0.5041,6.8263
Al12.8 Cr27.8 Mo29.2 Nb6.3 Ti23.9,83.4493,570.2518,6.8335,0.2566,0.5124,0.1658,0.5014,6.9735
Al12.8 Cr27.8 Mo29.2 Nb6.3 Ti23.9,83.4535,570.1672,6.8322,0.2569,0.5124,0.1656,0.5006,6.948
Al12.8 Cr27.8 Mo29.2 Nb6.3 Ti23.9,83.4535,570.1672,6.8322,0.2569,0.5124,0.1656,0.5006,6.948
Al12.8 Cr27.8 Mo29.1 Nb6.4 Ti23.9,83.4755,570.1159,6.8297,0.258,0.5124,0.1653,0.5003,6.894
Al12.8 Cr27.8 Mo29.2 Nb6.4 Ti23.9,83.4994,570.6687,6.8344,0.2586,0.5124,0.1654,0.5026,7.0175
Al12.7 Cr27.8 Mo29.1 Nb6.6 Ti23.8,83.7021,572.4223,6.8388,0.2631,0.5124,0.1645,0.5018,7.1395
Al12.7 Cr27.7 Mo29.1 Nb6.7 Ti23.8,83.7037,572.7976,6.8432,0.264,0.5124,0.1648,0.5064,7.2597
Al12.7 Cr27.7 Mo29.1 Nb6.7 Ti23.8,83.7122,572.6587,6.8408,0.2645,0.5124,0.1644,0.5049,7.2149
Al12.7 Cr27.6 Mo29.2 Nb6.9 Ti23.6,83.8713,575.0508,6.8564,0.2652,0.5124,0.1657,0.5098,7.5085
Al12.2 Cr28.4 Mo28.6 Nb6.1 Ti24.6,83.884,571.3828,6.8116,0.2668,0.5123,0.1654,0.5008,6.1172
Al12.2 Cr28.4 Mo28.6 Nb6.1 Ti24.6,83.884,571.3828,6.8116,0.2668,0.5123,0.1654,0.5008,6.1172
Al12.2 Cr28.4 Mo28.6 Nb6.1 Ti24.6,83.884,571.3828,6.8116,0.2668,0.5123,0.1654,0.5008,6.1172
Al12.2 Cr28.4 Mo28.6 Nb6.1 Ti24.6,83.9016,571.574,6.8124,0.2669,0.5123,0.1656,0.5013,6.1183
Al12.7 Cr27.7 Mo29.1 Nb6.9 Ti23.7,83.9397,575.1424,6.8519,0.2671,0.5124,0.1648,0.5062,7.4113
Al12.6 Cr27.7 Mo29.1 Nb7.0 Ti23.6,84.0803,576.8149,6.8603,0.268,0.5124,0.1654,0.5079,7.5457
Al12.6 Cr27.7 Mo29.2 Nb7.0 Ti23.5,84.1686,577.9015,6.866,0.2686,0.5124,0.1659,0.5093,7.6351
Al12.6 Cr27.7 Mo29.1 Nb7.2 Ti23.4,84.2958,579.0917,6.8698,0.2707,0.5124,0.1652,0.5068,7.7449
Al13.3 Cr26.8 Mo29.8 Nb8.5 Ti21.7,84.3918,584.8851,6.9306,0.272,0.5124,0.1653,0.5008,9.698
Al12.3 Cr28.0 Mo28.8 Nb7.0 Ti23.9,84.4285,578.6363,6.8536,0.2752,0.5124,0.1648,0.5085,7.208
Al12.3 Cr28.0 Mo28.8 Nb7.0 Ti23.9,84.4285,578.6363,6.8536,0.2752,0.5124,0.1648,0.5085,7.208
Al12.3 Cr28.0 Mo28.8 Nb7.0 Ti23.9,84.4308,578.6617,6.8537,0.2753,0.5124,0.1648,0.5086,7.209
Al12.3 Cr28.0 Mo28.8 Nb7.0 Ti23.9,84.4308,578.6617,6.8537,0.2753,0.5124,0.1648,0.5086,7.209
Al12.3 Cr28.0 Mo28.8 Nb7.0 Ti23.9,84.4461,578.8307,6.8544,0.2754,0.5124,0.1649,0.5091,7.2149
Al12.3 Cr28.0 Mo28.8 Nb7.0 Ti23.9,84.4495,578.6715,6.8523,0.2755,0.5123,0.1646,0.5068,7.1698
Al12.3 Cr28.0 Mo28.8 Nb7.0 Ti23.9,84.4694,579.0912,6.8556,0.2756,0.5124,0.1651,0.5099,7.2245
Al12.7 Cr27.3 Mo29.3 Nb7.8 Ti22.8,84.5485,583.2838,6.8988,0.2759,0.5124,0.165,0.5111,8.5811
Al12.7 Cr27.3 Mo29.3 Nb7.8 Ti22.8,84.5513,583.2659,6.8984,0.276,0.5124,0.1649,0.5108,8.5729
Al13.2 Cr26.7 Mo29.8 Nb8.6 Ti21.6,84.6162,587.131,6.9388,0.2766,0.5124,0.1653,0.5053,9.8544
Al13.2 Cr26.8 Mo29.7 Nb8.7 Ti21.7,84.6487,587.0824,6.9355,0.2773,0.5124,0.1646,0.5032,9.7944
Al12.6 Cr27.4 Mo29.3 Nb7.8 Ti22.9,84.6696,583.9679,6.897,0.2782,0.5124,0.1647,0.5113,8.4899
Al12.6 Cr27.4 Mo29.2 Nb7.8 Ti22.9,84.6697,583.9673,6.897,0.2782,0.5124,0.1647,0.5113,8.4896
Al12.2 Cr28.1 Mo28.7 Nb7.1 Ti23.8,84.7783,581.8656,6.8634,0.2788,0.5123,0.1653,0.5077,7.2854
Al12.0 Cr28.5 Mo28.5 Nb6.8 Ti24.2,84.7806,580.4587,6.8466,0.2793,0.5123,0.1656,0.5041,6.8196
Al12.2 Cr28.2 Mo28.6 Nb7.1 Ti23.8,84.812,581.7029,6.8587,0.2797,0.5123,0.1645,0.5026,7.1832
Al12.2 Cr28.2 Mo28.6 Nb7.1 Ti23.8,84.812,581.7029,6.8587,0.2797,0.5123,0.1645,0.5026,7.1832
Al12.2 Cr28.2 Mo28.6 Nb7.1 Ti23.8,84.8124,581.7071,6.8588,0.2797,0.5123,0.1645,0.5027,7.1834
Al12.1 Cr28.2 Mo28.6 Nb7.1 Ti23.9,84.8858,582.5178,6.8624,0.2803,0.5123,0.1651,0.5052,7.2122
Al12.2 Cr28.0 Mo29.0 Nb7.9 Ti22.9,85.4084,590.0336,6.9084,0.2825,0.5124,0.166,0.5036,8.3048
Al12.2 Cr28.0 Mo29.0 Nb7.9 Ti22.9,85.4456,590.3424,6.909,0.2834,0.5124,0.1657,0.5037,8.3258
Al12.2 Cr28.0 Mo29.0 Nb7.9 Ti22.9,85.4456,590.3424,6.909,0.2834,0.5124,0.1657,0.5037,8.3258
Al12.2 Cr28.0 Mo29.0 Nb7.9 Ti22.9,85.4526,590.4222,6.9094,0.2835,0.5124,0.1658,0.5039,8.3287
Al12.4 Cr27.6 Mo29.2 Nb8.4 Ti22.4,85.5703,593.2307,6.9327,0.2868,0.5124,0.1658,0.51,9.0347
Al12.0 Cr28.2 Mo28.8 Nb8.0 Ti22.9,85.9187,593.9852,6.9133,0.2896,0.5123,0.1656,0.5004,8.2308
Al12.0 Cr28.2 Mo28.8 Nb8.0 Ti22.9,85.9187,593.9852,6.9133,0.2896,0.5123,0.1656,0.5004,8.2308
Al12.0 Cr28.3 Mo28.7 Nb8.0 Ti22.9,85.938,594.1391,6.9136,0.2897,0.5123,0.1656,0.5,8.223
Al12.0 Cr28.2 Mo28.8 Nb8.0 Ti22.9,85.9455,594.2869,6.9147,0.2898,0.5123,0.1658,0.5013,8.2417
Al12.0 Cr28.2 Mo28.8 Nb8.0 Ti22.9,85.9455,594.2869,6.9147,0.2898,0.5123,0.1658,0.5013,8.2417
Al12.0 Cr28.3 Mo28.7 Nb8.1 Ti23.0,85.9974,594.741,6.9158,0.2905,0.5123,0.1659,0.5021,8.2364
Al12.1 Cr28.0 Mo29.0 Nb8.4 Ti22.6,86.0193,596.3697,6.933,0.2913,0.5124,0.1659,0.5063,8.7846
Al12.1 Cr27.9 Mo29.0 Nb8.4 Ti22.6,86.0607,596.7504,6.9341,0.2924,0.5124,0.1657,0.5067,8.82
Al12.1 Cr28.0 Mo28.8 Nb8.4 Ti22.6,86.0646,596.2547,6.928,0.2932,0.5123,0.1648,0.503,8.705
Al12.1 Cr28.0 Mo28.9 Nb8.5 Ti22.5,86.2008,597.7995,6.935,0.2935,0.5123,0.1651,0.5009,8.8192
Al12.1 Cr28.0 Mo28.9 Nb8.5 Ti22.5,86.2008,597.7995,6.935,0.2935,0.5123,0.1651,0.5009,8.8192
Al12.1 Cr28.0 Mo28.9 Nb8.5 Ti22.5,86.2478,598.3257,6.9373,0.294,0.5123,0.1655,0.5028,8.8368
Al12.0 Cr28.1 Mo28.9 Nb8.5 Ti22.5,86.2561,598.4199,6.9377,0.294,0.5123,0.1656,0.5031,8.8402
Al12.0 Cr28.0 Mo28.9 Nb8.6 Ti22.4,86.3144,599.1048,6.941,0.2946,0.5123,0.1656,0.5031,8.9087
Al12.0 Cr27.9 Mo28.9 Nb8.7 Ti22.4,86.4092,600.2756,6.9469,0.2975,0.5123,0.1655,0.5076,9.0739
Al12.2 Cr27.7 Mo29.1 Nb9.1 Ti21.8,86.5159,602.6084,6.9653,0.2981,0.5123,0.165,0.5034,9.6572
Al12.7 Cr27.0 Mo29.6 Nb10.2 Ti20.5,86.7303,608.6953,7.0183,0.3011,0.5124,0.1659,0.5037,11.2235
Al12.7 Cr26.9 Mo29.5 Nb10.3 Ti20.5,86.7423,608.5353,7.0154,0.3028,0.5124,0.1648,0.5011,11.2583
Al12.7 Cr26.9 Mo29.5 Nb10.3 Ti20.5,86.7433,608.5349,7.0154,0.3028,0.5124,0.1648,0.5011,11.2567
Al12.7 Cr26.9 Mo29.5 Nb10.3 Ti20.5,86.7433,608.5349,7.0154,0.3028,0.5124,0.1648,0.5011,11.2567
Al12.7 Cr26.9 Mo29.5 Nb10.3 Ti20.5,86.7433,608.5349,7.0154,0.3028,0.5124,0.1648,0.5011,11.2567
Al12.2 Cr27.6 Mo29.0 Nb9.4 Ti21.8,86.7853,605.159,6.9731,0.3046,0.5123,0.1641,0.5069,9.8692
Al12.2 Cr27.6 Mo29.0 Nb9.4 Ti21.8,86.7861,605.1544,6.9729,0.3046,0.5123,0.1641,0.5068,9.867
Al12.2 Cr27.6 Mo29.0 Nb9.4 Ti21.8,86.7987,605.187,6.9723,0.3049,0.5123,0.164,0.5065,9.8521
Al12.6 Cr27.0 Mo29.6 Nb10.3 Ti20.5,86.9279,610.709,7.0255,0.305,0.5124,0.1659,0.5076,11.3656
Al12.6 Cr27.1 Mo29.5 Nb10.5 Ti20.2,87.2549,613.9045,7.0358,0.3068,0.5124,0.1658,0.5007,11.5303
Al12.6 Cr27.1 Mo29.6 Nb10.5 Ti20.2,87.2634,614.0709,7.037,0.3068,0.5124,0.166,0.5016,11.5453
Al12.5 Cr27.0 Mo29.5 Nb10.7 Ti20.2,87.4074,615.3617,7.0402,0.3103,0.5124,0.1654,0.5027,11.6488
Al12.5 Cr27.0 Mo29.5 Nb10.7 Ti20.2,87.4074,615.3617,7.0402,0.3103,0.5124,0.1654,0.5027,11.6488
Al12.6 Cr26.9 Mo29.5 Nb10.8 Ti20.2,87.4365,615.9041,7.044,0.3124,0.5124,0.1651,0.5051,11.8087
Al12.6 Cr26.9 Mo29.5 Nb10.9 Ti20.2,87.4561,615.9183,7.0426,0.3128,0.5124,0.1648,0.5042,11.7818
Al12.7 Cr26.7 Mo29.5 Nb11.2 Ti19.9,87.4594,616.605,7.0502,0.3149,0.5124,0.1641,0.5028,12.14
Al12.7 Cr26.7 Mo29.5 Nb11.2 Ti19.9,87.4664,616.6911,7.0506,0.315,0.5124,0.1641,0.5031,12.1436
Al12.2 Cr27.2 Mo29.4 Nb10.7 Ti20.5,87.8061,618.5849,7.0449,0.3162,0.5124,0.1659,0.5121,11.5163
Al11.4 Cr28.5 Mo28.5 Nb9.4 Ti22.2,87.9077,613.5262,6.9792,0.3171,0.5123,0.1658,0.5065,9.4179
Al11.4 Cr28.5 Mo28.5 Nb9.4 Ti22.3,87.9307,613.7874,6.9804,0.3173,0.5123,0.166,0.5073,9.4202
Al11.4 Cr28.5 Mo28.5 Nb9.4 Ti22.3,87.9335,613.8186,6.9805,0.3173,0.5123,0.166,0.5074,9.4205
Al11.3 Cr28.5 Mo28.4 Nb9.4 Ti22.2,87.9574,613.947,6.9801,0.3174,0.5123,0.166,0.506,9.4179
Al12.1 Cr27.3 Mo29.3 Nb10.9 Ti20.5,88.0225,620.4315,7.0486,0.3199,0.5124,0.1652,0.5113,11.5997
Al12.1 Cr27.3 Mo29.3 Nb10.9 Ti20.5,88.0225,620.4315,7.0486,0.3199,0.5124,0.1652,0.5113,11.5997
Al12.1 Cr27.4 Mo29.1 Nb10.8 Ti20.5,88.1085,620.264,7.0398,0.32,0.5123,0.1642,0.5032,11.3647
Al12.1 Cr27.4 Mo29.1 Nb10.8 Ti20.5,88.1085,620.264,7.0398,0.32,0.5123,0.1642,0.5032,11.3647
Al12.1 Cr27.4 Mo29.1 Nb10.8 Ti20.5,88.1114,620.1009,7.0377,0.3205,0.5123,0.1638,0.5026,11.3356
Al12.0 Cr27.6 Mo29.0 Nb10.7 Ti20.7,88.1918,620.5081,7.0359,0.3205,0.5123,0.1645,0.5043,11.1552
Al12.0 Cr27.6 Mo29.1 Nb10.8 Ti20.5,88.3293,622.1127,7.0431,0.3207,0.5123,0.1648,0.5018,11.2778
Al12.0 Cr27.6 Mo29.1 Nb10.8 Ti20.5,88.3293,622.1127,7.0431,0.3207,0.5123,0.1648,0.5018,11.2778
Al12.0 Cr27.6 Mo29.1 Nb10.8 Ti20.4,88.4063,623.0208,7.0472,0.3208,0.5123,0.165,0.5003,11.3538
Al11.9 Cr27.6 Mo29.1 Nb10.9 Ti20.4,88.5387,624.4538,7.0529,0.3227,0.5123,0.1653,0.5031,11.4366
Al11.9 Cr27.6 Mo29.1 Nb10.9 Ti20.5,88.5843,624.9682,7.0551,0.3234,0.5123,0.1656,0.5056,11.4511
Al12.0 Cr27.5 Mo29.2 Nb11.2 Ti20.2,88.6582,626.6398,7.068,0.3238,0.5123,0.1659,0.5048,11.8141
Al11.9 Cr27.7 Mo29.1 Nb11.1 Ti20.3,88.7694,626.9722,7.0629,0.325,0.5123,0.1656,0.5034,11.6105
Al11.9 Cr27.7 Mo29.1 Nb11.1 Ti20.3,88.781,626.8255,7.0604,0.3253,0.5123,0.1653,0.5018,11.5583
Al11.9 Cr27.7 Mo29.1 Nb11.1 Ti20.3,88.7926,626.9311,7.0606,0.3256,0.5123,0.1652,0.5019,11.5673
Al11.8 Cr27.7 Mo29.0 Nb11.1 Ti20.4,88.8031,626.6506,7.0566,0.3271,0.5123,0.1648,0.5038,11.4771
Al11.3 Cr28.4 Mo28.5 Nb10.3 Ti21.5,88.8552,623.8793,7.0213,0.3273,0.5123,0.1656,0.503,10.2738
Al11.3 Cr28.4 Mo28.5 Nb10.3 Ti21.5,88.8552,623.8793,7.0213,0.3273,0.5123,0.1656,0.503,10.2738
Al11.8 Cr27.8 Mo28.9 Nb11.0 Ti20.5,88.8652,626.6285,7.0515,0.3278,0.5123,0.1643,0.5002,11.329
Al11.8 Cr27.8 Mo28.9 Nb11.0 Ti20.5,88.8652,626.6285,7.0515,0.3278,0.5123,0.1643,0.5002,11.329
Al11.7 Cr27.9 Mo28.9 Nb11.0 Ti20.5,89.0099,628.1923,7.0576,0.3288,0.5123,0.1651,0.5033,11.362
Al11.9 Cr27.6 Mo29.0 Nb11.3 Ti20.1,89.0167,629.4015,7.0706,0.3292,0.5123,0.1648,0.5015,11.8337
Al11.6 Cr27.9 Mo28.9 Nb11.1 Ti20.5,89.1222,629.5206,7.0636,0.3298,0.5123,0.1659,0.5073,11.413
Al11.6 Cr27.9 Mo28.9 Nb11.2 Ti20.5,89.2049,630.0607,7.0631,0.3318,0.5123,0.165,0.5041,11.4577
Al11.9 Cr27.5 Mo29.1 Nb11.7 Ti19.8,89.2418,632.4051,7.0864,0.332,0.5123,0.1649,0.5016,12.2352
Al11.6 Cr27.9 Mo28.8 Nb11.2 Ti20.5,89.2423,630.2399,7.0621,0.3328,0.5123,0.1646,0.5035,11.445
Al11.9 Cr27.4 Mo29.2 Nb11.8 Ti19.7,89.3236,633.8091,7.0956,0.3328,0.5123,0.1656,0.5043,12.4318
Al11.9 Cr27.4 Mo29.2 Nb11.8 Ti19.7,89.3639,634.1983,7.0968,0.3338,0.5123,0.1654,0.5048,12.4679
Al11.9 Cr27.4 Mo29.2 Nb11.8 Ti19.7,89.3666,634.1978,7.0966,0.3339,0.5123,0.1654,0.5047,12.4638
Al11.2 Cr28.5 Mo28.5 Nb10.8 Ti21.1,89.5257,630.9664,7.0479,0.3348,0.5123,0.1659,0.5032,10.7844
Al11.2 Cr28.5 Mo28.5 Nb10.8 Ti21.1,89.5257,630.9664,7.0479,0.3348,0.5123,0.1659,0.5032,10.7844
Al11.2 Cr28.5 Mo28.5 Nb10.8 Ti21.1,89.5316,630.9044,7.0467,0.3351,0.5123,0.1657,0.5025,10.7883
Al11.2 Cr28.5 Mo28.5 Nb10.8 Ti21.1,89.5316,630.9044,7.0467,0.3351,0.5123,0.1657,0.5025,10.7883
Al11.2 Cr28.4 Mo28.5 Nb10.9 Ti21.1,89.6298,632.0253,7.0515,0.3378,0.5123,0.1654,0.5054,10.9269
Al11.8 Cr27.6 Mo29.0 Nb11.9 Ti19.7,89.7012,636.4926,7.0957,0.3381,0.5123,0.1645,0.5013,12.3479
Al11.8 Cr27.6 Mo29.0 Nb11.9 Ti19.7,89.7012,636.4926,7.0957,0.3381,0.5123,0.1645,0.5013,12.3479
Al11.8 Cr27.6 Mo29.0 Nb11.9 Ti19.7,89.7012,636.4926,7.0957,0.3381,0.5123,0.1645,0.5013,12.3479
Al11.8 Cr27.6 Mo29.0 Nb11.9 Ti19.7,89.7036,636.6089,7.0968,0.3382,0.5123,0.1646,0.502,12.3725
Al11.5 Cr27.7 Mo29.0 Nb11.8 Ti19.9,89.8625,637.9336,7.099,0.3402,0.5123,0.1656,0.5091,12.2433
Al11.5 Cr27.7 Mo29.0 Nb11.8 Ti19.9,89.8719,638.047,7.0995,0.3403,0.5123,0.1657,0.5094,12.2477
Al11.2 Cr28.2 Mo28.6 Nb11.5 Ti20.3,90.1708,638.94,7.0859,0.3418,0.5123,0.1659,0.5034,11.6094
Al11.2 Cr28.2 Mo28.6 Nb11.5 Ti20.3,90.1735,638.9784,7.0861,0.3418,0.5123,0.1659,0.5036,11.6122
Al11.2 Cr28.3 Mo28.6 Nb11.6 Ti20.3,90.2086,639.1077,7.0848,0.342,0.5123,0.1657,0.5009,11.579
Al11.2 Cr28.2 Mo28.6 Nb11.6 Ti20.3,90.2476,639.6658,7.0879,0.3433,0.5123,0.1655,0.5027,11.68
Al11.2 Cr28.2 Mo28.6 Nb11.6 Ti20.3,90.2671,639.8953,7.0889,0.3434,0.5123,0.1656,0.5033,11.6886
Al11.2 Cr28.3 Mo28.6 Nb11.6 Ti20.3,90.3021,640.2613,7.0902,0.3436,0.5123,0.1658,0.5037,11.6923
Al11.2 Cr28.2 Mo28.6 Nb11.7 Ti20.3,90.3234,640.2425,7.0883,0.3463,0.5123,0.165,0.5054,11.7218
Al11.2 Cr28.2 Mo28.5 Nb11.7 Ti20.3,90.3382,640.162,7.0863,0.3469,0.5122,0.1646,0.5041,11.7294
Al11.4 Cr27.6 Mo29.0 Nb12.3 Ti19.7,90.3724,643.8914,7.1249,0.3482,0.5123,0.166,0.5168,12.8004
Al11.4 Cr27.6 Mo29.0 Nb12.4 Ti19.6,90.4772,645.0979,7.13,0.3494,0.5123,0.166,0.5164,12.8605
Al11.7 Cr27.4 Mo29.1 Nb13.0 Ti18.8,90.7754,649.1336,7.151,0.3511,0.5123,0.1653,0.503,13.0769
Al11.7 Cr27.4 Mo29.1 Nb13.0 Ti18.7,90.8369,649.9483,7.1551,0.3511,0.5123,0.1658,0.5039,13.0929
Al11.7 Cr27.4 Mo29.1 Nb13.0 Ti18.7,90.8369,649.9483,7.1551,0.3511,0.5123,0.1658,0.5039,13.0929
Al11.7 Cr27.4 Mo29.1 Nb13.0 Ti18.7,90.8369,649.9483,7.1551,0.3511,0.5123,0.1658,0.5039,13.0929
Al11.7 Cr27.4 Mo29.1 Nb13.0 Ti18.7,90.8369,649.9483,7.1551,0.3511,0.5123,0.1658,0.5039,13.0929
Al11.7 Cr27.4 Mo29.1 Nb13.0 Ti18.7,90.8377,649.949,7.1551,0.3511,0.5123,0.1658,0.5039,13.0923
Al11.7 Cr27.4 Mo29.1 Nb13.0 Ti18.7,90.8377,649.949,7.1551,0.3511,0.5123,0.1658,0.5039,13.0923
Al11.7 Cr27.4 Mo29.1 Nb13.1 Ti18.7,90.8965,650.4507,7.1559,0.352,0.5123,0.1656,0.5036,13.0682
Al11.0 Cr28.4 Mo28.4 Nb12.0 Ti20.1,90.9812,646.5215,7.1061,0.3522,0.5122,0.1654,0.5004,12.0506
Al11.0 Cr28.4 Mo28.4 Nb12.0 Ti20.1,90.9836,646.5451,7.1062,0.3523,0.5122,0.1654,0.5004,12.0547
Al11.0 Cr28.4 Mo28.4 Nb12.0 Ti20.1,90.9839,646.5093,7.1058,0.3523,0.5122,0.1654,0.5001,12.0519
Al10.9 Cr28.5 Mo28.4 Nb12.0 Ti20.1,91.0715,647.202,7.1065,0.3537,0.5122,0.1656,0.5019,12.0502
Al10.9 Cr28.5 Mo28.4 Nb12.0 Ti20.2,91.0964,647.5542,7.1085,0.3539,0.5122,0.1658,0.5037,12.0526
Al10.9 Cr28.4 Mo28.4 Nb12.1 Ti20.1,91.1226,647.8196,7.1093,0.355,0.5122,0.1654,0.5032,12.133
Al10.9 Cr28.4 Mo28.4 Nb12.1 Ti20.1,91.1226,647.8196,7.1093,0.355,0.5122,0.1654,0.5032,12.133
Al10.9 Cr28.4 Mo28.4 Nb12.1 Ti20.1,91.1226,647.8196,7.1093,0.355,0.5122,0.1654,0.5032,12.133
Al10.9 Cr28.4 Mo28.4 Nb12.2 Ti20.1,91.13,647.7303,7.1078,0.3557,0.5122,0.1651,0.5027,12.1466
Al10.9 Cr28.4 Mo28.4 Nb12.2 Ti20.1,91.1302,647.7328,7.1078,0.3557,0.5122,0.1651,0.5028,12.1466
Al10.9 Cr28.4 Mo28.4 Nb12.2 Ti20.1,91.2021,648.6176,7.1119,0.3557,0.5122,0.1656,0.5037,12.1592
Al11.0 Cr28.3 Mo28.4 Nb12.3 Ti20.0,91.2161,648.7042,7.1117,0.3575,0.5122,0.1646,0.5026,12.2907
Al11.5 Cr27.5 Mo29.1 Nb13.4 Ti18.6,91.327,654.9366,7.1713,0.3577,0.5123,0.1658,0.5067,12.9174
Al11.1 Cr28.0 Mo28.7 Nb12.8 Ti19.4,91.4113,653.1987,7.1457,0.3591,0.5123,0.1656,0.5097,12.6504
Al11.1 Cr27.8 Mo28.9 Nb13.0 Ti19.2,91.448,654.3493,7.1554,0.3604,0.5123,0.1658,0.5137,12.6303
Al11.0 Cr28.3 Mo28.3 Nb12.6 Ti19.8,91.4566,651.1645,7.1199,0.3619,0.5122,0.1637,0.5013,12.4508
Al11.0 Cr28.3 Mo28.3 Nb12.6 Ti19.8,91.4592,651.1478,7.1195,0.362,0.5122,0.1636,0.501,12.4468
Al11.3 Cr27.8 Mo28.9 Nb13.5 Ti18.5,91.9152,659.7787,7.1781,0.362,0.5123,0.1659,0.5007,12.847
Al11.3 Cr27.8 Mo28.9 Nb13.5 Ti18.5,91.9152,659.7787,7.1781,0.362,0.5123,0.1659,0.5007,12.847
Al11.3 Cr27.8 Mo28.9 Nb13.5 Ti18.5,91.9268,659.782,7.1773,0.3623,0.5123,0.1657,0.5001,12.838
Al10.9 Cr28.3 Mo28.5 Nb13.0 Ti19.4,92.013,657.8454,7.1495,0.3653,0.5122,0.1653,0.5031,12.4933
Al10.9 Cr28.3 Mo28.5 Nb13.0 Ti19.4,92.013,657.8454,7.1495,0.3653,0.5122,0.1653,0.5031,12.4933
Al11.1 Cr28.1 Mo28.7 Nb13.3 Ti18.9,92.1103,660.2467,7.168,0.3655,0.5122,0.1654,0.5018,12.6293
Al11.1 Cr28.1 Mo28.7 Nb13.3 Ti18.9,92.1285,660.4668,7.169,0.3656,0.5122,0.1655,0.5024,12.6228
Al11.0 Cr28.1 Mo28.7 Nb13.3 Ti18.9,92.1367,660.5667,7.1694,0.3657,0.5122,0.1656,0.5027,12.6199
Al11.0 Cr28.1 Mo28.7 Nb13.3 Ti18.9,92.1479,660.706,7.1701,0.3658,0.5123,0.1657,0.5031,12.616
Al11.1 Cr28.1 Mo28.6 Nb13.4 Ti18.9,92.1582,660.4155,7.1661,0.3671,0.5122,0.1649,0.5018,12.5568
Al11.0 Cr28.1 Mo28.6 Nb13.4 Ti18.9,92.1751,660.6194,7.167,0.3672,0.5122,0.165,0.5024,12.5507
Al11.0 Cr28.1 Mo28.6 Nb13.4 Ti18.9,92.205,660.7601,7.1662,0.3678,0.5122,0.1649,0.5018,12.5299
Al11.1 Cr28.0 Mo28.7 Nb13.6 Ti18.7,92.3567,663.1128,7.1799,0.3682,0.5122,0.1654,0.5013,12.6093
Al11.1 Cr28.0 Mo28.7 Nb13.6 Ti18.7,92.3567,663.1128,7.1799,0.3682,0.5122,0.1654,0.5013,12.6093
Al11.5 Cr27.4 Mo29.1 Nb14.5 Ti17.6,92.5132,667.8108,7.2185,0.3718,0.5123,0.1653,0.5002,12.762
Al11.5 Cr27.4 Mo29.1 Nb14.5 Ti17.6,92.5132,667.8108,7.2185,0.3718,0.5123,0.1653,0.5002,12.762
Al11.5 Cr27.4 Mo29.0 Nb14.5 Ti17.6,92.5538,668.1761,7.2193,0.3727,0.5123,0.1652,0.5006,12.7284
Al10.6 Cr28.4 Mo28.4 Nb13.3 Ti19.3,92.5573,663.3557,7.167,0.3731,0.5122,0.1658,0.5098,12.2419
Al10.6 Cr28.4 Mo28.4 Nb13.3 Ti19.3,92.5578,663.3543,7.1669,0.3731,0.5122,0.1657,0.5098,12.2413
Al10.6 Cr28.4 Mo28.3 Nb13.3 Ti19.4,92.587,663.2525,7.1636,0.374,0.5122,0.1652,0.5075,12.206
Al10.6 Cr28.3 Mo28.4 Nb13.3 Ti19.3,92.6116,663.854,7.1681,0.3744,0.5122,0.1655,0.5103,12.1939
Al10.9 Cr27.9 Mo28.6 Nb13.8 Ti18.7,92.6125,665.7755,7.1888,0.3747,0.5122,0.165,0.5092,12.345
Al10.8 Cr28.1 Mo28.5 Nb13.6 Ti18.9,92.6339,664.9987,7.1788,0.3747,0.5122,0.1649,0.5078,12.2861
Al11.5 Cr27.3 Mo29.0 Nb14.7 Ti17.5,92.6454,668.956,7.2206,0.3751,0.5123,0.1645,0.5003,12.651
Al11.5 Cr27.3 Mo29.0 Nb14.7 Ti17.5,92.6762,669.422,7.2232,0.3753,0.5123,0.1648,0.5021,12.6401
Al10.6 Cr28.3 Mo28.5 Nb13.5 Ti19.1,92.7779,666.2304,7.1809,0.3754,0.5122,0.1659,0.5109,12.2359
Al10.9 Cr28.1 Mo28.5 Nb13.9 Ti18.6,92.9066,668.0277,7.1903,0.3759,0.5122,0.165,0.5017,12.3752
Al10.7 Cr28.2 Mo28.5 Nb13.9 Ti18.7,93.026,669.4056,7.1959,0.3767,0.5122,0.166,0.5062,12.3364
Al10.7 Cr28.2 Mo28.5 Nb13.9 Ti18.7,93.026,669.4056,7.1959,0.3767,0.5122,0.166,0.5062,12.3364
Al10.7 Cr28.2 Mo28.5 Nb13.9 Ti18.7,93.026,669.4056,7.1959,0.3767,0.5122,0.166,0.5062,12.3364
Al11.3 Cr27.5 Mo28.9 Nb14.8 Ti17.5,93.1295,673.6691,7.2337,0.3781,0.5123,0.1656,0.5002,12.6119
Al10.7 Cr28.4 Mo28.4 Nb13.8 Ti18.7,93.1824,670.02,7.1904,0.3784,0.5122,0.1654,0.5004,12.2868
Al10.7 Cr28.4 Mo28.4 Nb13.8 Ti18.7,93.1824,670.02,7.1904,0.3784,0.5122,0.1654,0.5004,12.2868
Al10.7 Cr28.4 Mo28.4 Nb13.8 Ti18.7,93.1824,670.02,7.1904,0.3784,0.5122,0.1654,0.5004,12.2868
Al10.7 Cr28.4 Mo28.4 Nb13.8 Ti18.7,93.185,670.073,7.1908,0.3785,0.5122,0.1654,0.5009,12.281
Al10.7 Cr28.4 Mo28.4 Nb13.8 Ti18.7,93.1858,670.0709,7.1907,0.3785,0.5122,0.1654,0.5008,12.2801
Al10.7 Cr28.4 Mo28.4 Nb13.8 Ti18.7,93.2388,670.5681,7.1919,0.3786,0.5122,0.1656,0.5003,12.2891
Al10.6 Cr28.4 Mo28.3 Nb14.0 Ti18.7,93.3944,672.0856,7.1962,0.3811,0.5122,0.1654,0.5007,12.2195
Al11.2 Cr27.6 Mo28.9 Nb15.0 Ti17.4,93.4244,676.8986,7.2454,0.3818,0.5123,0.166,0.5034,12.5163
Al11.2 Cr27.6 Mo28.9 Nb15.0 Ti17.4,93.4328,676.9128,7.2449,0.382,0.5123,0.1659,0.5031,12.5109
Al11.1 Cr27.6 Mo28.9 Nb15.0 Ti17.4,93.4714,677.0829,7.2437,0.3835,0.5123,0.1655,0.5046,12.4303
Al10.7 Cr28.3 Mo28.4 Nb14.2 Ti18.4,93.6304,674.9629,7.2088,0.3839,0.5122,0.1653,0.5006,12.198
Al10.7 Cr28.3 Mo28.4 Nb14.2 Ti18.4,93.6317,674.9608,7.2087,0.3839,0.5122,0.1653,0.5005,12.1967
Al10.6 Cr28.3 Mo28.4 Nb14.3 Ti18.4,93.7188,675.93,7.2123,0.3847,0.5122,0.1656,0.5018,12.1774
Al10.6 Cr28.3 Mo28.4 Nb14.3 Ti18.4,93.7618,676.3769,7.2138,0.3856,0.5122,0.1654,0.502,12.1524
Al10.6 Cr28.3 Mo28.3 Nb14.3 Ti18.4,93.7639,676.273,7.2125,0.3858,0.5122,0.1653,0.5018,12.1362
Al10.3 Cr28.7 Mo28.1 Nb14.0 Ti18.9,93.9197,676.1801,7.1996,0.3877,0.5122,0.1659,0.501,11.9761
Al10.3 Cr28.7 Mo28.1 Nb14.0 Ti18.9,93.9197,676.1801,7.1996,0.3877,0.5122,0.1659,0.501,11.9761
Al10.3 Cr28.7 Mo28.1 Nb14.0 Ti18.9,93.9197,676.1801,7.1996,0.3877,0.5122,0.1659,0.501,11.9761
Al10.3 Cr28.7 Mo28.1 Nb14.0 Ti18.9,93.9206,676.1754,7.1994,0.3877,0.5122,0.1659,0.5009,11.9748
Al10.3 Cr28.7 Mo28.1 Nb14.0 Ti18.9,93.9218,676.1691,7.1993,0.3878,0.5122,0.1659,0.5008,11.9731
Al10.4 Cr28.4 Mo28.3 Nb14.4 Ti18.5,93.9998,678.5517,7.2187,0.3895,0.5122,0.1658,0.5077,11.976
Al10.3 Cr28.7 Mo28.0 Nb14.1 Ti18.8,94.009,677.004,7.2015,0.3899,0.5122,0.1655,0.5019,11.9053
Al10.4 Cr28.5 Mo28.2 Nb14.4 Ti18.5,94.1136,679.247,7.2173,0.3902,0.5122,0.1658,0.5038,11.9772
Al10.4 Cr28.6 Mo28.2 Nb14.4 Ti18.4,94.1698,679.5503,7.2162,0.3902,0.5122,0.1656,0.5001,12.0046
Al10.4 Cr28.6 Mo28.2 Nb14.4 Ti18.4,94.197,679.908,7.2179,0.3903,0.5122,0.1658,0.5006,12.0048
Al10.4 Cr28.6 Mo28.2 Nb14.4 Ti18.4,94.1975,679.9065,7.2179,0.3903,0.5122,0.1658,0.5006,12.0042
Al10.4 Cr28.6 Mo28.2 Nb14.4 Ti18.4,94.1975,679.9065,7.2179,0.3903,0.5122,0.1658,0.5006,12.0042
Al10.4 Cr28.6 Mo28.2 Nb14.4 Ti18.4,94.1975,679.9065,7.2179,0.3903,0.5122,0.1658,0.5006,12.0042
Al10.4 Cr28.6 Mo28.2 Nb14.4 Ti18.4,94.2487,680.5136,7.2204,0.3905,0.5122,0.1659,0.5,12.0189
Al10.4 Cr28.6 Mo28.2 Nb14.5 Ti18.4,94.2514,680.4015,7.219,0.3917,0.5122,0.1656,0.5011,11.9567
Al10.4 Cr28.6 Mo28.1 Nb14.5 Ti18.4,94.2562,680.3864,7.2185,0.3918,0.5122,0.1655,0.5008,11.9509
Al10.4 Cr28.6 Mo28.1 Nb14.5 Ti18.4,94.2564,680.3888,7.2185,0.3918,0.5122,0.1655,0.5008,11.9509
Al10.4 Cr28.6 Mo28.1 Nb14.5 Ti18.4,94.2564,680.3888,7.2185,0.3918,0.5122,0.1655,0.5008,11.9509
Al10.4 Cr28.6 Mo28.1 Nb14.5 Ti18.4,94.2564,680.3888,7.2185,0.3918,0.5122,0.1655,0.5008,11.9509
Al10.3 Cr28.6 Mo28.1 Nb14.4 Ti18.5,94.2564,680.3121,7.2177,0.3921,0.5122,0.1655,0.5014,11.928
Al10.3 Cr28.6 Mo28.2 Nb14.5 Ti18.4,94.316,681.1047,7.2215,0.3923,0.5122,0.1658,0.5027,11.9304
Al10.3 Cr28.6 Mo28.2 Nb14.5 Ti18.4,94.316,681.1047,7.2215,0.3923,0.5122,0.1658,0.5027,11.9304
Al10.3 Cr28.6 Mo28.2 Nb14.5 Ti18.4,94.3162,681.1071,7.2215,0.3923,0.5122,0.1658,0.5028,11.9304
Al10.3 Cr28.6 Mo28.2 Nb14.5 Ti18.5,94.3211,681.0966,7.221,0.3933,0.5122,0.1658,0.5053,11.8913
Al10.3 Cr28.6 Mo28.1 Nb14.5 Ti18.4,94.4001,681.8817,7.2233,0.3939,0.5122,0.1657,0.5038,11.8902
Al10.3 Cr28.5 Mo28.2 Nb14.6 Ti18.3,94.452,683.0524,7.2317,0.3942,0.5122,0.166,0.506,11.8966
Al10.4 Cr28.4 Mo28.3 Nb14.8 Ti18.1,94.5076,684.2315,7.24,0.3942,0.5122,0.166,0.5046,11.9672
Al10.4 Cr28.4 Mo28.2 Nb14.8 Ti18.1,94.5423,684.185,7.2368,0.3952,0.5122,0.1655,0.5024,11.9329
Al10.4 Cr28.4 Mo28.2 Nb14.8 Ti18.1,94.5446,684.2065,7.2369,0.3952,0.5122,0.1655,0.5024,11.9309
Al10.3 Cr28.5 Mo28.2 Nb14.7 Ti18.3,94.5855,684.1606,7.2332,0.3957,0.5122,0.1658,0.504,11.883
Al10.3 Cr28.5 Mo28.2 Nb14.7 Ti18.2,94.6107,684.5231,7.2352,0.3959,0.5122,0.166,0.5047,11.8945
Al10.3 Cr28.6 Mo28.2 Nb14.8 Ti18.2,94.6258,684.488,7.2336,0.3963,0.5122,0.1658,0.5036,11.8727
Al11.1 Cr27.4 Mo28.9 Nb16.1 Ti16.5,94.6366,690.3761,7.295,0.3974,0.5123,0.1659,0.5037,12.2556
Al11.1 Cr27.4 Mo28.9 Nb16.1 Ti16.5,94.6366,690.3761,7.295,0.3974,0.5123,0.1659,0.5037,12.2556
Al11.1 Cr27.4 Mo28.9 Nb16.1 Ti16.5,94.6366,690.3761,7.295,0.3974,0.5123,0.1659,0.5037,12.2556
Al10.2 Cr28.7 Mo28.1 Nb14.7 Ti18.4,94.7275,685.0004,7.2313,0.3978,0.5122,0.1659,0.5038,11.903
Al10.2 Cr28.7 Mo28.1 Nb14.7 Ti18.4,94.762,685.3097,7.2319,0.3985,0.5122,0.1658,0.5038,11.8837
Al10.3 Cr28.5 Mo28.2 Nb15.0 Ti18.0,94.9212,687.7004,7.245,0.3996,0.5122,0.1656,0.502,11.8382
Al10.3 Cr28.5 Mo28.1 Nb15.2 Ti17.9,95.1354,689.8243,7.251,0.4025,0.5122,0.1652,0.5002,11.7808
Al10.3 Cr28.5 Mo28.1 Nb15.2 Ti17.9,95.1354,689.8243,7.251,0.4025,0.5122,0.1652,0.5002,11.7808
Al10.2 Cr28.5 Mo28.2 Nb15.2 Ti17.9,95.194,690.7764,7.2565,0.4026,0.5122,0.166,0.5039,11.8588
Al10.2 Cr28.5 Mo28.2 Nb15.2 Ti17.9,95.2004,690.766,7.2559,0.4028,0.5122,0.1659,0.5035,11.8503
Al10.2 Cr28.5 Mo28.2 Nb15.2 Ti17.9,95.2115,690.9112,7.2566,0.4032,0.5122,0.1657,0.5039,11.8273
Al10.2 Cr28.6 Mo28.1 Nb15.2 Ti17.9,95.2687,691.0152,7.2533,0.4041,0.5122,0.1653,0.5004,11.8008
Al10.2 Cr28.6 Mo28.1 Nb15.3 Ti17.8,95.3863,692.385,7.2587,0.4049,0.5122,0.1657,0.5014,11.8388
Al10.2 Cr28.6 Mo28.1 Nb15.3 Ti17.9,95.3925,692.2071,7.2564,0.4054,0.5122,0.1656,0.5011,11.8309
Al10.2 Cr28.6 Mo28.1 Nb15.3 Ti17.9,95.3948,692.2285,7.2565,0.4054,0.5122,0.1656,0.5012,11.8292
Al10.2 Cr28.6 Mo28.1 Nb15.3 Ti17.9,95.3948,692.2285,7.2565,0.4054,0.5122,0.1656,0.5012,11.8292
Al10.2 Cr28.6 Mo28.1 Nb15.3 Ti17.9,95.3948,692.2285,7.2565,0.4054,0.5122,0.1656,0.5012,11.8292
Al10.2 Cr28.6 Mo28.1 Nb15.3 Ti17.9,95.3954,692.2353,7.2565,0.4054,0.5122,0.1656,0.5012,11.8295
Al10.2 Cr28.6 Mo28.1 Nb15.3 Ti17.9,95.396,692.2427,7.2565,0.4054,0.5122,0.1656,0.5012,11.8298
Al10.2 Cr28.6 Mo28.0 Nb15.3 Ti17.9,95.3986,692.2187,7.2561,0.4055,0.5122,0.1655,0.5009,11.8236
Al10.2 Cr28.6 Mo28.0 Nb15.3 Ti17.9,95.4019,692.2171,7.2558,0.4056,0.5122,0.1655,0.5007,11.8198
Al10.1 Cr28.6 Mo28.0 Nb15.3 Ti17.9,95.4345,692.5893,7.2572,0.4065,0.5122,0.1654,0.5016,11.7935
Al10.2 Cr28.6 Mo28.1 Nb15.4 Ti17.8,95.4561,693.0248,7.2601,0.4066,0.5122,0.1654,0.502,11.7883
Al10.8 Cr27.7 Mo28.6 Nb16.5 Ti16.4,95.6516,699.3376,7.3113,0.4086,0.5122,0.1653,0.5008,11.9518
Al10.5 Cr28.1 Mo28.4 Nb16.2 Ti16.9,95.7382,698.5662,7.2966,0.4096,0.5122,0.1653,0.5029,11.7845
Al10.7 Cr27.7 Mo28.6 Nb16.6 Ti16.4,95.7467,700.3215,7.3143,0.4097,0.5122,0.1655,0.5019,11.9204
Al10.4 Cr28.1 Mo28.4 Nb16.1 Ti17.0,95.7798,698.7474,7.2954,0.4101,0.5122,0.1653,0.5028,11.7566
Al10.4 Cr28.1 Mo28.4 Nb16.2 Ti16.9,95.8205,699.1073,7.296,0.4102,0.5122,0.1653,0.5017,11.7692
Al10.4 Cr28.1 Mo28.4 Nb16.2 Ti17.0,95.8364,699.4518,7.2984,0.4106,0.5122,0.1656,0.5048,11.7363
Al10.4 Cr28.1 Mo28.4 Nb16.3 Ti16.8,95.9035,700.3039,7.3022,0.4114,0.5122,0.1653,0.5021,11.762
Al10.4 Cr28.1 Mo28.4 Nb16.3 Ti16.8,95.9035,700.3039,7.3022,0.4114,0.5122,0.1653,0.5021,11.762
Al10.4 Cr28.1 Mo28.3 Nb16.3 Ti16.9,95.9763,700.6329,7.3001,0.4131,0.5122,0.1649,0.5021,11.6818
Al10.4 Cr28.1 Mo28.3 Nb16.3 Ti16.9,95.9793,700.4926,7.2984,0.4132,0.5122,0.1647,0.501,11.6782
Al10.4 Cr28.1 Mo28.3 Nb16.3 Ti16.9,96.0047,700.804,7.2997,0.4133,0.5122,0.1648,0.5007,11.6858
Al10.4 Cr28.1 Mo28.3 Nb16.3 Ti16.9,96.0051,700.8042,7.2997,0.4133,0.5122,0.1648,0.5007,11.6855
Al10.4 Cr28.1 Mo28.3 Nb16.3 Ti16.9,96.0381,701.3388,7.3027,0.4135,0.5122,0.1651,0.5028,11.6746
Al10.4 Cr28.1 Mo28.4 Nb16.4 Ti16.8,96.0928,702.1598,7.3071,0.4141,0.5122,0.1654,0.5045,11.6654
Al10.3 Cr28.1 Mo28.3 Nb16.3 Ti16.9,96.1108,702.1194,7.3053,0.4142,0.5122,0.1654,0.5044,11.6477
Al10.5 Cr27.9 Mo28.5 Nb16.8 Ti16.2,96.2996,705.6432,7.3276,0.4146,0.5122,0.1659,0.5001,11.8303
Al10.0 Cr28.6 Mo28.0 Nb16.1 Ti17.2,96.455,703.6474,7.2951,0.4178,0.5121,0.1656,0.501,11.7549
Al10.5 Cr27.9 Mo28.5 Nb17.0 Ti16.2,96.4596,707.0269,7.3298,0.4185,0.5122,0.165,0.5006,11.6969
Al10.5 Cr27.9 Mo28.5 Nb17.0 Ti16.2,96.4821,707.2989,7.3309,0.4188,0.5122,0.1652,0.5018,11.6786
Al10.5 Cr27.9 Mo28.5 Nb17.0 Ti16.2,96.4952,707.4871,7.3318,0.4189,0.5122,0.1653,0.5025,11.6744
Al10.5 Cr27.9 Mo28.5 Nb17.0 Ti16.2,96.5048,707.5923,7.3322,0.419,0.5122,0.1653,0.5026,11.6736
Al10.1 Cr28.4 Mo28.2 Nb16.5 Ti16.9,96.5776,706.0917,7.3111,0.4191,0.5122,0.1656,0.5027,11.6887
Al10.1 Cr28.4 Mo28.2 Nb16.5 Ti16.9,96.5776,706.0917,7.3111,0.4191,0.5122,0.1656,0.5027,11.6887
Al10.1 Cr28.4 Mo28.1 Nb16.5 Ti16.9,96.5815,705.9991,7.3099,0.4196,0.5122,0.1654,0.5023,11.6592
Al10.4 Cr28.0 Mo28.3 Nb16.9 Ti16.3,96.6305,708.0297,7.3272,0.4205,0.5122,0.1648,0.5001,11.6017
Al10.3 Cr28.0 Mo28.4 Nb17.0 Ti16.3,96.7732,709.7739,7.3344,0.4217,0.5122,0.1655,0.503,11.5739
Al10.3 Cr28.0 Mo28.4 Nb17.0 Ti16.3,96.7732,709.7739,7.3344,0.4217,0.5122,0.1655,0.503,11.5739
Al10.0 Cr28.3 Mo28.2 Nb16.7 Ti16.9,96.8217,708.9969,7.3227,0.4245,0.5122,0.1656,0.5114,11.6032
Al10.3 Cr28.0 Mo28.4 Nb17.2 Ti16.1,97.0735,713.0548,7.3455,0.4248,0.5122,0.1655,0.5008,11.552
Al10.3 Cr28.0 Mo28.4 Nb17.3 Ti16.0,97.0866,713.1928,7.3459,0.4252,0.5122,0.1654,0.5011,11.538
Al10.3 Cr28.0 Mo28.4 Nb17.3 Ti16.1,97.0997,713.3583,7.3467,0.4253,0.5122,0.1655,0.5015,11.5332
Al10.2 Cr28.0 Mo28.4 Nb17.3 Ti16.1,97.2037,714.5776,7.3513,0.427,0.5122,0.1659,0.5058,11.546
Al9.9 Cr28.5 Mo28.1 Nb16.8 Ti16.7,97.282,713.0989,7.3302,0.428,0.5122,0.1659,0.5058,11.6886
Al9.9 Cr28.5 Mo28.1 Nb16.9 Ti16.7,97.2858,713.146,7.3304,0.428,0.5122,0.1659,0.5059,11.6909
Al9.9 Cr28.5 Mo28.1 Nb16.9 Ti16.7,97.2858,713.146,7.3304,0.428,0.5122,0.1659,0.5059,11.6909
Al9.9 Cr28.5 Mo28.1 Nb16.9 Ti16.7,97.286,713.1459,7.3304,0.428,0.5122,0.1659,0.5059,11.6906
Al10.3 Cr27.9 Mo28.4 Nb17.5 Ti15.9,97.2991,715.86,7.3573,0.4281,0.5122,0.1656,0.5037,11.4864
Al10.1 Cr28.2 Mo28.2 Nb17.3 Ti16.1,97.4874,716.7054,7.3518,0.4287,0.5122,0.166,0.501,11.6231
Al10.1 Cr28.2 Mo28.2 Nb17.3 Ti16.2,97.5024,716.7643,7.3513,0.4298,0.5122,0.1659,0.504,11.6032
Al10.1 Cr28.2 Mo28.1 Nb17.4 Ti16.2,97.572,716.9374,7.3478,0.4319,0.5122,0.1649,0.5007,11.4834
Al10.1 Cr28.2 Mo28.1 Nb17.4 Ti16.2,97.6339,717.6728,7.3507,0.4326,0.5122,0.1651,0.5024,11.5061
Al10.1 Cr28.1 Mo28.2 Nb17.7 Ti15.9,97.8957,721.3482,7.3685,0.4345,0.5122,0.1659,0.5039,11.5498
Al10.0 Cr28.2 Mo28.2 Nb17.7 Ti15.9,97.9929,721.9881,7.3678,0.435,0.5122,0.1659,0.5017,11.578
Al10.0 Cr28.2 Mo28.2 Nb17.7 Ti15.9,97.9929,721.9881,7.3678,0.435,0.5122,0.1659,0.5017,11.578
Al10.0 Cr28.2 Mo28.2 Nb17.7 Ti15.9,98.0229,722.3128,7.3688,0.4355,0.5122,0.166,0.5023,11.5758
Al9.8 Cr28.5 Mo28.0 Nb17.4 Ti16.3,98.0827,721.5577,7.3566,0.4378,0.5121,0.1658,0.5061,11.6152
Al9.7 Cr28.7 Mo27.8 Nb17.4 Ti16.4,98.1708,721.4515,7.3489,0.4387,0.5121,0.1655,0.5005,11.6192
Al9.7 Cr28.7 Mo27.8 Nb17.4 Ti16.4,98.1708,721.4515,7.3489,0.4387,0.5121,0.1655,0.5005,11.6192
Al10.0 Cr28.1 Mo28.2 Nb17.9 Ti15.7,98.1917,724.1642,7.375,0.4391,0.5122,0.1654,0.5036,11.4522
Al10.0 Cr28.2 Mo28.2 Nb17.9 Ti15.7,98.2361,724.6548,7.3767,0.4391,0.5122,0.1656,0.5038,11.4897
Al10.0 Cr28.2 Mo28.2 Nb17.9 Ti15.7,98.2361,724.6548,7.3767,0.4391,0.5122,0.1656,0.5038,11.4897
Al10.0 Cr28.3 Mo28.1 Nb17.9 Ti15.8,98.3513,725.2536,7.3741,0.4399,0.5121,0.1655,0.5005,11.5121
Al9.9 Cr28.3 Mo28.0 Nb17.9 Ti15.8,98.3843,725.3707,7.3728,0.4404,0.5121,0.1655,0.5004,11.5213
Al9.9 Cr28.3 Mo28.1 Nb18.0 Ti15.8,98.4007,725.7202,7.3752,0.4411,0.5121,0.1653,0.5012,11.4765
Al9.7 Cr28.5 Mo28.0 Nb17.8 Ti16.0,98.4903,725.894,7.3702,0.4414,0.5121,0.1659,0.5021,11.6125
Al9.7 Cr28.5 Mo28.0 Nb17.8 Ti16.0,98.4957,725.9615,7.3705,0.4414,0.5121,0.166,0.5023,11.6157
Al9.7 Cr28.5 Mo28.0 Nb17.8 Ti16.0,98.4957,725.9615,7.3705,0.4414,0.5121,0.166,0.5023,11.6157
Al9.7 Cr28.5 Mo28.0 Nb17.8 Ti16.0,98.499,725.9627,7.3703,0.4415,0.5121,0.1659,0.5021,11.6122
Al9.9 Cr28.4 Mo28.0 Nb18.0 Ti15.8,98.5644,727.2151,7.3781,0.4424,0.5121,0.1656,0.5007,11.524
Al9.8 Cr28.4 Mo28.0 Nb18.0 Ti15.8,98.5795,727.4112,7.3789,0.4425,0.5121,0.1657,0.501,11.5347
Al9.8 Cr28.3 Mo28.0 Nb18.0 Ti15.8,98.6396,727.9166,7.3796,0.4443,0.5121,0.1655,0.5036,11.5006
Al9.7 Cr28.5 Mo27.9 Nb17.9 Ti16.0,98.6578,727.4393,7.3734,0.4443,0.5121,0.1658,0.5039,11.5736
Al9.7 Cr28.5 Mo27.9 Nb17.9 Ti16.0,98.6578,727.4393,7.3734,0.4443,0.5121,0.1658,0.5039,11.5736
Al9.9 Cr28.2 Mo28.1 Nb18.3 Ti15.5,98.7328,730.0319,7.394,0.4449,0.5122,0.1659,0.5046,11.4725
Al9.9 Cr28.2 Mo28.1 Nb18.3 Ti15.4,98.8789,731.2022,7.3949,0.4458,0.5122,0.1658,0.5016,11.4917
Al9.9 Cr28.2 Mo28.1 Nb18.3 Ti15.4,98.8793,731.2082,7.395,0.4458,0.5122,0.1658,0.5016,11.492
Al9.8 Cr28.2 Mo28.1 Nb18.4 Ti15.4,98.9856,732.4487,7.3996,0.4475,0.5122,0.166,0.5043,11.4926
Al9.8 Cr28.2 Mo28.1 Nb18.4 Ti15.4,98.9856,732.3952,7.399,0.4475,0.5122,0.1659,0.5039,11.4853
Al9.9 Cr28.2 Mo28.1 Nb18.4 Ti15.4,98.9878,732.1863,7.3967,0.4483,0.5121,0.1654,0.5026,11.414
Al9.9 Cr28.2 Mo28.0 Nb18.4 Ti15.4,99.0089,732.2148,7.3954,0.4488,0.5121,0.1652,0.5016,11.3943
Al9.5 Cr28.7 Mo27.7 Nb17.9 Ti16.1,99.025,730.3031,7.3749,0.4489,0.5121,0.1658,0.5018,11.5894
Al9.9 Cr28.1 Mo28.1 Nb18.7 Ti15.2,99.1562,734.792,7.4105,0.4506,0.5122,0.1655,0.5043,11.3558
Al9.8 Cr28.3 Mo27.9 Nb18.5 Ti15.4,99.2742,734.6362,7.4001,0.4515,0.5121,0.1654,0.5015,11.4339
Al9.7 Cr28.3 Mo28.0 Nb18.6 Ti15.4,99.3034,735.0214,7.4018,0.4517,0.5121,0.1655,0.5017,11.4404
Al9.7 Cr28.3 Mo27.9 Nb18.6 Ti15.4,99.311,735.0297,7.4013,0.4519,0.5121,0.1654,0.5014,11.433
Al9.7 Cr28.3 Mo27.9 Nb18.6 Ti15.4,99.3558,735.5882,7.4036,0.4532,0.5121,0.1653,0.5034,11.394
Al9.7 Cr28.4 Mo27.8 Nb18.6 Ti15.5,99.3577,734.9663,7.3972,0.4538,0.5121,0.1647,0.5004,11.3499
Al9.7 Cr28.3 Mo27.9 Nb18.6 Ti15.4,99.3924,735.7411,7.4024,0.4539,0.5121,0.1651,0.5023,11.3677
Al9.7 Cr28.3 Mo27.9 Nb18.6 Ti15.4,99.3929,735.7448,7.4024,0.4539,0.5121,0.1651,0.5023,11.3676
Al9.4 Cr28.7 Mo27.6 Nb18.3 Ti16.0,99.4086,733.6925,7.3806,0.4559,0.5121,0.1648,0.5013,11.4202
Al9.4 Cr28.7 Mo27.6 Nb18.3 Ti16.0,99.4086,733.6925,7.3806,0.4559,0.5121,0.1648,0.5013,11.4202
Al9.7 Cr28.3 Mo27.9 Nb18.8 Ti15.4,99.4996,736.7339,7.4044,0.4565,0.5121,0.1646,0.5036,11.2858
Al10.3 Cr27.4 Mo28.5 Nb20.0 Ti13.8,99.7103,743.9385,7.461,0.458,0.5122,0.166,0.501,11.0806
Al10.3 Cr27.4 Mo28.4 Nb20.0 Ti13.8,99.8112,744.7303,7.4614,0.4594,0.5122,0.1657,0.5003,11.037
Al10.3 Cr27.4 Mo28.4 Nb20.0 Ti13.8,99.8347,744.9589,7.4619,0.4602,0.5122,0.1655,0.5009,11.0067
Al10.3 Cr27.4 Mo28.4 Nb20.0 Ti13.8,99.8347,744.9589,7.4619,0.4602,0.5122,0.1655,0.5009,11.0067
Al10.3 Cr27.4 Mo28.4 Nb20.0 Ti13.8,99.8371,744.9669,7.4618,0.4602,0.5122,0.1655,0.5008,11.0055
Al10.3 Cr27.4 Mo28.4 Nb20.0 Ti13.8,99.8371,744.9669,7.4618,0.4602,0.5122,0.1655,0.5008,11.0055
Al10.3 Cr27.4 Mo28.4 Nb20.0 Ti13.8,99.8375,744.9681,7.4618,0.4602,0.5122,0.1655,0.5008,11.0053
Al9.3 Cr28.8 Mo27.6 Nb18.6 Ti15.7,100.0229,740.6754,7.4051,0.4609,0.5121,0.1659,0.5018,11.517
Al9.5 Cr28.4 Mo27.8 Nb19.0 Ti15.2,100.0459,742.4688,7.4213,0.4614,0.5121,0.1655,0.5039,11.3798
Al9.5 Cr28.4 Mo27.8 Nb19.0 Ti15.2,100.0624,742.6776,7.4221,0.4616,0.5121,0.1656,0.5044,11.3894
Al9.3 Cr28.7 Mo27.6 Nb18.7 Ti15.7,100.0715,741.2189,7.4069,0.4621,0.5121,0.1658,0.503,11.4854
Al9.5 Cr28.4 Mo27.8 Nb19.0 Ti15.2,100.0735,742.7882,7.4224,0.4621,0.5121,0.1656,0.506,11.3854
Al9.3 Cr28.7 Mo27.6 Nb18.7 Ti15.7,100.0739,741.2159,7.4067,0.4621,0.5121,0.1657,0.5028,11.4823
Al10.1 Cr27.7 Mo28.3 Nb19.9 Ti14.0,100.1878,747.4866,7.4609,0.4621,0.5122,0.1659,0.5001,11.1622
Al10.1 Cr27.7 Mo28.3 Nb19.9 Ti14.0,100.1928,747.5322,7.4609,0.4622,0.5122,0.1659,0.5001,11.1587
Al10.0 Cr27.7 Mo28.3 Nb19.9 Ti14.1,100.2125,747.7456,7.4616,0.4629,0.5122,0.1659,0.5023,11.1615
Al10.1 Cr27.7 Mo28.3 Nb20.0 Ti14.0,100.2312,747.8642,7.4614,0.463,0.5122,0.1657,0.5004,11.1354
Al10.1 Cr27.7 Mo28.3 Nb20.0 Ti14.0,100.2378,747.9378,7.4616,0.4631,0.5122,0.1657,0.5003,11.1348
Al10.2 Cr27.4 Mo28.4 Nb20.3 Ti13.6,100.2607,749.4554,7.4751,0.4653,0.5122,0.1656,0.5014,10.9479
Al10.2 Cr27.4 Mo28.4 Nb20.3 Ti13.6,100.2618,749.4658,7.4751,0.4654,0.5122,0.1656,0.5014,10.9482
Al10.0 Cr27.7 Mo28.2 Nb20.1 Ti13.9,100.383,749.4601,7.466,0.4656,0.5122,0.1655,0.5012,11.0737
Al9.2 Cr28.7 Mo27.6 Nb19.0 Ti15.4,100.4573,745.6307,7.4224,0.4668,0.5121,0.1659,0.5055,11.4513
Al10.0 Cr27.7 Mo28.2 Nb20.2 Ti13.9,100.5754,751.5456,7.4725,0.4672,0.5122,0.1658,0.5007,11.1016
Al10.0 Cr27.7 Mo28.2 Nb20.2 Ti13.9,100.5754,751.5456,7.4725,0.4672,0.5122,0.1658,0.5007,11.1016
Al9.7 Cr28.1 Mo28.0 Nb19.8 Ti14.4,100.7284,751.145,7.4571,0.4691,0.5121,0.1656,0.5033,11.2375
Al9.6 Cr28.1 Mo28.0 Nb19.8 Ti14.4,100.7623,751.6509,7.4596,0.4694,0.5121,0.1659,0.5049,11.2666
Al9.6 Cr28.1 Mo28.0 Nb19.9 Ti14.4,100.7657,751.7144,7.46,0.4694,0.5121,0.1659,0.5049,11.2619
Al9.6 Cr28.1 Mo28.0 Nb19.8 Ti14.4,100.7686,751.6649,7.4593,0.4695,0.5121,0.1659,0.5047,11.2615
Al9.6 Cr28.1 Mo28.0 Nb19.8 Ti14.4,100.7692,751.6662,7.4593,0.4695,0.5121,0.1659,0.5047,11.261
Al9.4 Cr28.6 Mo27.6 Nb19.5 Ti14.9,100.9318,751.1608,7.4423,0.4713,0.5121,0.1656,0.5001,11.3558
Al9.4 Cr28.3 Mo27.8 Nb19.7 Ti14.7,100.9361,752.5552,7.4558,0.4724,0.5121,0.166,0.5088,11.3111
Al9.9 Cr27.8 Mo28.0 Nb20.3 Ti14.0,100.9401,753.8045,7.4678,0.4741,0.5121,0.1643,0.5009,10.9383
Al9.9 Cr27.8 Mo28.0 Nb20.3 Ti14.0,100.9401,753.8045,7.4678,0.4741,0.5121,0.1643,0.5009,10.9383
Al9.3 Cr28.5 Mo27.6 Nb19.7 Ti14.9,101.0621,752.3695,7.4446,0.4743,0.5121,0.1651,0.5014,11.2632
Al9.6 Cr28.1 Mo28.0 Nb20.3 Ti14.1,101.2227,756.9113,7.4777,0.4752,0.5121,0.1659,0.5056,11.186
Al9.2 Cr28.4 Mo27.7 Nb19.9 Ti14.8,101.2318,755.1325,7.4594,0.4772,0.5121,0.1657,0.5107,11.2627
Al9.2 Cr28.4 Mo27.7 Nb19.9 Ti14.8,101.2414,755.2932,7.4603,0.4774,0.5121,0.1658,0.5116,11.2663
Al9.3 Cr28.5 Mo27.5 Nb19.8 Ti14.9,101.2556,754.2156,7.4486,0.4774,0.5121,0.165,0.503,11.2293
Al9.7 Cr28.0 Mo28.0 Nb20.6 Ti13.8,101.4806,759.9539,7.4887,0.4777,0.5121,0.1658,0.5016,11.1122
Al9.7 Cr28.0 Mo28.0 Nb20.6 Ti13.8,101.4924,760.1077,7.4893,0.4778,0.5121,0.1659,0.502,11.1193
Al9.7 Cr28.0 Mo27.9 Nb20.6 Ti13.8,101.4951,759.736,7.4854,0.4786,0.5121,0.1653,0.501,11.0602
Al9.4 Cr28.4 Mo27.7 Nb20.2 Ti14.4,101.5591,758.6282,7.4698,0.4795,0.5121,0.1654,0.5024,11.1988
Al9.4 Cr28.4 Mo27.7 Nb20.2 Ti14.4,101.5703,758.7288,7.47,0.4797,0.5121,0.1654,0.5025,11.1995
Al9.4 Cr28.4 Mo27.7 Nb20.2 Ti14.4,101.5703,758.7288,7.47,0.4797,0.5121,0.1654,0.5025,11.1995
Al9.4 Cr28.4 Mo27.7 Nb20.2 Ti14.4,101.5709,758.7358,7.47,0.4797,0.5121,0.1654,0.5025,11.1987
Al9.4 Cr28.4 Mo27.7 Nb20.2 Ti14.4,101.5785,758.8348,7.4704,0.4798,0.5121,0.1655,0.5027,11.2043
Al9.3 Cr28.4 Mo27.6 Nb20.2 Ti14.4,101.6575,759.2484,7.4687,0.4814,0.5121,0.1651,0.5016,11.1542
Al9.6 Cr28.0 Mo27.9 Nb20.7 Ti13.9,101.6626,761.1629,7.4871,0.482,0.5121,0.1649,0.503,10.9918
Al9.6 Cr28.0 Mo27.9 Nb20.7 Ti13.9,101.7214,761.9306,7.4904,0.4825,0.5121,0.1653,0.505,11.0267
Al9.3 Cr28.3 Mo27.7 Nb20.4 Ti14.3,101.7218,760.2765,7.4741,0.4831,0.5121,0.165,0.5051,11.1079
Al9.3 Cr28.3 Mo27.7 Nb20.4 Ti14.3,101.7224,760.2835,7.4741,0.4831,0.5121,0.165,0.5051,11.107
Al9.3 Cr28.3 Mo27.6 Nb20.4 Ti14.3,101.7696,760.6335,7.4741,0.4838,0.5121,0.1648,0.5041,11.0804
Al9.2 Cr28.3 Mo27.7 Nb20.4 Ti14.3,101.8621,761.8696,7.4794,0.4845,0.5121,0.1654,0.5075,11.1508
Al9.2 Cr28.4 Mo27.7 Nb20.4 Ti14.3,101.9405,762.8809,7.4836,0.4853,0.5121,0.1659,0.5102,11.1963
Al9.2 Cr28.4 Mo27.7 Nb20.4 Ti14.3,101.9405,762.8809,7.4836,0.4853,0.5121,0.1659,0.5102,11.1963
Al9.2 Cr28.4 Mo27.7 Nb20.4 Ti14.4,101.9546,763.0636,7.4843,0.4854,0.5121,0.1659,0.5107,11.2045
Al9.6 Cr28.0 Mo27.9 Nb21.1 Ti13.5,102.205,767.4609,7.509,0.4863,0.5121,0.1658,0.501,11.045
Al9.6 Cr28.0 Mo27.9 Nb21.1 Ti13.5,102.2657,768.0146,7.51,0.4877,0.5121,0.1656,0.5016,11.0021
Al9.2 Cr28.4 Mo27.6 Nb20.7 Ti14.1,102.2712,765.8557,7.4885,0.4881,0.5121,0.1655,0.5013,11.1374
Al9.2 Cr28.4 Mo27.6 Nb20.7 Ti14.1,102.3443,766.8735,7.4931,0.489,0.5121,0.1659,0.5049,11.1743
Al9.3 Cr28.2 Mo27.7 Nb21.0 Ti13.7,102.4502,769.0143,7.5062,0.4897,0.5121,0.1659,0.504,11.1089
Al9.3 Cr28.2 Mo27.7 Nb21.0 Ti13.7,102.4595,769.1354,7.5067,0.4898,0.5121,0.166,0.5043,11.1143
Al9.2 Cr28.3 Mo27.6 Nb20.9 Ti13.9,102.4646,768.5992,7.5011,0.4907,0.5121,0.1658,0.5059,11.1186
Al9.2 Cr28.3 Mo27.6 Nb20.9 Ti14.0,102.5197,769.0828,7.5018,0.4927,0.5121,0.1656,0.509,11.0715
Al9.2 Cr28.3 Mo27.7 Nb21.1 Ti13.8,102.6478,770.8487,7.5096,0.4928,0.5121,0.166,0.5066,11.1022
Al9.2 Cr28.2 Mo27.6 Nb21.1 Ti13.8,102.6986,771.1801,7.5092,0.4944,0.5121,0.1654,0.5063,11.02
Al9.2 Cr28.2 Mo27.6 Nb21.1 Ti13.8,102.734,771.6419,7.5111,0.4947,0.5121,0.1656,0.5075,11.0405
Al9.2 Cr28.2 Mo27.6 Nb21.1 Ti13.8,102.734,771.6419,7.5111,0.4947,0.5121,0.1656,0.5075,11.0405
Al9.2 Cr28.2 Mo27.6 Nb21.2 Ti13.8,102.7341,771.6928,7.5116,0.4948,0.5121,0.1656,0.5078,11.0389
Al9.2 Cr28.2 Mo27.7 Nb21.2 Ti13.8,102.7485,771.8789,7.5123,0.4949,0.5121,0.1657,0.5083,11.0471
Al9.0 Cr28.6 Mo27.4 Nb21.0 Ti14.0,102.9126,772.0181,7.5017,0.4954,0.5121,0.1659,0.5008,11.1593
Al9.4 Cr28.0 Mo27.7 Nb21.6 Ti13.3,102.9266,774.6478,7.5262,0.4969,0.5121,0.1655,0.505,10.9124
Al9.2 Cr28.1 Mo27.8 Nb21.6 Ti13.4,103.0291,775.9263,7.5311,0.4981,0.5121,0.166,0.5093,10.9746
Al9.2 Cr28.1 Mo27.8 Nb21.6 Ti13.4,103.0378,775.9498,7.5307,0.4983,0.5121,0.1659,0.509,10.968
Al9.0 Cr28.5 Mo27.4 Nb21.2 Ti13.9,103.1042,774.468,7.5115,0.4992,0.5121,0.1657,0.5062,11.0797
Al9.0 Cr28.5 Mo27.4 Nb21.2 Ti13.9,103.1135,774.5878,7.512,0.4993,0.5121,0.1658,0.5065,11.085
Al9.0 Cr28.5 Mo27.4 Nb21.2 Ti13.8,103.1977,775.5267,7.515,0.4996,0.5121,0.1659,0.505,11.0991
Al9.5 Cr27.9 Mo27.8 Nb21.9 Ti13.0,103.2061,778.1101,7.5394,0.4997,0.5121,0.1655,0.5021,10.8393
Al9.4 Cr27.9 Mo27.8 Nb22.0 Ti12.9,103.3031,779.0627,7.5415,0.5014,0.5121,0.1653,0.5025,10.7927
Al9.0 Cr28.5 Mo27.4 Nb21.4 Ti13.8,103.3113,776.4694,7.5158,0.5023,0.5121,0.1655,0.5054,11.0116
Al9.4 Cr27.9 Mo27.7 Nb22.0 Ti12.9,103.3466,779.4669,7.5423,0.5023,0.5121,0.1652,0.5029,10.7715
Al9.4 Cr27.9 Mo27.7 Nb22.0 Ti12.9,103.3485,779.4812,7.5423,0.5025,0.5121,0.1652,0.503,10.7605
Al9.4 Cr27.9 Mo27.7 Nb22.1 Ti12.9,103.3669,779.649,7.5425,0.5029,0.5121,0.1651,0.5032,10.7475
Al9.3 Cr27.9 Mo27.8 Nb22.0 Ti13.0,103.379,780.2719,7.5477,0.5031,0.5121,0.1659,0.5103,10.8478
Al9.4 Cr27.9 Mo27.8 Nb22.1 Ti12.9,103.4161,780.298,7.5452,0.5034,0.5121,0.1653,0.5049,10.7768
Al9.3 Cr27.9 Mo27.8 Nb22.1 Ti12.9,103.5029,781.5422,7.5509,0.504,0.5121,0.166,0.5085,10.8564
Al9.3 Cr27.9 Mo27.8 Nb22.1 Ti12.9,103.5184,781.7195,7.5515,0.5043,0.5121,0.166,0.5089,10.8454
Al9.3 Cr27.9 Mo27.8 Nb22.1 Ti12.9,103.5243,781.7374,7.5512,0.5044,0.5121,0.1659,0.5087,10.8412
Al9.3 Cr27.9 Mo27.8 Nb22.1 Ti12.9,103.5243,781.7374,7.5512,0.5044,0.5121,0.1659,0.5087,10.8412
Al9.3 Cr27.9 Mo27.8 Nb22.1 Ti12.9,103.5243,781.7374,7.5512,0.5044,0.5121,0.1659,0.5087,10.8412
Al9.7 Cr27.6 Mo27.9 Nb22.5 Ti12.4,103.5397,782.6173,7.5586,0.5054,0.5121,0.165,0.5003,10.5682
Al9.7 Cr27.6 Mo27.9 Nb22.5 Ti12.4,103.5404,782.6197,7.5586,0.5054,0.5121,0.165,0.5003,10.5677
Al9.7 Cr27.6 Mo27.9 Nb22.5 Ti12.4,103.5413,782.623,7.5586,0.5055,0.5121,0.165,0.5003,10.567
Al9.7 Cr27.6 Mo27.9 Nb22.5 Ti12.4,103.5439,782.6367,7.5585,0.5056,0.5121,0.1649,0.5003,10.5585
Al9.2 Cr28.0 Mo27.7 Nb22.0 Ti13.2,103.5781,781.6266,7.5463,0.506,0.5121,0.1657,0.5111,10.8497
Al9.4 Cr28.0 Mo27.7 Nb22.3 Ti12.7,103.7908,783.9602,7.5533,0.5068,0.5121,0.1654,0.5011,10.7726
Al9.3 Cr28.0 Mo27.7 Nb22.3 Ti12.8,103.9067,785.2305,7.5571,0.5085,0.5121,0.1657,0.5046,10.7983
Al9.4 Cr27.9 Mo27.7 Nb22.5 Ti12.5,103.9828,786.7014,7.5657,0.5087,0.5121,0.1658,0.5011,10.7384
Al9.4 Cr27.9 Mo27.7 Nb22.6 Ti12.5,103.9975,786.8357,7.5659,0.5091,0.5121,0.1657,0.5013,10.7279
Al9.3 Cr28.0 Mo27.6 Nb22.4 Ti12.7,104.0012,785.8831,7.5565,0.5092,0.5121,0.1654,0.5001,10.7643
Al9.3 Cr28.0 Mo27.6 Nb22.4 Ti12.7,104.033,786.3036,7.5582,0.5095,0.5121,0.1656,0.5012,10.7828
Al9.4 Cr27.9 Mo27.7 Nb22.6 Ti12.4,104.0673,787.3986,7.5662,0.5097,0.5121,0.1657,0.5002,10.7241
Al9.2 Cr28.1 Mo27.6 Nb22.4 Ti12.7,104.1263,787.1967,7.56,0.51,0.5121,0.1659,0.5018,10.8409
Al9.2 Cr28.1 Mo27.6 Nb22.4 Ti12.7,104.2094,788.1216,7.5629,0.5118,0.5121,0.1658,0.5036,10.797
Al9.4 Cr27.8 Mo27.7 Nb22.8 Ti12.4,104.2161,788.9238,7.5701,0.514,0.5121,0.165,0.5042,10.5738
Al9.4 Cr27.8 Mo27.6 Nb22.8 Ti12.4,104.2619,789.2484,7.5699,0.515,0.5121,0.1648,0.504,10.5403
Al9.4 Cr27.8 Mo27.6 Nb22.8 Ti12.4,104.2762,789.3808,7.5701,0.5153,0.5121,0.1648,0.5041,10.5301
Al9.4 Cr27.8 Mo27.6 Nb22.8 Ti12.4,104.2764,789.3815,7.5701,0.5153,0.5121,0.1648,0.5041,10.5299
Al8.8 Cr28.6 Mo27.1 Nb22.0 Ti13.5,104.2809,785.51,7.5326,0.5154,0.512,0.1649,0.5011,10.8412
Al9.0 Cr28.1 Mo27.6 Nb22.5 Ti12.9,104.3981,790.051,7.5677,0.5158,0.5121,0.166,0.5124,10.8066
Al9.0 Cr28.1 Mo27.6 Nb22.5 Ti12.9,104.3981,790.051,7.5677,0.5158,0.5121,0.166,0.5124,10.8066
Al9.0 Cr28.1 Mo27.5 Nb22.5 Ti12.8,104.4498,790.5804,7.569,0.5164,0.5121,0.1659,0.5115,10.7927
Al9.0 Cr28.1 Mo27.5 Nb22.5 Ti12.8,104.4498,790.5804,7.569,0.5164,0.5121,0.1659,0.5115,10.7927
Al9.0 Cr28.1 Mo27.5 Nb22.6 Ti12.9,104.5135,790.7656,7.5662,0.5175,0.5121,0.1655,0.509,10.7458
Al8.8 Cr28.6 Mo27.0 Nb22.2 Ti13.4,104.5946,788.951,7.5429,0.5188,0.512,0.1651,0.5004,10.8199
Al8.7 Cr28.7 Mo27.1 Nb22.2 Ti13.4,104.6812,790.1269,7.5479,0.5191,0.512,0.1658,0.5032,10.9039
Al8.7 Cr28.7 Mo27.1 Nb22.2 Ti13.4,104.7058,790.4107,7.5489,0.5195,0.512,0.1658,0.5038,10.9049
Al8.7 Cr28.7 Mo27.1 Nb22.2 Ti13.4,104.7136,790.4146,7.5484,0.5197,0.512,0.1657,0.5034,10.8964
Al9.2 Cr27.8 Mo27.6 Nb23.1 Ti12.3,104.7165,794.2205,7.5845,0.5199,0.5121,0.1654,0.5059,10.5615
Al9.1 Cr27.9 Mo27.6 Nb23.1 Ti12.3,104.8345,795.7611,7.5906,0.521,0.5121,0.166,0.5095,10.633
Al9.0 Cr28.0 Mo27.4 Nb22.9 Ti12.6,104.8699,794.5787,7.5768,0.5226,0.5121,0.1651,0.5073,10.5961
Al9.0 Cr28.1 Mo27.4 Nb22.9 Ti12.6,104.8929,794.6686,7.576,0.5228,0.5121,0.165,0.5063,10.5904
Al9.0 Cr28.1 Mo27.4 Nb22.9 Ti12.6,104.8965,794.648,7.5755,0.523,0.5121,0.1649,0.5061,10.5797
Al9.0 Cr28.1 Mo27.3 Nb23.0 Ti12.6,104.9979,795.285,7.5743,0.5239,0.5121,0.1647,0.5022,10.5553
Al9.1 Cr28.1 Mo27.3 Nb23.0 Ti12.6,104.9988,795.287,7.5742,0.5239,0.5121,0.1647,0.5022,10.5545
Al9.1 Cr28.1 Mo27.3 Nb23.0 Ti12.6,104.9988,795.287,7.5742,0.5239,0.5121,0.1647,0.5022,10.5545
Al9.1 Cr28.1 Mo27.3 Nb23.0 Ti12.6,105.0077,795.3036,7.5738,0.5241,0.512,0.1646,0.5018,10.5458
Al8.9 Cr28.1 Mo27.3 Nb23.0 Ti12.6,105.1245,796.9783,7.5813,0.5254,0.5121,0.1652,0.5071,10.6133
Al9.2 Cr27.8 Mo27.6 Nb23.6 Ti11.8,105.3785,801.6178,7.607,0.5267,0.5121,0.1658,0.5026,10.7235
Al8.8 Cr28.3 Mo27.2 Nb23.1 Ti12.5,105.4096,799.4452,7.5842,0.5273,0.512,0.1656,0.5027,10.6789
Al8.9 Cr28.3 Mo27.2 Nb23.1 Ti12.5,105.4156,799.4573,7.5839,0.5274,0.512,0.1656,0.5025,10.6736
Al8.8 Cr28.3 Mo27.2 Nb23.1 Ti12.6,105.4195,799.5552,7.5845,0.5278,0.5121,0.1656,0.5041,10.6769
Al8.8 Cr28.3 Mo27.2 Nb23.1 Ti12.6,105.4968,800.483,7.5877,0.5288,0.5121,0.1658,0.5062,10.6906
Al9.2 Cr27.6 Mo27.6 Nb23.8 Ti11.7,105.497,803.3996,7.6154,0.5303,0.5121,0.1657,0.5092,10.8266
Al9.2 Cr27.6 Mo27.6 Nb23.8 Ti11.7,105.5348,803.8184,7.6166,0.5305,0.5121,0.1658,0.5091,10.8532
Al8.9 Cr28.2 Mo27.2 Nb23.4 Ti12.3,105.6174,801.9374,7.5929,0.5306,0.5121,0.1653,0.5029,10.5588
Al8.9 Cr28.2 Mo27.3 Nb23.4 Ti12.3,105.6418,802.2914,7.5945,0.5309,0.5121,0.1654,0.5042,10.5702
Al8.9 Cr28.2 Mo27.3 Nb23.4 Ti12.3,105.6418,802.2914,7.5945,0.5309,0.5121,0.1654,0.5042,10.5702
Al8.8 Cr28.2 Mo27.3 Nb23.4 Ti12.3,105.693,803.0331,7.5978,0.531,0.5121,0.1659,0.5058,10.6341
Al8.8 Cr28.2 Mo27.3 Nb23.4 Ti12.3,105.693,803.0331,7.5978,0.531,0.5121,0.1659,0.5058,10.6341
Al8.8 Cr28.2 Mo27.3 Nb23.4 Ti12.3,105.693,803.0331,7.5978,0.531,0.5121,0.1659,0.5058,10.6341
Al8.8 Cr28.2 Mo27.3 Nb23.4 Ti12.3,105.6977,803.0444,7.5976,0.5311,0.5121,0.1658,0.5056,10.6302
Al8.9 Cr28.2 Mo27.3 Nb23.4 Ti12.3,105.7041,803.0357,7.597,0.5313,0.5121,0.1656,0.5038,10.6073
Al8.9 Cr28.1 Mo27.3 Nb23.5 Ti12.3,105.7494,803.4611,7.5978,0.5325,0.5121,0.1654,0.5046,10.6193
Al8.9 Cr28.1 Mo27.3 Nb23.5 Ti12.3,105.7494,803.4611,7.5978,0.5325,0.5121,0.1654,0.5046,10.6193
Al9.1 Cr27.7 Mo27.6 Nb24.0 Ti11.6,105.8887,807.387,7.6249,0.5344,0.5121,0.166,0.5083,11.0418
Al9.1 Cr27.7 Mo27.6 Nb24.0 Ti11.6,105.8887,807.387,7.6249,0.5344,0.5121,0.166,0.5083,11.0418
Al9.1 Cr27.7 Mo27.6 Nb24.0 Ti11.6,105.8948,807.4365,7.6249,0.5344,0.5121,0.166,0.5082,11.0438
Al9.6 Cr27.3 Mo27.7 Nb24.6 Ti10.9,105.9029,808.9662,7.6388,0.535,0.5121,0.1657,0.5002,11.3156
Al9.6 Cr27.2 Mo27.7 Nb24.6 Ti10.9,105.932,809.2322,7.6392,0.5357,0.5121,0.1656,0.5005,11.3234
Al8.8 Cr28.1 Mo27.2 Nb23.7 Ti12.2,106.0023,806.232,7.6058,0.5357,0.5121,0.1655,0.5056,10.7763
Al8.8 Cr28.1 Mo27.2 Nb23.7 Ti12.2,106.0023,806.232,7.6058,0.5357,0.5121,0.1655,0.5056,10.7763
Al8.8 Cr28.1 Mo27.2 Nb23.7 Ti12.2,106.0043,806.1552,7.6049,0.5358,0.5121,0.1654,0.505,10.7664
Al8.8 Cr28.1 Mo27.2 Nb23.7 Ti12.2,106.0125,806.2058,7.6048,0.5359,0.512,0.1654,0.5048,10.7673
Al8.8 Cr28.1 Mo27.2 Nb23.7 Ti12.2,106.0163,806.266,7.6051,0.536,0.5121,0.1654,0.505,10.7709
Al8.9 Cr28.0 Mo27.3 Nb23.9 Ti11.9,106.0534,807.4279,7.6134,0.536,0.5121,0.1655,0.5046,10.9087
Al8.9 Cr28.0 Mo27.3 Nb23.9 Ti11.9,106.0623,807.4985,7.6134,0.5363,0.5121,0.1654,0.5047,10.9086
Al8.9 Cr28.0 Mo27.3 Nb23.9 Ti11.9,106.0741,807.5994,7.6135,0.5365,0.5121,0.1654,0.5047,10.9125
Al8.9 Cr28.0 Mo27.2 Nb23.9 Ti11.9,106.119,807.6472,7.6108,0.5373,0.5121,0.1651,0.5024,10.8887
Al9.0 Cr28.0 Mo27.2 Nb23.9 Ti11.9,106.1877,808.2701,7.6117,0.5377,0.512,0.1651,0.5006,10.9264
Al9.0 Cr28.0 Mo27.2 Nb23.9 Ti11.9,106.1879,808.2706,7.6117,0.5377,0.512,0.1651,0.5006,10.9263
Al8.9 Cr28.1 Mo27.2 Nb23.9 Ti11.9,106.2802,809.4999,7.6167,0.5386,0.5121,0.1656,0.5037,11.0008
Al8.8 Cr28.1 Mo27.2 Nb24.0 Ti11.9,106.3342,810.0225,7.6177,0.5402,0.5121,0.1655,0.5069,11.003
Al8.8 Cr28.1 Mo27.2 Nb24.0 Ti11.9,106.4051,810.7361,7.6193,0.5414,0.5121,0.1654,0.5072,11.0359
Al8.8 Cr28.1 Mo27.2 Nb24.0 Ti11.9,106.4167,810.9399,7.6204,0.5415,0.5121,0.1655,0.508,11.0508
Al8.8 Cr28.2 Mo27.1 Nb24.1 Ti11.8,106.6441,812.8298,7.6219,0.5422,0.512,0.1658,0.5008,11.161
Al8.7 Cr28.2 Mo27.1 Nb24.1 Ti11.8,106.6708,813.151,7.623,0.5424,0.512,0.166,0.5014,11.1795
Al8.7 Cr28.2 Mo27.1 Nb24.1 Ti11.8,106.6708,813.151,7.623,0.5424,0.512,0.166,0.5014,11.1795
Al8.7 Cr28.2 Mo27.1 Nb24.2 Ti11.8,106.7503,813.8846,7.6242,0.5442,0.512,0.1657,0.5023,11.2016
Al8.6 Cr28.2 Mo27.0 Nb24.2 Ti12.0,106.7905,813.8964,7.6214,0.547,0.512,0.1652,0.5064,11.1329
Al8.6 Cr28.2 Mo27.0 Nb24.2 Ti12.0,106.7998,814.0207,7.6219,0.5471,0.512,0.1653,0.5072,11.1379
Al8.8 Cr27.8 Mo27.3 Nb24.6 Ti11.5,106.8289,816.5017,7.6431,0.5475,0.5121,0.1657,0.5116,11.4421
Al8.8 Cr28.0 Mo27.1 Nb24.5 Ti11.6,106.9194,815.6854,7.629,0.5477,0.512,0.1649,0.5007,11.3038
Al8.8 Cr28.1 Mo27.1 Nb24.4 Ti11.6,106.9337,815.8924,7.6299,0.5477,0.512,0.1651,0.5011,11.3185
Al8.8 Cr28.2 Mo27.0 Nb24.4 Ti11.7,107.0326,816.656,7.63,0.5485,0.512,0.1653,0.5007,11.3416
Al9.0 Cr27.7 Mo27.3 Nb25.0 Ti11.0,107.1282,820.0013,7.6544,0.549,0.5121,0.1658,0.5017,11.731
Al9.0 Cr27.7 Mo27.3 Nb25.0 Ti11.0,107.1454,820.2353,7.6553,0.5492,0.5121,0.1659,0.5022,11.7454
Al9.0 Cr27.7 Mo27.3 Nb25.0 Ti11.0,107.1454,820.2353,7.6553,0.5492,0.5121,0.1659,0.5022,11.7454
Al9.0 Cr27.7 Mo27.3 Nb25.0 Ti11.0,107.1454,820.2353,7.6553,0.5492,0.5121,0.1659,0.5022,11.7454
Al9.0 Cr27.7 Mo27.3 Nb25.0 Ti11.0,107.1629,820.3959,7.6556,0.5496,0.5121,0.1658,0.5024,11.75
Al9.1 Cr27.7 Mo27.2 Nb25.0 Ti11.1,107.1742,819.7204,7.6485,0.5513,0.5121,0.1649,0.5006,11.6432
Al8.6 Cr28.1 Mo27.0 Nb24.5 Ti11.7,107.1753,818.332,7.6355,0.5516,0.512,0.1655,0.5075,11.4041
Al9.1 Cr27.7 Mo27.2 Nb25.1 Ti11.0,107.2549,820.3888,7.649,0.553,0.512,0.1646,0.5007,11.6595
Al9.0 Cr27.7 Mo27.2 Nb25.1 Ti11.0,107.272,820.5708,7.6494,0.5533,0.512,0.1646,0.501,11.6672
Al9.0 Cr27.7 Mo27.2 Nb25.1 Ti11.0,107.272,820.5708,7.6494,0.5533,0.512,0.1646,0.501,11.6672
Al9.0 Cr27.6 Mo27.1 Nb25.1 Ti11.2,107.2989,820.6537,7.6483,0.5562,0.512,0.1641,0.5071,11.6077
Al8.8 Cr27.6 Mo27.3 Nb25.1 Ti11.2,107.3026,822.0852,7.6614,0.5563,0.5121,0.1654,0.5184,11.7503
Al9.0 Cr27.6 Mo27.1 Nb25.2 Ti11.1,107.3895,821.6005,7.6507,0.5565,0.512,0.1642,0.5035,11.6824
Al8.4 Cr28.0 Mo27.1 Nb24.7 Ti11.8,107.4064,821.6624,7.65,0.5572,0.5121,0.1658,0.5222,11.5692
Al8.4 Cr28.0 Mo27.1 Nb24.7 Ti11.8,107.4088,821.712,7.6503,0.5573,0.5121,0.1658,0.5225,11.5721
Al8.6 Cr28.0 Mo26.9 Nb24.8 Ti11.7,107.4146,820.4571,7.6382,0.5574,0.512,0.1646,0.5098,11.4593
Al8.4 Cr28.0 Mo27.1 Nb24.7 Ti11.8,107.4396,822.1291,7.652,0.5576,0.5121,0.166,0.5236,11.5975
Al8.8 Cr27.7 Mo27.2 Nb25.1 Ti11.2,107.4646,822.8909,7.6573,0.5579,0.5121,0.1649,0.5127,11.7437
Al8.5 Cr28.3 Mo26.8 Nb24.7 Ti11.7,107.68,822.9414,7.6425,0.5579,0.512,0.1656,0.505,11.6103
Al9.0 Cr27.6 Mo27.2 Nb25.4 Ti10.8,107.6827,825.1858,7.6631,0.5584,0.512,0.1649,0.5021,11.9374
Al9.3 Cr27.2 Mo27.5 Nb26.0 Ti10.0,107.7648,828.6051,7.689,0.5588,0.5121,0.1659,0.5007,12.3754
Al9.3 Cr27.2 Mo27.5 Nb26.0 Ti10.1,107.7699,828.6269,7.6889,0.5589,0.5121,0.1659,0.5008,12.3721
Al9.0 Cr27.4 Mo27.4 Nb25.7 Ti10.5,107.7795,828.0642,7.6829,0.56,0.5121,0.166,0.5105,12.2177
Al9.0 Cr27.4 Mo27.4 Nb25.7 Ti10.5,107.7849,828.0851,7.6828,0.5601,0.5121,0.166,0.5103,12.2162
Al8.8 Cr27.7 Mo27.2 Nb25.4 Ti10.8,107.858,827.7404,7.6744,0.5601,0.5121,0.1659,0.5093,12.1019
Al8.8 Cr27.7 Mo27.2 Nb25.4 Ti10.8,107.858,827.7404,7.6744,0.5601,0.5121,0.1659,0.5093,12.1019
Al8.8 Cr27.7 Mo27.2 Nb25.5 Ti10.8,107.8746,827.7975,7.6737,0.5603,0.5121,0.1658,0.5087,12.0969
Al8.8 Cr27.7 Mo27.2 Nb25.5 Ti10.8,107.8746,827.7975,7.6737,0.5603,0.5121,0.1658,0.5087,12.0969
Al8.8 Cr27.7 Mo27.2 Nb25.5 Ti10.8,107.8751,827.799,7.6737,0.5603,0.5121,0.1658,0.5087,12.0967
Al9.3 Cr27.2 Mo27.4 Nb26.1 Ti10.0,107.8906,829.805,7.6912,0.5607,0.5121,0.1658,0.5009,12.4244
Al9.3 Cr27.2 Mo27.4 Nb26.1 Ti10.0,107.891,829.8112,7.6912,0.5607,0.5121,0.1658,0.5009,12.4248
Al8.8 Cr27.7 Mo27.2 Nb25.5 Ti10.8,107.8913,828.0992,7.6753,0.5607,0.5121,0.1659,0.5103,12.1153
Al8.8 Cr27.7 Mo27.2 Nb25.5 Ti10.8,107.9043,828.1612,7.675,0.5609,0.5121,0.1659,0.5098,12.1145
Al9.0 Cr27.4 Mo27.3 Nb25.8 Ti10.4,107.9224,829.2353,7.6836,0.5614,0.5121,0.1658,0.5067,12.2715
Al9.0 Cr27.4 Mo27.3 Nb25.8 Ti10.4,107.9422,829.4988,7.6847,0.5616,0.5121,0.1659,0.5073,12.2877
Al9.0 Cr27.4 Mo27.3 Nb25.8 Ti10.4,107.9442,829.5267,7.6848,0.5616,0.5121,0.1659,0.5074,12.2895
Al8.8 Cr27.7 Mo27.1 Nb25.6 Ti10.8,108.0417,829.2562,7.6753,0.5631,0.5121,0.1655,0.5085,12.1455
Al8.8 Cr27.6 Mo27.1 Nb25.7 Ti10.8,108.0665,829.5675,7.6765,0.5647,0.5121,0.1653,0.5109,12.148
Al8.8 Cr27.6 Mo27.1 Nb25.7 Ti10.8,108.0702,829.5204,7.6758,0.5648,0.5121,0.1652,0.5104,12.14
Al8.6 Cr28.0 Mo26.9 Nb25.4 Ti11.1,108.1938,829.4663,7.6665,0.5649,0.512,0.1655,0.5076,12.0395
Al8.6 Cr28.0 Mo26.9 Nb25.4 Ti11.1,108.1938,829.4663,7.6665,0.5649,0.512,0.1655,0.5076,12.0395
Al8.8 Cr27.6 Mo27.2 Nb25.9 Ti10.5,108.2742,832.4066,7.6879,0.5659,0.5121,0.1659,0.509,12.3772
Al8.8 Cr27.6 Mo27.2 Nb25.9 Ti10.5,108.2742,832.4066,7.6879,0.5659,0.5121,0.1659,0.509,12.3772
Al8.8 Cr27.6 Mo27.2 Nb25.9 Ti10.5,108.3558,833.0504,7.6881,0.5671,0.5121,0.1657,0.5083,12.3946
Al8.8 Cr27.4 Mo27.3 Nb26.1 Ti10.5,108.3681,834.2089,7.6979,0.5696,0.5121,0.1659,0.5178,12.4898
Al8.8 Cr27.4 Mo27.3 Nb26.1 Ti10.5,108.3797,834.3497,7.6984,0.5697,0.5121,0.1659,0.518,12.4975
Al8.6 Cr28.1 Mo26.7 Nb25.5 Ti11.2,108.4192,830.3401,7.6586,0.57,0.512,0.1643,0.5016,11.9832
Al9.1 Cr27.1 Mo27.4 Nb26.5 Ti10.0,108.435,835.7575,7.7074,0.5704,0.5121,0.1659,0.5121,12.6867
Al9.1 Cr27.1 Mo27.4 Nb26.5 Ti10.0,108.4358,835.7695,7.7075,0.5704,0.5121,0.1659,0.5121,12.6874
Al8.9 Cr27.5 Mo27.1 Nb26.1 Ti10.5,108.4661,833.7878,7.6871,0.5709,0.512,0.1648,0.509,12.3801
Al8.5 Cr28.1 Mo26.7 Nb25.5 Ti11.2,108.5302,831.8229,7.6644,0.5712,0.512,0.1648,0.5056,12.0685
Al8.5 Cr28.1 Mo26.7 Nb25.5 Ti11.2,108.5438,831.9878,7.665,0.5712,0.512,0.1649,0.5056,12.0796
Al8.6 Cr28.0 Mo26.6 Nb25.6 Ti11.2,108.5446,831.4884,7.6603,0.573,0.512,0.1639,0.5029,12.017
Al8.3 Cr28.2 Mo26.6 Nb25.5 Ti11.4,108.6404,832.7489,7.6652,0.5734,0.512,0.1651,0.5104,12.0704
Al8.3 Cr28.2 Mo26.6 Nb25.5 Ti11.4,108.642,832.7514,7.6651,0.5735,0.512,0.1651,0.5103,12.0697
Al8.3 Cr28.2 Mo26.6 Nb25.5 Ti11.4,108.646,832.7577,7.6649,0.5735,0.512,0.1651,0.5101,12.0681
Al8.8 Cr27.5 Mo27.0 Nb26.2 Ti10.4,108.7349,836.3048,7.6912,0.5745,0.512,0.1647,0.5084,12.4878
Al8.7 Cr27.4 Mo27.2 Nb26.3 Ti10.4,108.8007,838.4343,7.7061,0.575,0.5121,0.1659,0.5172,12.686
Al8.7 Cr27.4 Mo27.2 Nb26.3 Ti10.4,108.804,838.4603,7.7062,0.575,0.5121,0.1659,0.5172,12.6866
Al8.7 Cr27.4 Mo27.2 Nb26.3 Ti10.4,108.8047,838.4628,7.7061,0.5751,0.5121,0.1659,0.5171,12.6864
Al8.7 Cr27.4 Mo27.2 Nb26.3 Ti10.4,108.8047,838.4628,7.7061,0.5751,0.5121,0.1659,0.5171,12.6864
Al8.7 Cr27.4 Mo27.2 Nb26.4 Ti10.4,108.816,838.5052,7.7057,0.5752,0.5121,0.1658,0.5168,12.6833
Al8.1 Cr28.4 Mo26.5 Nb25.4 Ti11.6,108.8172,834.0277,7.6645,0.5755,0.512,0.1656,0.5104,12.0974
Al8.1 Cr28.4 Mo26.5 Nb25.4 Ti11.6,108.8172,834.0277,7.6645,0.5755,0.512,0.1656,0.5104,12.0974
Al8.1 Cr28.4 Mo26.5 Nb25.4 Ti11.6,108.8181,834.0107,7.6643,0.5756,0.512,0.1656,0.5102,12.0951
Al8.8 Cr27.6 Mo27.0 Nb26.4 Ti10.3,108.9588,838.893,7.6992,0.576,0.512,0.1652,0.5078,12.6557
Al8.7 Cr27.5 Mo27.0 Nb26.4 Ti10.3,108.9607,839.2599,7.7024,0.5763,0.5121,0.1654,0.5105,12.6902
Al8.7 Cr27.6 Mo26.9 Nb26.3 Ti10.4,109.0025,838.7763,7.695,0.5775,0.512,0.1649,0.5082,12.5916
Al8.8 Cr27.6 Mo26.8 Nb26.4 Ti10.4,109.016,838.3055,7.6897,0.579,0.512,0.1641,0.5053,12.5224
Al8.7 Cr27.5 Mo27.0 Nb26.5 Ti10.4,109.0264,839.7396,7.7022,0.5791,0.512,0.1649,0.5134,12.6718
Al8.7 Cr27.5 Mo27.0 Nb26.5 Ti10.4,109.0266,839.7402,7.7022,0.5791,0.512,0.1649,0.5134,12.6718
Al8.7 Cr27.7 Mo26.8 Nb26.4 Ti10.4,109.1884,840.4437,7.6972,0.5793,0.512,0.1649,0.5058,12.6702
Al8.6 Cr27.6 Mo27.0 Nb26.5 Ti10.3,109.2483,842.0621,7.7078,0.5797,0.512,0.1656,0.5105,12.8191
Al8.6 Cr27.6 Mo27.0 Nb26.5 Ti10.3,109.2524,842.1387,7.7082,0.5797,0.512,0.1657,0.5108,12.8244
Al8.6 Cr27.6 Mo27.0 Nb26.5 Ti10.3,109.2536,842.1428,7.7081,0.5798,0.512,0.1656,0.5108,12.824
Al8.6 Cr27.6 Mo27.0 Nb26.5 Ti10.3,109.2556,842.1477,7.708,0.5798,0.512,0.1656,0.5107,12.8231
Al8.6 Cr27.6 Mo27.0 Nb26.5 Ti10.3,109.2556,842.1477,7.708,0.5798,0.512,0.1656,0.5107,12.8231
Al8.6 Cr27.6 Mo27.0 Nb26.5 Ti10.3,109.2556,842.1477,7.708,0.5798,0.512,0.1656,0.5107,12.8231
Al8.7 Cr27.8 Mo26.8 Nb26.5 Ti10.3,109.4172,842.6274,7.7011,0.5804,0.512,0.1653,0.5004,12.8048
Al8.8 Cr27.5 Mo27.0 Nb26.8 Ti10.0,109.4401,844.3666,7.7153,0.581,0.512,0.1658,0.5058,12.9973
Al8.8 Cr27.5 Mo27.0 Nb26.8 Ti10.0,109.4573,844.4572,7.7149,0.581,0.512,0.1658,0.505,12.9992
Al8.7 Cr27.5 Mo27.0 Nb26.8 Ti10.0,109.4661,844.7149,7.7167,0.5814,0.512,0.1659,0.5069,13.0159
Al9.0 Cr27.3 Mo27.0 Nb27.1 Ti9.6,109.5191,845.6922,7.7219,0.5823,0.512,0.1655,0.5013,13.1364
Al9.0 Cr27.3 Mo27.0 Nb27.1 Ti9.6,109.5371,845.9399,7.7229,0.5825,0.512,0.1656,0.5019,13.1515
Al8.5 Cr27.9 Mo26.7 Nb26.6 Ti10.2,109.7512,846.0408,7.7087,0.5839,0.512,0.1658,0.5011,12.9759
Al8.6 Cr27.8 Mo26.8 Nb26.8 Ti10.1,109.811,847.2555,7.7156,0.5846,0.512,0.1659,0.5016,13.0876
Al8.6 Cr27.8 Mo26.8 Nb26.8 Ti10.1,109.811,847.2555,7.7156,0.5846,0.512,0.1659,0.5016,13.0876
Al8.6 Cr27.8 Mo26.8 Nb26.8 Ti10.1,109.8393,847.5166,7.716,0.5852,0.512,0.1659,0.5019,13.095
Al8.6 Cr27.8 Mo26.8 Nb26.8 Ti10.1,109.8393,847.5166,7.716,0.5852,0.512,0.1659,0.5019,13.095
Al8.2 Cr28.1 Mo26.5 Nb26.5 Ti10.7,109.8516,846.159,7.7027,0.5877,0.512,0.1658,0.5086,12.8548
Al8.6 Cr27.6 Mo26.8 Nb27.0 Ti10.0,109.9406,848.7457,7.72,0.5887,0.512,0.1655,0.5072,13.1346
Al8.6 Cr27.7 Mo26.7 Nb27.0 Ti10.0,109.9428,848.7042,7.7195,0.5887,0.512,0.1655,0.5067,13.1294
Al8.6 Cr27.7 Mo26.7 Nb27.0 Ti10.0,109.9712,848.6937,7.7174,0.5889,0.512,0.1653,0.5042,13.1164
Al8.6 Cr27.8 Mo26.5 Nb26.9 Ti10.2,109.9776,847.7291,7.7082,0.5898,0.512,0.1647,0.5005,12.996
Al8.6 Cr27.8 Mo26.5 Nb26.9 Ti10.2,109.9821,847.7708,7.7083,0.5899,0.512,0.1647,0.5005,12.9972
Al8.6 Cr27.8 Mo26.5 Nb27.0 Ti10.2,110.0446,848.3835,7.7095,0.5911,0.512,0.1646,0.501,13.0207
Al8.6 Cr27.8 Mo26.5 Nb27.0 Ti10.2,110.0752,848.6365,7.7096,0.5921,0.512,0.1645,0.5016,13.0221
Al8.6 Cr27.8 Mo26.5 Nb27.0 Ti10.2,110.0752,848.6365,7.7096,0.5921,0.512,0.1645,0.5016,13.0221
Al8.5 Cr27.8 Mo26.5 Nb27.0 Ti10.2,110.1969,850.2688,7.7159,0.5933,0.512,0.165,0.5056,13.1177
Al8.6 Cr27.8 Mo26.5 Nb27.1 Ti10.1,110.2329,850.5111,7.7156,0.5934,0.512,0.1648,0.5011,13.1446
Al8.1 Cr28.3 Mo26.3 Nb26.7 Ti10.6,110.286,849.6927,7.7044,0.5937,0.5119,0.1658,0.5024,12.9943
Al8.2 Cr28.3 Mo26.2 Nb26.7 Ti10.6,110.3008,849.7021,7.7035,0.5941,0.5119,0.1657,0.5016,12.9873
Al8.1 Cr28.3 Mo26.2 Nb26.7 Ti10.6,110.3536,850.3069,7.7053,0.5948,0.5119,0.1657,0.5019,13.0214
Al8.1 Cr28.3 Mo26.2 Nb26.7 Ti10.6,110.3539,850.3071,7.7053,0.5948,0.5119,0.1657,0.5019,13.0212
Al8.1 Cr28.3 Mo26.2 Nb26.7 Ti10.6,110.3539,850.3071,7.7053,0.5948,0.5119,0.1657,0.5019,13.0212
Al8.1 Cr28.3 Mo26.2 Nb26.8 Ti10.6,110.3732,850.4729,7.7054,0.595,0.5119,0.1657,0.5016,13.0289
Al8.1 Cr28.3 Mo26.2 Nb26.8 Ti10.6,110.4014,850.623,7.7048,0.5957,0.5119,0.1656,0.501,13.0276
Al8.1 Cr28.2 Mo26.2 Nb26.9 Ti10.6,110.4014,850.7705,7.7062,0.5978,0.5119,0.165,0.5059,13.0075
Al8.1 Cr28.2 Mo26.2 Nb26.9 Ti10.7,110.4273,850.6789,7.7035,0.5991,0.5119,0.1649,0.5056,12.9732
Al8.1 Cr28.2 Mo26.2 Nb26.9 Ti10.7,110.4276,850.679,7.7035,0.5991,0.5119,0.1649,0.5056,12.9731
Al8.1 Cr28.2 Mo26.2 Nb26.9 Ti10.7,110.4311,850.8872,7.7051,0.5991,0.5119,0.1649,0.507,12.9891
Al8.1 Cr28.0 Mo26.3 Nb27.0 Ti10.6,110.4386,851.7694,7.7126,0.6004,0.512,0.1647,0.5145,13.0477
Al8.1 Cr28.1 Mo26.2 Nb27.0 Ti10.7,110.5036,851.5666,7.7062,0.6009,0.5119,0.1647,0.5079,13.0094
Al8.2 Cr27.8 Mo26.4 Nb27.2 Ti10.4,110.5177,853.2815,7.7208,0.6015,0.512,0.1646,0.5161,13.1701
Al8.0 Cr28.2 Mo26.2 Nb27.0 Ti10.7,110.5895,852.7026,7.7105,0.6017,0.5119,0.1651,0.5106,13.0744
Al8.1 Cr28.2 Mo26.1 Nb27.1 Ti10.5,110.6749,853.319,7.7101,0.6027,0.5119,0.1648,0.5059,13.1111
Al8.1 Cr28.2 Mo26.1 Nb27.1 Ti10.5,110.6787,853.3685,7.7103,0.6028,0.5119,0.1648,0.506,13.1139
Al8.1 Cr28.2 Mo26.1 Nb27.1 Ti10.5,110.6924,853.3701,7.7094,0.6032,0.5119,0.1647,0.5052,13.107
Al8.1 Cr28.1 Mo26.1 Nb27.1 Ti10.5,110.7285,853.7001,7.7099,0.6041,0.5119,0.1646,0.5056,13.1158
Al8.1 Cr28.2 Mo26.1 Nb27.1 Ti10.5,110.7421,853.8199,7.71,0.6042,0.5119,0.1647,0.5053,13.1232
Al8.1 Cr28.1 Mo26.1 Nb27.2 Ti10.5,110.7645,854.0306,7.7103,0.6048,0.5119,0.1646,0.5055,13.1295
Al8.1 Cr28.1 Mo26.0 Nb27.3 Ti10.5,110.8683,854.854,7.7105,0.6079,0.5119,0.164,0.5056,13.1434
Al8.1 Cr28.1 Mo26.0 Nb27.3 Ti10.5,110.8683,854.854,7.7105,0.6079,0.5119,0.164,0.5056,13.1434
Al8.1 Cr28.1 Mo26.0 Nb27.4 Ti10.5,110.9175,855.5942,7.7138,0.6088,0.5119,0.1642,0.5089,13.179
Al8.0 Cr28.3 Mo25.9 Nb27.3 Ti10.5,110.9748,855.376,7.7078,0.6091,0.5119,0.1644,0.5013,13.1575
Al8.0 Cr28.3 Mo25.8 Nb27.3 Ti10.5,110.9947,855.5552,7.7081,0.6092,0.5119,0.1644,0.5007,13.1695
Al8.0 Cr28.3 Mo25.8 Nb27.3 Ti10.5,110.9966,855.5509,7.7079,0.6093,0.5119,0.1644,0.5006,13.1683
Al7.9 Cr28.3 Mo25.8 Nb27.3 Ti10.7,111.0376,855.9777,7.7089,0.6114,0.5119,0.1645,0.5069,13.1509
Al7.9 Cr28.3 Mo25.8 Nb27.3 Ti10.7,111.0376,855.9777,7.7089,0.6114,0.5119,0.1645,0.5069,13.1509
Al8.1 Cr28.2 Mo25.8 Nb27.4 Ti10.5,111.0504,855.9628,7.7079,0.6116,0.5119,0.1639,0.5017,13.1636
Al8.0 Cr28.2 Mo25.8 Nb27.4 Ti10.5,111.0932,856.4595,7.7094,0.6118,0.5119,0.1642,0.5018,13.1958
Al8.0 Cr28.2 Mo25.8 Nb27.4 Ti10.5,111.0942,856.4733,7.7094,0.6118,0.5119,0.1642,0.5019,13.1965
Al8.0 Cr28.2 Mo25.8 Nb27.4 Ti10.5,111.0962,856.4684,7.7093,0.6119,0.5119,0.1641,0.5017,13.1951
Al8.0 Cr28.2 Mo25.8 Nb27.4 Ti10.5,111.1051,856.5159,7.7091,0.6119,0.5119,0.1642,0.5011,13.1989
Al7.9 Cr28.1 Mo25.8 Nb27.5 Ti10.6,111.1428,857.259,7.7131,0.616,0.5119,0.1635,0.5136,13.1726
Al7.9 Cr28.0 Mo25.9 Nb27.5 Ti10.7,111.1494,857.3756,7.7137,0.6162,0.5119,0.1635,0.5144,13.1771
Al7.4 Cr28.9 Mo25.3 Nb27.1 Ti11.3,111.157,855.1647,7.6933,0.6186,0.5118,0.1658,0.5044,13.0025
Al7.4 Cr28.3 Mo25.8 Nb27.3 Ti11.2,111.2092,858.0151,7.7153,0.6189,0.5119,0.1648,0.5295,13.1331
Al7.4 Cr28.4 Mo25.7 Nb27.3 Ti11.2,111.2968,858.6923,7.7153,0.6207,0.5119,0.1649,0.5289,13.155
Al7.5 Cr28.1 Mo25.8 Nb27.5 Ti11.1,111.3351,859.5933,7.7208,0.6229,0.5119,0.164,0.535,13.1873
Al7.5 Cr28.1 Mo25.8 Nb27.5 Ti11.1,111.3487,859.5741,7.7197,0.6234,0.5119,0.164,0.5341,13.179
Al7.5 Cr28.1 Mo25.8 Nb27.5 Ti11.1,111.3487,859.5741,7.7197,0.6234,0.5119,0.164,0.5341,13.179
Al7.5 Cr28.1 Mo25.8 Nb27.5 Ti11.1,111.3545,859.5007,7.7186,0.6235,0.5119,0.164,0.5326,13.175
Al7.5 Cr28.1 Mo25.8 Nb27.5 Ti11.1,111.3553,859.563,7.7191,0.6237,0.5119,0.1639,0.5336,13.1749
Al8.3 Cr27.7 Mo25.5 Nb28.2 Ti10.3,111.376,858.0957,7.7045,0.6261,0.5118,0.1605,0.5014,13.1325
Al8.3 Cr27.7 Mo25.5 Nb28.2 Ti10.3,111.379,858.1252,7.7046,0.6262,0.5118,0.1605,0.5015,13.1332
Al8.3 Cr27.7 Mo25.5 Nb28.2 Ti10.3,111.3911,858.3475,7.7057,0.6265,0.5118,0.1605,0.5028,13.1422
Al8.3 Cr27.7 Mo25.5 Nb28.2 Ti10.3,111.4224,858.5314,7.7052,0.627,0.5118,0.1605,0.5017,13.1495
Al8.3 Cr27.7 Mo25.5 Nb28.2 Ti10.3,111.4268,858.666,7.7061,0.6273,0.5118,0.1604,0.5028,13.1542
Al7.1 Cr28.7 Mo25.3 Nb27.3 Ti11.5,111.5334,859.7069,7.7081,0.6279,0.5118,0.1656,0.5249,13.1438
Al7.0 Cr28.7 Mo25.3 Nb27.3 Ti11.6,111.5549,859.9741,7.709,0.6305,0.5119,0.1656,0.533,13.1083
Al7.5 Cr28.7 Mo25.1 Nb27.6 Ti11.2,111.5964,859.1578,7.6988,0.6311,0.5118,0.1643,0.5065,13.1363
Al7.6 Cr28.4 Mo25.2 Nb27.8 Ti11.0,111.6488,860.297,7.7054,0.6314,0.5118,0.1634,0.512,13.1823
Al7.5 Cr28.5 Mo25.1 Nb27.8 Ti11.1,111.6745,860.3161,7.7038,0.6329,0.5118,0.1635,0.5119,13.1689
Al7.5 Cr28.5 Mo25.1 Nb27.8 Ti11.1,111.6756,860.2706,7.7033,0.6332,0.5118,0.1634,0.5115,13.1654
Al7.0 Cr28.7 Mo25.1 Nb27.5 Ti11.6,111.6834,860.5768,7.7055,0.636,0.5118,0.1651,0.53,13.1041
Al7.0 Cr28.7 Mo25.1 Nb27.6 Ti11.6,111.7506,861.3255,7.7076,0.6368,0.5118,0.1651,0.5298,13.1478
Al7.1 Cr28.4 Mo25.2 Nb27.8 Ti11.5,111.7592,861.7817,7.7111,0.6377,0.5118,0.1637,0.5341,13.144
Al7.0 Cr28.7 Mo25.1 Nb27.6 Ti11.6,111.8088,862.1608,7.711,0.6379,0.5118,0.1651,0.5343,13.1755
Al6.8 Cr28.7 Mo25.2 Nb27.6 Ti11.8,111.8471,862.8813,7.7148,0.6385,0.5118,0.1656,0.5414,13.1969
Al6.8 Cr28.7 Mo25.2 Nb27.6 Ti11.8,111.8533,862.9418,7.7149,0.6387,0.5118,0.1656,0.5415,13.1989
Al6.8 Cr28.7 Mo25.2 Nb27.6 Ti11.8,111.8533,862.9418,7.7149,0.6387,0.5118,0.1656,0.5415,13.1989
Al7.1 Cr28.7 Mo24.9 Nb27.8 Ti11.5,111.8644,861.9552,7.7054,0.6401,0.5118,0.1647,0.5226,13.1874
Al7.1 Cr28.7 Mo24.9 Nb27.8 Ti11.5,111.8644,861.9552,7.7054,0.6401,0.5118,0.1647,0.5226,13.1874
Al7.1 Cr28.7 Mo24.9 Nb27.8 Ti11.5,111.8644,861.9552,7.7054,0.6401,0.5118,0.1647,0.5226,13.1874
Al7.0 Cr28.6 Mo25.0 Nb27.8 Ti11.6,111.8723,862.36,7.7084,0.6413,0.5118,0.1645,0.5318,13.1638
Al7.0 Cr28.6 Mo25.0 Nb27.8 Ti11.6,111.897,862.6745,7.7095,0.6416,0.5118,0.1646,0.5325,13.1807
Al7.4 Cr28.2 Mo25.0 Nb28.2 Ti11.1,111.9147,862.5731,7.7074,0.6435,0.5118,0.1619,0.5242,13.1662
Al7.4 Cr28.2 Mo25.0 Nb28.2 Ti11.1,111.9147,862.5731,7.7074,0.6435,0.5118,0.1619,0.5242,13.1662
Al7.4 Cr28.2 Mo25.0 Nb28.2 Ti11.2,111.9168,862.4624,7.7063,0.644,0.5118,0.1619,0.5232,13.1578
Al6.7 Cr28.4 Mo25.2 Nb27.8 Ti11.8,111.9978,864.6005,7.7198,0.6455,0.5119,0.1644,0.5542,13.1937
Al7.2 Cr28.2 Mo25.0 Nb28.2 Ti11.4,111.9983,863.5475,7.7104,0.6468,0.5118,0.1623,0.5339,13.1678
Al6.7 Cr28.4 Mo25.2 Nb27.9 Ti11.9,112.0067,864.5658,7.7189,0.6469,0.5119,0.1641,0.5555,13.1706
Al6.7 Cr28.4 Mo25.2 Nb27.9 Ti11.9,112.0335,864.8287,7.7194,0.6477,0.5119,0.164,0.5561,13.178
Al6.3 Cr28.4 Mo25.3 Nb27.7 Ti12.2,112.0737,866.0956,7.7279,0.6495,0.5119,0.1652,0.5757,13.192
Al6.3 Cr28.4 Mo25.3 Nb27.7 Ti12.2,112.0737,866.0956,7.7279,0.6495,0.5119,0.1652,0.5757,13.192
Al6.3 Cr28.5 Mo25.1 Nb27.8 Ti12.2,112.0787,865.4863,7.7221,0.6513,0.5119,0.165,0.5706,13.1471
Al6.3 Cr28.5 Mo25.1 Nb27.8 Ti12.2,112.0814,865.5211,7.7223,0.6513,0.5119,0.165,0.5707,13.149
Al6.3 Cr28.5 Mo25.1 Nb27.8 Ti12.2,112.0825,865.5349,7.7223,0.6513,0.5119,0.165,0.5707,13.1498
Al7.3 Cr27.4 Mo25.4 Nb28.6 Ti11.3,112.1111,866.2235,7.7265,0.6532,0.5119,0.16,0.5603,13.1965
Al6.6 Cr28.2 Mo25.1 Nb28.0 Ti12.0,112.1379,866.0508,7.7231,0.6534,0.5119,0.1635,0.5688,13.1604
Al6.3 Cr28.4 Mo25.1 Nb27.9 Ti12.2,112.1843,866.5544,7.7244,0.6548,0.5119,0.1645,0.5738,13.1714
Al6.6 Cr28.2 Mo25.1 Nb28.2 Ti12.0,112.2453,867.0852,7.7249,0.6563,0.5119,0.1633,0.5702,13.1947
Al6.6 Cr28.2 Mo25.1 Nb28.2 Ti12.0,112.2536,867.1646,7.7251,0.6566,0.5119,0.1632,0.5703,13.1973
Al6.6 Cr28.2 Mo25.1 Nb28.2 Ti12.0,112.2582,867.2091,7.7251,0.6567,0.5119,0.1632,0.5704,13.1988
Al6.6 Cr28.2 Mo25.1 Nb28.2 Ti12.0,112.2582,867.2091,7.7251,0.6567,0.5119,0.1632,0.5704,13.1988
Al6.6 Cr28.2 Mo25.1 Nb28.2 Ti12.0,112.2582,867.2091,7.7251,0.6567,0.5119,0.1632,0.5704,13.1988
Al6.6 Cr28.2 Mo25.1 Nb28.2 Ti12.0,112.2582,867.2091,7.7251,0.6567,0.5119,0.1632,0.5704,13.1988
Al6.6 Cr28.2 Mo25.1 Nb28.2 Ti12.0,112.2582,867.2091,7.7251,0.6567,0.5119,0.1632,0.5704,13.1988
Al6.8 Cr28.4 Mo24.6 Nb28.3 Ti11.8,112.2652,865.4811,7.7093,0.6599,0.5118,0.1631,0.5452,13.1641
Al6.8 Cr28.4 Mo24.6 Nb28.3 Ti11.8,112.2731,865.5848,7.7096,0.66,0.5118,0.1632,0.5455,13.1687
Al6.8 Cr28.4 Mo24.6 Nb28.3 Ti11.8,112.2731,865.5848,7.7096,0.66,0.5118,0.1632,0.5455,13.1687
Al6.8 Cr28.5 Mo24.6 Nb28.4 Ti11.8,112.295,865.7318,7.7094,0.6604,0.5118,0.1633,0.544,13.1839
Al6.7 Cr28.0 Mo25.0 Nb28.4 Ti11.9,112.3068,867.1176,7.721,0.6605,0.5118,0.1621,0.5664,13.163
Al6.7 Cr28.5 Mo24.6 Nb28.4 Ti11.8,112.3086,865.9021,7.71,0.6606,0.5118,0.1633,0.5443,13.1932
Al6.7 Cr28.4 Mo24.6 Nb28.4 Ti11.8,112.3239,866.1284,7.711,0.6611,0.5118,0.1632,0.5465,13.192
Al6.4 Cr28.4 Mo24.9 Nb28.2 Ti12.2,112.341,867.3446,7.7206,0.6612,0.5118,0.1638,0.5687,13.1824
Al6.4 Cr28.4 Mo24.9 Nb28.2 Ti12.2,112.3412,867.2763,7.72,0.6615,0.5118,0.1638,0.5681,13.1779
Al6.4 Cr28.4 Mo24.9 Nb28.2 Ti12.2,112.3412,867.2763,7.72,0.6615,0.5118,0.1638,0.5681,13.1779
Al6.7 Cr28.0 Mo24.9 Nb28.5 Ti11.9,112.3978,868.0581,7.7231,0.6627,0.5118,0.162,0.5679,13.1996
Al6.7 Cr28.0 Mo24.9 Nb28.6 Ti11.9,112.4483,868.4452,7.7231,0.6653,0.5118,0.1617,0.5699,13.1924
Al6.7 Cr28.0 Mo24.9 Nb28.6 Ti11.9,112.4484,868.4412,7.723,0.6653,0.5118,0.1617,0.5699,13.192
Al6.6 Cr28.1 Mo24.8 Nb28.6 Ti11.9,112.4503,867.9929,7.7189,0.6656,0.5118,0.1622,0.5631,13.194
Al6.7 Cr27.5 Mo25.1 Nb28.8 Ti11.9,112.4623,869.4139,7.7307,0.6679,0.5119,0.1603,0.585,13.1743
Al6.7 Cr27.6 Mo25.1 Nb28.8 Ti11.9,112.473,869.2917,7.7289,0.6687,0.5119,0.1602,0.5835,13.1608
Al6.7 Cr27.6 Mo25.0 Nb28.9 Ti11.9,112.5334,869.6665,7.7281,0.6697,0.5118,0.1603,0.5799,13.1877
Al6.7 Cr27.6 Mo25.0 Nb28.9 Ti11.9,112.5417,869.746,7.7282,0.6699,0.5118,0.1603,0.58,13.1904
Al5.8 Cr28.2 Mo25.0 Nb28.2 Ti12.8,112.5427,870.4888,7.7347,0.6709,0.5119,0.1644,0.6056,13.1809
Al7.3 Cr27.5 Mo24.5 Nb29.4 Ti11.3,112.6102,868.3967,7.7115,0.6754,0.5117,0.1582,0.5485,13.1612
Al5.6 Cr28.5 Mo24.7 Nb28.2 Ti13.0,112.6477,870.7289,7.7297,0.677,0.5119,0.1655,0.6039,13.1734
Al7.3 Cr27.1 Mo24.7 Nb29.6 Ti11.3,112.7186,870.3252,7.7212,0.6782,0.5118,0.1573,0.5641,13.1872
Al7.2 Cr27.2 Mo24.6 Nb29.6 Ti11.3,112.7319,870.1279,7.7186,0.6795,0.5118,0.1573,0.5615,13.1754
Al6.7 Cr27.0 Mo25.1 Nb29.4 Ti11.9,112.7321,872.2582,7.7374,0.68,0.5119,0.1583,0.5999,13.1907
Al6.7 Cr27.1 Mo25.0 Nb29.4 Ti11.9,112.7427,872.2115,7.7363,0.6804,0.5119,0.1583,0.5986,13.1859
Al7.3 Cr27.1 Mo24.6 Nb29.7 Ti11.3,112.7843,870.5156,7.7184,0.6818,0.5118,0.157,0.5617,13.179
Al7.3 Cr27.1 Mo24.6 Nb29.8 Ti11.3,112.7978,870.647,7.7187,0.6822,0.5118,0.157,0.5619,13.1836
Al6.0 Cr27.4 Mo25.0 Nb29.0 Ti12.6,112.7979,873.2453,7.7417,0.6849,0.5119,0.1602,0.6228,13.1467
Al6.0 Cr27.4 Mo24.9 Nb29.1 Ti12.6,112.8134,873.0597,7.739,0.6862,0.5119,0.1601,0.6207,13.1263
Al6.3 Cr26.8 Mo25.1 Nb29.4 Ti12.2,112.816,873.7586,7.745,0.6875,0.5119,0.1581,0.6246,13.1472
Al6.2 Cr27.1 Mo25.0 Nb29.3 Ti12.4,112.9,874.4044,7.7449,0.6876,0.5119,0.1593,0.6229,13.1945
Al6.2 Cr27.2 Mo24.9 Nb29.3 Ti12.4,112.9238,874.2791,7.7422,0.6886,0.5119,0.1592,0.6198,13.1824
Al6.2 Cr27.2 Mo24.9 Nb29.3 Ti12.4,112.939,874.4254,7.7425,0.689,0.5119,0.1592,0.62,13.1874
Al6.2 Cr27.2 Mo24.9 Nb29.3 Ti12.4,112.939,874.4254,7.7425,0.689,0.5119,0.1592,0.62,13.1874
Al6.2 Cr27.2 Mo24.9 Nb29.3 Ti12.4,112.939,874.4254,7.7425,0.689,0.5119,0.1592,0.62,13.1874
Al6.2 Cr27.2 Mo24.9 Nb29.3 Ti12.4,112.939,874.4254,7.7425,0.689,0.5119,0.1592,0.62,13.1874
Al6.2 Cr27.2 Mo24.9 Nb29.3 Ti12.4,112.939,874.4254,7.7425,0.689,0.5119,0.1592,0.62,13.1874
Al7.2 Cr26.3 Mo24.8 Nb30.3 Ti11.4,112.9436,873.0002,7.7295,0.6944,0.5118,0.1546,0.5951,13.0929
Al7.2 Cr26.3 Mo24.8 Nb30.3 Ti11.4,112.9474,873.0135,7.7294,0.6946,0.5118,0.1546,0.5949,13.0923
Al6.4 Cr26.9 Mo24.8 Nb29.7 Ti12.3,112.9693,873.8574,7.7354,0.6949,0.5119,0.1575,0.6169,13.0911
Al6.4 Cr26.9 Mo24.8 Nb29.7 Ti12.3,112.9693,873.8574,7.7354,0.6949,0.5119,0.1575,0.6169,13.0911
Al6.4 Cr26.6 Mo25.0 Nb29.8 Ti12.2,113.0579,875.9443,7.7477,0.6954,0.5119,0.1572,0.6278,13.1976
Al6.4 Cr26.6 Mo25.0 Nb29.8 Ti12.2,113.0617,875.7526,7.7458,0.6959,0.5119,0.1571,0.6257,13.1836
Al6.4 Cr26.7 Mo24.8 Nb29.9 Ti12.2,113.0813,875.2291,7.7398,0.6985,0.5119,0.1568,0.6218,13.1281
Al6.3 Cr26.9 Mo24.7 Nb29.8 Ti12.3,113.1118,875.2388,7.7378,0.6989,0.5118,0.1573,0.6187,13.1387
Al6.3 Cr26.7 Mo24.8 Nb29.9 Ti12.2,113.1874,876.5358,7.7441,0.7,0.5119,0.1571,0.6246,13.1951
Al6.3 Cr26.8 Mo24.7 Nb29.9 Ti12.2,113.1971,876.1519,7.7401,0.701,0.5118,0.1572,0.6205,13.1734
Al6.3 Cr26.8 Mo24.7 Nb29.9 Ti12.2,113.1971,876.1519,7.7401,0.701,0.5118,0.1572,0.6205,13.1734
Al6.3 Cr26.8 Mo24.7 Nb29.9 Ti12.2,113.2054,876.2529,7.7404,0.701,0.5118,0.1573,0.6205,13.18
Al6.4 Cr26.9 Mo24.5 Nb30.0 Ti12.3,113.2087,875.5546,7.734,0.7041,0.5118,0.157,0.6162,13.1223
Al8.0 Cr25.8 Mo24.3 Nb31.3 Ti10.6,113.2334,874.177,7.7201,0.7052,0.5117,0.1521,0.5674,13.1595
Al8.0 Cr25.8 Mo24.3 Nb31.3 Ti10.6,113.2337,874.1813,7.7202,0.7052,0.5117,0.1521,0.5674,13.1597
Al8.0 Cr25.7 Mo24.3 Nb31.4 Ti10.6,113.2934,874.7964,7.7215,0.7068,0.5117,0.152,0.5684,13.1813
Al6.2 Cr26.5 Mo24.7 Nb30.2 Ti12.3,113.3276,877.8464,7.7461,0.7088,0.5119,0.1563,0.6368,13.1549
Al6.2 Cr26.5 Mo24.6 Nb30.3 Ti12.4,113.3442,877.5749,7.7426,0.7105,0.5119,0.1562,0.6341,13.1283
Al6.2 Cr26.5 Mo24.6 Nb30.3 Ti12.4,113.3442,877.5749,7.7426,0.7105,0.5119,0.1562,0.6341,13.1283
Al6.3 Cr26.6 Mo24.4 Nb30.4 Ti12.3,113.4206,877.64,7.7379,0.7132,0.5118,0.1561,0.6258,13.1412
Al6.3 Cr26.6 Mo24.4 Nb30.4 Ti12.3,113.4206,877.64,7.7379,0.7132,0.5118,0.1561,0.6258,13.1412
Al6.3 Cr26.6 Mo24.4 Nb30.4 Ti12.2,113.4896,878.3974,7.7399,0.7132,0.5118,0.1564,0.6238,13.1993
Al6.3 Cr26.6 Mo24.3 Nb30.4 Ti12.2,113.4899,878.2218,7.7383,0.714,0.5118,0.1563,0.6226,13.1875
Al6.2 Cr26.3 Mo24.5 Nb30.6 Ti12.4,113.5184,879.2476,7.7454,0.717,0.5118,0.1557,0.6393,13.1599
Al6.2 Cr26.2 Mo24.6 Nb30.6 Ti12.3,113.5518,879.83,7.7483,0.7176,0.5119,0.1555,0.6418,13.1826
Al6.2 Cr26.2 Mo24.6 Nb30.6 Ti12.3,113.5673,880.1042,7.7496,0.7177,0.5119,0.1555,0.6429,13.1969
Al6.2 Cr26.2 Mo24.6 Nb30.6 Ti12.3,113.5734,880.0426,7.7487,0.7182,0.5119,0.1555,0.6421,13.1901
Al6.2 Cr26.3 Mo24.5 Nb30.6 Ti12.3,113.5984,879.9741,7.7464,0.7189,0.5118,0.1557,0.6389,13.1928
Al6.2 Cr26.3 Mo24.5 Nb30.6 Ti12.3,113.6053,880.0638,7.7467,0.719,0.5118,0.1558,0.6391,13.1976
Al6.2 Cr26.3 Mo24.5 Nb30.6 Ti12.3,113.6053,880.0638,7.7467,0.719,0.5118,0.1558,0.6391,13.1976
Al6.2 Cr26.3 Mo24.5 Nb30.6 Ti12.3,113.6053,880.0638,7.7467,0.719,0.5118,0.1558,0.6391,13.1976
Al6.2 Cr26.3 Mo24.5 Nb30.6 Ti12.3,113.6053,880.0638,7.7467,0.719,0.5118,0.1558,0.6391,13.1976
Al6.2 Cr26.3 Mo24.5 Nb30.6 Ti12.3,113.6053,880.0638,7.7467,0.719,0.5118,0.1558,0.6391,13.1976
Al6.2 Cr26.3 Mo24.5 Nb30.6 Ti12.3,113.6053,880.0638,7.7467,0.719,0.5118,0.1558,0.6391,13.1976
Al6.2 Cr26.3 Mo24.5 Nb30.6 Ti12.3,113.6063,880.0307,7.7463,0.7191,0.5118,0.1557,0.6388,13.1949
Al6.2 Cr26.3 Mo24.5 Nb30.6 Ti12.3,113.6063,880.0307,7.7463,0.7191,0.5118,0.1557,0.6388,13.1949
Al6.3 Cr25.1 Mo24.8 Nb31.4 Ti12.3,113.7089,882.971,7.7652,0.7333,0.5119,0.153,0.6789,13.1425
Al6.3 Cr25.1 Mo24.8 Nb31.4 Ti12.3,113.7425,883.3629,7.7663,0.7334,0.5119,0.1531,0.6784,13.1695
Al6.3 Cr25.1 Mo24.8 Nb31.5 Ti12.3,113.7978,883.8803,7.7671,0.735,0.5119,0.153,0.6791,13.1846
Al6.3 Cr25.2 Mo24.3 Nb31.6 Ti12.5,113.798,881.5587,7.7467,0.7429,0.5118,0.152,0.6701,12.9503
Al6.1 Cr25.3 Mo24.4 Nb31.7 Ti12.5,114.0133,884.5615,7.7584,0.7442,0.5119,0.153,0.6768,13.1234
Al6.1 Cr25.3 Mo24.4 Nb31.7 Ti12.5,114.015,884.5844,7.7585,0.7442,0.5119,0.153,0.6769,13.1246
Al6.1 Cr25.3 Mo24.4 Nb31.7 Ti12.5,114.0304,884.7467,7.7589,0.7449,0.5119,0.1529,0.6777,13.1259
Al10.2 Cr17.6 Mo22.9 Nb29.4 Ta5.3 Ti14.7,114.0414,908.9167,7.9701,0.7452,0.511,0.1647,0.7173,11.3471
Al6.1 Cr25.3 Mo24.3 Nb31.7 Ti12.5,114.0661,884.9054,7.7578,0.7459,0.5119,0.153,0.6758,13.1332
Al6.1 Cr25.3 Mo24.3 Nb31.7 Ti12.5,114.0661,884.9054,7.7578,0.7459,0.5119,0.153,0.6758,13.1332
Al9.5 Cr17.7 Mo23.3 Nb29.4 Ta5.3 Ti14.8,114.5221,916.6223,8.0039,0.7481,0.5111,0.1659,0.741,11.3322
Al9.6 Cr17.7 Mo23.2 Nb29.4 Ta5.3 Ti14.9,114.5795,916.8006,8.0014,0.7496,0.5111,0.1658,0.7393,11.3719
Al9.6 Cr17.7 Mo23.1 Nb29.5 Ta5.3 Ti14.9,114.652,916.9995,7.9981,0.7515,0.5111,0.1656,0.7369,11.4265
Al9.6 Cr17.8 Mo23.0 Nb29.5 Ta5.3 Ti14.9,114.7268,917.7185,7.9992,0.7519,0.5111,0.1659,0.734,11.4623
Al9.6 Cr17.8 Mo23.0 Nb29.6 Ta5.3 Ti14.8,114.7633,917.9888,7.999,0.7527,0.5111,0.1658,0.734,11.5002
Al9.4 Cr17.6 Mo22.5 Nb29.8 Ta5.4 Ti15.3,115.1742,920.9076,7.9958,0.7665,0.511,0.166,0.7412,11.8357
Al9.4 Cr17.6 Mo22.5 Nb29.8 Ta5.4 Ti15.3,115.2634,921.6924,7.9964,0.7683,0.511,0.1658,0.742,11.9129
Al9.4 Cr17.8 Mo22.4 Nb29.9 Ta5.4 Ti15.2,115.389,922.6325,7.9958,0.7697,0.511,0.1658,0.7366,11.9594
Al9.5 Cr17.3 Mo22.5 Nb30.0 Ta5.4 Ti15.3,115.4043,922.9331,7.9974,0.7726,0.511,0.1655,0.7476,12.1241
Al9.4 Cr17.3 Mo22.5 Nb30.1 Ta5.4 Ti15.3,115.4416,923.3908,7.9988,0.773,0.511,0.1655,0.7486,12.1329
Al9.4 Cr17.3 Mo22.5 Nb30.1 Ta5.4 Ti15.3,115.4519,923.5479,7.9994,0.773,0.511,0.1656,0.7485,12.1376
Al9.2 Cr17.0 Mo22.4 Nb30.2 Ta5.5 Ti15.7,115.7119,926.3843,8.006,0.7827,0.511,0.1657,0.7683,12.3483
Al9.2 Cr16.9 Mo22.4 Nb30.3 Ta5.5 Ti15.7,115.8722,927.8466,8.0075,0.7857,0.511,0.1655,0.7695,12.4807
Al8.6 Cr16.4 Mo22.8 Nb30.3 Ta5.5 Ti16.4,115.9451,930.2844,8.0235,0.7944,0.5112,0.165,0.8069,12.5183
Al9.3 Cr15.4 Mo22.9 Nb30.8 Ta5.7 Ti16.0,116.0067,931.9933,8.034,0.7967,0.5112,0.1659,0.8108,13.1633
Al8.7 Cr16.0 Mo22.9 Nb30.4 Ta5.7 Ti16.4,116.0977,933.245,8.0384,0.7972,0.5112,0.166,0.8158,12.7508
Al8.6 Cr16.0 Mo22.9 Nb30.4 Ta5.7 Ti16.4,116.1037,933.3459,8.0389,0.7974,0.5112,0.166,0.8164,12.7506
Al8.7 Cr16.0 Mo22.8 Nb30.4 Ta5.7 Ti16.4,116.1115,933.32,8.0381,0.7975,0.5112,0.166,0.8156,12.7584
Al8.7 Cr16.0 Mo22.8 Nb30.4 Ta5.7 Ti16.4,116.1145,933.3609,8.0383,0.7975,0.5112,0.166,0.8157,12.7593
Al8.7 Cr16.0 Mo22.8 Nb30.4 Ta5.7 Ti16.4,116.1145,933.3609,8.0383,0.7975,0.5112,0.166,0.8157,12.7593
Al9.3 Cr15.9 Mo22.3 Nb30.8 Ta5.7 Ti15.9,116.3063,932.6549,8.019,0.7999,0.5111,0.1659,0.7928,13.1685
Al9.3 Cr15.9 Mo22.3 Nb30.8 Ta5.7 Ti15.9,116.309,932.7121,8.0193,0.8003,0.5111,0.1659,0.7938,13.1867
Al8.9 Cr15.8 Mo22.5 Nb30.7 Ta5.7 Ti16.3,116.3734,934.5803,8.0309,0.8025,0.5111,0.166,0.8083,13.0965
Al8.7 Cr16.2 Mo22.6 Nb30.9 Ta5.6 Ti16.0,116.6997,938.3937,8.0411,0.8027,0.5112,0.166,0.8044,13.1378
Al8.7 Cr16.4 Mo22.5 Nb30.9 Ta5.6 Ti15.9,116.7966,938.7586,8.0375,0.8033,0.5111,0.1659,0.7985,13.1267
Al8.7 Cr16.4 Mo22.5 Nb30.9 Ta5.6 Ti15.9,116.8243,939.1285,8.0388,0.8036,0.5111,0.166,0.799,13.1351
Al7.4 Cr15.0 Mo22.1 Nb30.4 Ta6.1 Ti18.9,116.903,940.073,8.0415,0.8385,0.5112,0.1657,0.8694,13.15
Al6.2 Cr15.2 Mo22.8 Nb30.3 Ta5.9 Ti19.5,116.9108,944.0537,8.075,0.8427,0.5114,0.1655,0.8928,12.8121
Al5.6 Cr16.3 Mo22.5 Nb29.9 Ta5.7 Ti20.0,116.9221,942.1394,8.0578,0.8432,0.5114,0.1658,0.8875,12.2509
Al6.1 Cr15.2 Mo23.0 Nb30.4 Ta5.9 Ti19.4,117.0815,947.2322,8.0904,0.8446,0.5115,0.1659,0.8964,12.941
Al6.1 Cr15.2 Mo22.9 Nb30.4 Ta5.9 Ti19.5,117.0934,947.1761,8.0891,0.8455,0.5115,0.1658,0.8968,12.9591
Al6.1 Cr15.2 Mo22.9 Nb30.4 Ta5.9 Ti19.5,117.1105,947.4414,8.0901,0.8455,0.5115,0.1659,0.8969,12.9664
Al6.1 Cr15.2 Mo22.9 Nb30.5 Ta5.9 Ti19.5,117.2028,947.9165,8.0878,0.847,0.5114,0.1659,0.8962,13.0078
Al6.3 Cr15.4 Mo22.4 Nb30.4 Ta5.9 Ti19.6,117.2364,945.5146,8.065,0.8488,0.5114,0.1656,0.8892,12.971
Al6.1 Cr15.3 Mo22.7 Nb30.5 Ta5.9 Ti19.5,117.3798,948.6805,8.0821,0.8493,0.5114,0.166,0.8933,13.0478
Al6.1 Cr15.4 Mo22.5 Nb30.4 Ta5.9 Ti19.7,117.3884,947.7088,8.0733,0.8507,0.5114,0.1659,0.8915,13.0261
Al6.1 Cr15.4 Mo22.5 Nb30.5 Ta5.9 Ti19.6,117.4627,948.544,8.0753,0.8514,0.5114,0.166,0.8913,13.0796
Al6.1 Cr15.4 Mo22.4 Nb30.6 Ta5.9 Ti19.6,117.5275,949.1575,8.076,0.8521,0.5114,0.166,0.891,13.1177
Al6.1 Cr15.4 Mo22.4 Nb30.6 Ta5.9 Ti19.6,117.5403,949.2714,8.0761,0.8524,0.5114,0.166,0.8911,13.1283
Al6.1 Cr15.4 Mo22.4 Nb30.6 Ta5.9 Ti19.6,117.6306,950.1021,8.077,0.8541,0.5114,0.1659,0.8916,13.1991
Al5.8 Cr15.4 Mo22.3 Nb30.6 Ta5.9 Ti20.0,117.6527,949.8204,8.0731,0.8597,0.5114,0.1659,0.8968,13.1297
Al5.8 Cr15.4 Mo22.2 Nb30.6 Ta5.9 Ti20.0,117.7143,949.9805,8.0702,0.8612,0.5114,0.1659,0.8959,13.1646
Al5.8 Cr15.4 Mo22.2 Nb30.6 Ta5.9 Ti20.1,117.7154,950.0172,8.0705,0.8615,0.5114,0.1659,0.8963,13.178
Al6.8 Cr13.5 Mo24.0 Nb24.7 Ta6.3 Ti19.5 Zr5.3,117.7787,938.9065,7.9718,0.9285,0.5113,0.166,0.7826,13.022
Al6.8 Cr13.4 Mo24.0 Nb24.7 Ta6.3 Ti19.5 Zr5.3,117.7848,939.1865,7.9737,0.9286,0.5113,0.166,0.7848,13.0813
Al6.8 Cr13.4 Mo24.0 Nb24.7 Ta6.3 Ti19.5 Zr5.3,117.7937,939.3146,7.9742,0.929,0.5113,0.1659,0.786,13.1176
Al6.8 Cr13.7 Mo23.4 Nb24.7 Ta6.4 Ti19.7 Zr5.3,117.9091,938.4878,7.9594,0.9355,0.5112,0.1656,0.7757,13.0621
Al6.8 Cr13.5 Mo23.5 Nb24.8 Ta6.3 Ti19.7 Zr5.4,117.9336,938.5404,7.9582,0.9372,0.5113,0.1649,0.7799,13.1427
Al6.8 Cr13.4 Mo23.6 Nb24.8 Ta6.3 Ti19.7 Zr5.4,117.9488,938.7183,7.9587,0.9376,0.5113,0.1648,0.7811,13.1647
Al15.1 Mo21.0 Nb21.8 Ta10.8 Ti21.6 Zr9.8,117.9644,919.4895,7.7946,1.0739,0.511,0.1653,0.7885,13.1625
Al15.0 Mo21.0 Nb21.8 Ta10.8 Ti21.6 Zr9.8,117.9665,919.5234,7.7948,1.0739,0.511,0.1653,0.7885,13.1641
Al15.1 Mo21.0 Nb21.8 Ta10.8 Ti21.5 Zr9.8,118.0181,920.1814,7.7969,1.0751,0.511,0.1655,0.7865,13.1694
Al15.1 Mo21.0 Nb21.8 Ta10.8 Ti21.5 Zr9.8,118.0339,920.1494,7.7956,1.0757,0.511,0.1654,0.7865,13.17
Al15.1 Mo21.0 Nb21.8 Ta10.8 Ti21.5 Zr9.8,118.0339,920.1494,7.7956,1.0757,0.511,0.1654,0.7865,13.17
Al15.1 Mo21.0 Nb21.8 Ta10.8 Ti21.5 Zr9.8,118.0341,920.1509,7.7956,1.0757,0.511,0.1654,0.7865,13.1701
Al15.0 Mo21.0 Nb21.9 Ta10.8 Ti21.5 Zr9.8,118.063,920.3679,7.7956,1.0771,0.511,0.165,0.7871,13.1707
Al14.9 Mo21.0 Nb21.8 Ta10.8 Ti21.5 Zr9.9,118.2276,922.1539,7.7998,1.0797,0.5111,0.165,0.7873,13.191
Al14.8 Mo21.1 Nb21.7 Ta10.8 Ti21.6 Zr10.0,118.2399,922.5014,7.8019,1.0804,0.5111,0.1649,0.7901,13.1288
Al14.8 Mo21.1 Nb21.8 Ta10.7 Ti21.6 Zr10.0,118.3072,922.9665,7.8014,1.0807,0.5111,0.1648,0.7911,13.1808
Al14.8 Mo21.0 Nb21.8 Ta10.8 Ti21.6 Zr10.0,118.3352,923.8403,7.807,1.0814,0.5111,0.1648,0.7906,13.1942
Al14.6 Mo21.3 Nb21.6 Ta10.7 Ti21.7 Zr10.1,118.5552,925.4956,7.8065,1.0835,0.5111,0.165,0.7946,13.1645
Al14.6 Mo21.4 Nb21.6 Ta10.7 Ti21.7 Zr10.2,118.5845,925.7446,7.8066,1.084,0.5111,0.165,0.7942,13.1635
Al14.6 Mo21.3 Nb21.6 Ta10.7 Ti21.7 Zr10.2,118.5903,925.5514,7.8046,1.0852,0.5111,0.1649,0.7934,13.1356
Al14.6 Mo21.3 Nb21.6 Ta10.7 Ti21.7 Zr10.2,118.5903,925.5514,7.8046,1.0852,0.5111,0.1649,0.7934,13.1356
Al14.5 Mo21.3 Nb21.5 Ta10.7 Ti21.6 Zr10.4,118.7,926.0533,7.8016,1.0916,0.5111,0.1647,0.7893,13.0834
Al14.6 Mo21.3 Nb21.5 Ta10.7 Ti21.4 Zr10.5,118.8672,928.2431,7.8091,1.0927,0.5112,0.1653,0.7843,13.14
Al14.3 Mo21.3 Nb21.5 Ta10.7 Ti21.6 Zr10.5,119.1275,930.9468,7.8147,1.0976,0.5112,0.1641,0.7936,13.155
Al14.3 Mo21.3 Nb21.6 Ta10.7 Ti21.6 Zr10.5,119.1316,930.7266,7.8126,1.098,0.5112,0.164,0.7938,13.1469
Al14.3 Mo21.3 Nb21.5 Ta10.7 Ti21.7 Zr10.6,119.1429,930.5758,7.8106,1.101,0.5112,0.1638,0.7917,13.0979
Al14.3 Mo21.6 Nb21.2 Ta10.4 Ti21.4 Zr11.0,119.2115,928.6973,7.7903,1.1061,0.5113,0.1653,0.7788,13.1563
Al14.1 Mo21.6 Nb21.4 Ta10.4 Ti21.7 Zr10.8,119.3037,929.6718,7.7925,1.1067,0.5112,0.1635,0.7937,13.0718
Al14.2 Mo21.7 Nb21.2 Ta10.4 Ti21.5 Zr11.0,119.3838,930.5362,7.7945,1.1075,0.5113,0.1649,0.7842,13.1808
Al14.2 Mo21.6 Nb21.2 Ta10.4 Ti21.4 Zr11.1,119.3869,930.7438,7.796,1.1085,0.5113,0.165,0.7817,13.1824
Al14.2 Mo21.6 Nb21.2 Ta10.4 Ti21.4 Zr11.1,119.3872,930.7463,7.796,1.1085,0.5113,0.165,0.7817,13.1823
Al14.2 Mo21.6 Nb21.2 Ta10.4 Ti21.4 Zr11.1,119.4077,930.9417,7.7963,1.1088,0.5113,0.1649,0.7818,13.1745
Al14.2 Mo21.6 Nb21.2 Ta10.4 Ti21.4 Zr11.1,119.4191,931.0437,7.7964,1.109,0.5113,0.1649,0.7819,13.169
Al14.2 Mo21.6 Nb21.2 Ta10.4 Ti21.4 Zr11.1,119.4524,930.9843,7.7938,1.1113,0.5113,0.1649,0.7788,13.1353
Al14.1 Mo21.5 Nb21.5 Ta10.4 Ti21.4 Zr11.0,119.6374,933.1329,7.7997,1.1131,0.5113,0.1639,0.7859,13.0679
Al14.1 Mo21.5 Nb21.5 Ta10.4 Ti21.4 Zr11.0,119.6416,933.0478,7.7987,1.1134,0.5113,0.1638,0.7857,13.0584
Al14.1 Mo21.6 Nb21.5 Ta10.4 Ti21.3 Zr11.1,119.8111,935.4444,7.8077,1.1137,0.5113,0.1643,0.7845,13.1587
Al14.1 Mo21.6 Nb21.5 Ta10.4 Ti21.4 Zr11.0,119.8309,935.4592,7.8065,1.1138,0.5113,0.1641,0.7867,13.153
Al14.1 Mo21.6 Nb21.5 Ta10.4 Ti21.3 Zr11.1,119.8656,936.0664,7.8093,1.1143,0.5113,0.1642,0.7853,13.1661
Al14.0 Mo21.6 Nb21.5 Ta10.4 Ti21.5 Zr11.0,119.8778,935.8005,7.8063,1.1159,0.5113,0.1634,0.7898,13.1059
Al13.8 Mo21.3 Nb21.6 Ta10.7 Ti21.6 Zr10.9,120.0289,939.6925,7.8289,1.1193,0.5112,0.1623,0.7945,13.1697
Al13.8 Mo21.3 Nb21.6 Ta10.7 Ti21.6 Zr10.9,120.0437,939.9132,7.8298,1.1195,0.5112,0.1623,0.7947,13.177
Al14.1 Mo21.4 Nb21.9 Ta10.3 Ti21.2 Zr11.1,120.0844,936.4522,7.7983,1.1233,0.5113,0.1626,0.7842,13.1858
Al14.1 Mo21.4 Nb21.9 Ta10.3 Ti21.2 Zr11.1,120.1124,936.7877,7.7993,1.1235,0.5113,0.1626,0.7848,13.1981
Al14.1 Mo21.4 Nb21.9 Ta10.3 Ti21.2 Zr11.1,120.1129,936.792,7.7993,1.1235,0.5113,0.1626,0.7848,13.1984
Al14.1 Mo21.4 Nb21.8 Ta10.3 Ti21.2 Zr11.2,120.1442,936.7083,7.7965,1.1267,0.5113,0.1627,0.7815,13.0997
Al14.0 Mo21.4 Nb21.8 Ta10.3 Ti21.2 Zr11.2,120.1714,937.0005,7.7972,1.1272,0.5113,0.1625,0.7827,13.1029
Al14.0 Mo21.3 Nb21.7 Ta10.6 Ti21.3 Zr11.2,120.3115,941.6414,7.8267,1.1277,0.5112,0.1627,0.7826,13.186
Al13.9 Mo21.3 Nb21.7 Ta10.6 Ti21.3 Zr11.2,120.3439,942.0791,7.8282,1.1279,0.5112,0.1627,0.7833,13.1944
Al13.9 Mo21.3 Nb21.7 Ta10.6 Ti21.2 Zr11.3,120.3908,942.3838,7.8277,1.1296,0.5112,0.1628,0.7805,13.1705
Al13.9 Mo21.3 Nb21.7 Ta10.6 Ti21.2 Zr11.3,120.3908,942.3838,7.8277,1.1296,0.5112,0.1628,0.7805,13.1705
Al13.9 Mo21.3 Nb21.7 Ta10.6 Ti21.2 Zr11.3,120.4188,942.754,7.829,1.1297,0.5112,0.1628,0.7812,13.1865
Al14.3 Mo21.1 Nb21.5 Ta11.2 Ti20.4 Zr11.6,120.5007,949.7249,7.8815,1.1329,0.5112,0.1659,0.7498,13.125
Al14.3 Mo21.1 Nb21.5 Ta11.2 Ti20.4 Zr11.6,120.5083,949.7913,7.8815,1.133,0.5112,0.1659,0.75,13.1301
Al14.3 Mo21.1 Nb21.5 Ta11.2 Ti20.3 Zr11.6,120.5854,950.698,7.884,1.1335,0.5112,0.1659,0.7493,13.1215
Al14.3 Mo21.0 Nb21.5 Ta11.2 Ti20.3 Zr11.6,120.5902,950.6829,7.8836,1.1336,0.5112,0.1659,0.7492,13.1254
Al14.3 Mo21.1 Nb21.5 Ta11.2 Ti20.3 Zr11.6,120.6103,950.9258,7.8843,1.1339,0.5112,0.1659,0.7496,13.1346
Al14.3 Mo21.0 Nb21.5 Ta11.2 Ti20.3 Zr11.7,120.6116,950.759,7.8828,1.1355,0.5112,0.1659,0.7478,13.0792
Al14.2 Mo21.0 Nb21.5 Ta11.2 Ti20.3 Zr11.7,120.6401,951.1053,7.8838,1.1357,0.5112,0.1658,0.7484,13.0951
Al14.1 Mo21.1 Nb21.6 Ta11.2 Ti20.3 Zr11.7,120.873,953.7133,7.8902,1.1395,0.5112,0.1653,0.7513,13.1693
Al14.1 Mo21.1 Nb21.6 Ta11.2 Ti20.2 Zr11.7,120.9589,953.8605,7.8858,1.1397,0.5112,0.1655,0.7498,13.1824
Al14.1 Mo21.1 Nb21.6 Ta11.2 Ti20.2 Zr11.7,120.9609,953.6978,7.8843,1.14,0.5112,0.1655,0.7496,13.1866
Al14.0 Mo21.7 Nb21.3 Ta10.3 Ti20.4 Zr12.2,121.0136,945.4003,7.8123,1.144,0.5114,0.1659,0.7516,13.168
Al14.1 Mo21.1 Nb21.6 Ta11.2 Ti20.2 Zr11.9,121.0462,954.319,7.8839,1.1444,0.5112,0.1654,0.7457,13.071
Al14.1 Mo21.1 Nb21.6 Ta11.2 Ti20.2 Zr11.9,121.067,954.5801,7.8847,1.1447,0.5112,0.1654,0.7462,13.08
Al13.9 Mo21.1 Nb21.6 Ta11.3 Ti20.2 Zr11.9,121.3543,959.7791,7.9089,1.148,0.5112,0.1648,0.7511,13.1138
Al13.9 Mo21.1 Nb21.6 Ta11.3 Ti20.2 Zr11.9,121.3571,959.7882,7.9088,1.1481,0.5112,0.1648,0.7513,13.1194
Al13.9 Mo21.1 Nb21.6 Ta11.3 Ti20.2 Zr11.9,121.3571,959.7865,7.9088,1.1481,0.5112,0.1648,0.7513,13.1195
Al13.9 Mo21.7 Nb21.4 Ta10.3 Ti20.3 Zr12.3,121.3938,949.2957,7.82,1.1497,0.5114,0.1655,0.7524,13.1698
Al13.9 Mo21.6 Nb21.6 Ta10.4 Ti20.3 Zr12.2,121.5288,951.6594,7.8307,1.1515,0.5114,0.1652,0.7521,13.1741
Al14.0 Mo21.6 Nb21.7 Ta10.3 Ti20.1 Zr12.3,121.5977,951.2743,7.8231,1.155,0.5114,0.1652,0.747,13.1772
Al14.0 Mo21.6 Nb21.7 Ta10.3 Ti20.1 Zr12.3,121.6194,951.4737,7.8234,1.1554,0.5114,0.1651,0.7472,13.1919
Al14.0 Mo21.6 Nb21.7 Ta10.3 Ti20.1 Zr12.3,121.6213,951.4979,7.8234,1.1555,0.5114,0.1651,0.7471,13.1924
Al14.0 Mo21.6 Nb21.7 Ta10.3 Ti20.1 Zr12.3,121.6418,951.7352,7.8241,1.1557,0.5114,0.1651,0.7474,13.1995
Al14.0 Mo21.6 Nb21.6 Ta10.4 Ti20.1 Zr12.4,121.671,952.7066,7.8302,1.1566,0.5114,0.1653,0.7451,13.1774
Al13.8 Mo21.3 Nb21.7 Ta10.6 Ti20.3 Zr12.3,121.6773,954.5002,7.8445,1.161,0.5113,0.1639,0.7499,13.1832
Al13.6 Mo21.2 Nb21.0 Ta11.6 Ti20.1 Zr12.5,121.6891,965.6048,7.935,1.1615,0.5113,0.1656,0.7401,12.7663
Al13.8 Mo21.2 Nb21.5 Ta10.9 Ti20.2 Zr12.3,121.7456,959.027,7.8773,1.1615,0.5113,0.1642,0.7474,13.1951
Al13.3 Mo21.3 Nb21.1 Ta11.6 Ti20.2 Zr12.4,122.0621,971.1413,7.9561,1.1615,0.5113,0.1646,0.7542,13.1961
Al13.3 Mo21.3 Nb21.0 Ta11.6 Ti20.2 Zr12.6,122.1483,971.6197,7.9544,1.1658,0.5114,0.1651,0.7477,12.9776
Al13.3 Mo21.3 Nb21.1 Ta11.6 Ti20.2 Zr12.6,122.188,971.7222,7.9527,1.1673,0.5114,0.1646,0.7496,13.0323
Al13.3 Mo21.3 Nb21.1 Ta11.5 Ti20.2 Zr12.6,122.226,970.8473,7.9431,1.1677,0.5114,0.1646,0.7497,13.0
Al13.8 Mo21.3 Nb21.7 Ta11.0 Ti19.6 Zr12.6,122.3885,966.7268,7.8988,1.1679,0.5114,0.1658,0.7322,12.7705
Al13.8 Mo21.3 Nb21.8 Ta11.0 Ti19.6 Zr12.6,122.4659,967.4041,7.8994,1.1694,0.5114,0.1655,0.7335,12.8273
Al13.8 Mo21.6 Nb21.7 Ta10.6 Ti19.6 Zr12.7,122.7112,966.2662,7.8743,1.17,0.5114,0.1659,0.7364,13.113
Al13.7 Mo21.6 Nb21.8 Ta10.6 Ti19.6 Zr12.7,122.7423,966.5255,7.8744,1.1706,0.5114,0.1658,0.7368,13.1337
Al13.7 Mo21.6 Nb21.8 Ta10.6 Ti19.6 Zr12.7,122.7473,966.5715,7.8745,1.1707,0.5114,0.1658,0.7369,13.1364
Al13.2 Mo21.4 Nb21.2 Ta11.8 Ti19.5 Zr12.8,123.0478,983.86,7.9958,1.1749,0.5114,0.1659,0.7394,12.853
Al13.3 Mo21.8 Nb21.4 Ta10.8 Ti19.7 Zr13.0,123.295,974.1722,7.9011,1.1769,0.5115,0.1658,0.7435,13.1348
Al13.3 Mo21.8 Nb21.4 Ta10.8 Ti19.7 Zr13.0,123.295,974.1722,7.9011,1.1769,0.5115,0.1658,0.7435,13.1348
Al13.3 Mo21.8 Nb21.5 Ta10.8 Ti19.7 Zr12.9,123.3265,974.4339,7.9013,1.1775,0.5115,0.1656,0.7439,13.1556
Al12.6 Mo22.0 Nb20.4 Ta11.7 Ti20.0 Zr13.2,123.6799,989.5354,8.0008,1.1806,0.5116,0.166,0.7552,13.0725
Al13.2 Mo21.7 Nb21.9 Ta11.1 Ti19.2 Zr12.9,124.1032,986.709,7.9507,1.1808,0.5115,0.166,0.7426,13.1705
Al13.2 Mo21.7 Nb21.9 Ta11.1 Ti19.2 Zr12.9,124.1032,986.709,7.9507,1.1808,0.5115,0.166,0.7426,13.1705
Al13.2 Mo21.7 Nb21.9 Ta11.1 Ti19.2 Zr12.9,124.1033,986.4983,7.949,1.1808,0.5115,0.166,0.7427,13.1789
Al13.2 Mo21.7 Nb21.9 Ta11.1 Ti19.2 Zr12.9,124.1089,986.5739,7.9493,1.1808,0.5115,0.166,0.7426,13.1819
Al13.2 Mo21.8 Nb21.9 Ta11.1 Ti19.2 Zr12.9,124.149,987.0652,7.9506,1.1813,0.5115,0.1659,0.7436,13.19
Al13.2 Mo21.7 Nb21.8 Ta11.0 Ti19.1 Zr13.2,124.2407,986.8766,7.9433,1.1897,0.5115,0.1657,0.7359,13.0442
Al13.2 Mo21.6 Nb21.8 Ta11.0 Ti19.1 Zr13.3,124.3249,987.2328,7.9407,1.1942,0.5115,0.1656,0.7324,12.9832
Al13.2 Mo21.7 Nb21.8 Ta11.0 Ti19.1 Zr13.3,124.3753,987.5765,7.9403,1.1946,0.5115,0.1657,0.7321,12.9978
Al13.2 Mo21.6 Nb21.8 Ta11.0 Ti19.0 Zr13.4,124.4034,987.9298,7.9413,1.1965,0.5115,0.1658,0.7279,12.9854
Al13.2 Mo21.7 Nb21.8 Ta11.0 Ti19.0 Zr13.4,124.494,988.7737,7.9423,1.1968,0.5115,0.1657,0.7299,13.0332
Al13.2 Mo21.7 Nb21.8 Ta11.0 Ti19.0 Zr13.4,124.5068,989.0135,7.9435,1.1973,0.5115,0.1657,0.7294,13.0229
Al13.0 Mo21.6 Nb21.8 Ta11.3 Ti19.1 Zr13.3,124.6226,994.2675,7.9782,1.1974,0.5115,0.1651,0.7368,12.931
Al13.0 Mo21.6 Nb21.8 Ta11.3 Ti19.0 Zr13.3,124.6698,994.8276,7.9797,1.1977,0.5115,0.1653,0.7352,12.9575
Al12.3 Mo22.1 Nb20.6 Ta11.7 Ti19.5 Zr13.8,124.8133,1001.1296,8.021,1.2011,0.5116,0.1657,0.7456,12.7856
Al12.3 Mo22.1 Nb20.6 Ta11.7 Ti19.5 Zr13.8,124.8264,1001.0688,8.0197,1.2013,0.5116,0.1655,0.7473,12.827
Al12.3 Mo22.1 Nb20.6 Ta11.7 Ti19.6 Zr13.8,124.8351,1001.1465,8.0197,1.2014,0.5116,0.1655,0.7475,12.8305
Al12.3 Mo22.1 Nb20.6 Ta11.7 Ti19.6 Zr13.8,124.8351,1001.1465,8.0197,1.2014,0.5116,0.1655,0.7475,12.8305
Al12.3 Mo22.0 Nb20.6 Ta11.7 Ti19.5 Zr13.8,124.8365,1001.2349,8.0204,1.2024,0.5116,0.1656,0.7451,12.771
Al12.3 Mo22.1 Nb20.7 Ta11.7 Ti19.4 Zr13.8,124.9433,1002.7939,8.026,1.2024,0.5117,0.1659,0.7437,12.7445
Al12.8 Mo21.7 Nb21.9 Ta11.2 Ti19.1 Zr13.4,125.0581,997.2791,7.9745,1.2029,0.5116,0.1644,0.7432,13.133
Al12.7 Mo21.9 Nb21.3 Ta11.3 Ti19.1 Zr13.7,125.0917,998.9796,7.986,1.2034,0.5116,0.1659,0.7371,12.767
Al12.7 Mo21.9 Nb21.3 Ta11.3 Ti19.1 Zr13.7,125.0924,998.9484,7.9857,1.2034,0.5116,0.1659,0.7372,12.7684
Al12.3 Mo22.0 Nb21.2 Ta11.7 Ti19.3 Zr13.6,125.3251,1007.2802,8.0373,1.2034,0.5116,0.1648,0.7522,13.1137
Al12.3 Mo22.1 Nb21.1 Ta11.5 Ti19.2 Zr13.7,125.3995,1005.3605,8.0173,1.2035,0.5117,0.1656,0.7479,12.9553
Al12.2 Mo22.0 Nb21.3 Ta11.7 Ti19.2 Zr13.6,125.4496,1008.405,8.0383,1.2053,0.5116,0.1644,0.7535,13.1958
Al12.2 Mo22.1 Nb21.1 Ta11.6 Ti19.2 Zr13.7,125.6173,1009.8065,8.0388,1.2063,0.5117,0.165,0.753,13.1258
Al12.3 Mo22.1 Nb21.3 Ta11.1 Ti19.4 Zr13.8,125.695,1003.4128,7.9829,1.2111,0.5117,0.1645,0.752,13.0426
Al12.1 Mo22.3 Nb20.9 Ta11.5 Ti19.2 Zr14.1,125.9374,1010.4951,8.0238,1.2122,0.5117,0.1659,0.7476,12.8758
Al12.3 Mo22.2 Nb21.3 Ta11.3 Ti19.0 Zr14.0,126.0906,1010.0293,8.0103,1.2125,0.5117,0.1659,0.7443,13.0718
Al12.3 Mo22.2 Nb21.3 Ta11.3 Ti19.0 Zr14.0,126.0942,1010.0284,8.0101,1.2125,0.5117,0.1659,0.7443,13.0755
Al12.3 Mo22.3 Nb21.3 Ta11.1 Ti19.0 Zr14.0,126.1807,1008.3282,7.9911,1.2143,0.5117,0.1659,0.744,13.1824
Al11.8 Mo22.4 Nb21.2 Ta11.2 Ti19.3 Zr14.0,126.5387,1014.8166,8.0198,1.2172,0.5118,0.1647,0.7606,13.151
Al11.8 Mo22.4 Nb21.2 Ta11.3 Ti19.3 Zr14.0,126.5645,1015.1782,8.021,1.2175,0.5118,0.1646,0.7611,13.1578
Al11.9 Mo22.5 Nb21.1 Ta11.2 Ti19.1 Zr14.2,126.6761,1015.0317,8.0128,1.2194,0.5118,0.1657,0.7532,13.1353
Al11.9 Mo22.5 Nb21.1 Ta11.2 Ti19.1 Zr14.2,126.6761,1015.0317,8.0128,1.2194,0.5118,0.1657,0.7532,13.1353
Al11.8 Mo22.5 Nb21.1 Ta11.2 Ti19.2 Zr14.2,126.7913,1016.6419,8.0182,1.2233,0.5118,0.165,0.7554,13.0996
Al11.8 Mo22.4 Nb21.1 Ta11.2 Ti19.1 Zr14.3,126.8579,1017.5885,8.0215,1.2243,0.5118,0.1651,0.7532,13.1212
Al11.8 Mo22.4 Nb21.1 Ta11.2 Ti19.1 Zr14.3,126.8579,1017.5885,8.0215,1.2243,0.5118,0.1651,0.7532,13.1212
Al11.8 Mo22.4 Nb21.1 Ta11.2 Ti19.1 Zr14.3,126.8654,1017.7072,8.0219,1.2248,0.5118,0.1651,0.7525,13.1181
Al11.8 Mo22.5 Nb21.1 Ta11.2 Ti19.1 Zr14.3,126.9498,1018.7931,8.0252,1.2248,0.5118,0.1652,0.7532,13.1622
Al11.8 Mo22.4 Nb21.3 Ta11.2 Ti19.1 Zr14.3,126.9732,1018.5182,8.0215,1.2273,0.5118,0.1645,0.7537,13.199
Al11.8 Mo22.3 Nb21.2 Ta11.3 Ti18.9 Zr14.4,127.1379,1021.0943,8.0314,1.233,0.5118,0.1645,0.7477,13.1101
Al11.8 Mo22.4 Nb21.3 Ta11.1 Ti19.0 Zr14.5,127.1549,1018.8225,8.0125,1.2338,0.5118,0.1645,0.7487,13.1754
Al11.8 Mo22.4 Nb21.3 Ta11.1 Ti19.0 Zr14.5,127.1959,1019.3752,8.0142,1.2338,0.5118,0.1646,0.7481,13.1976
Al11.6 Mo22.6 Nb20.8 Ta11.2 Ti19.0 Zr14.8,127.3455,1021.4126,8.0208,1.2365,0.5119,0.1656,0.7451,12.9203
Al11.6 Mo22.6 Nb20.9 Ta11.2 Ti19.0 Zr14.8,127.4123,1022.0211,8.0214,1.2375,0.5119,0.1654,0.7458,12.9785
Al11.6 Mo22.7 Nb20.9 Ta10.9 Ti19.0 Zr14.8,127.4854,1019.584,7.9977,1.2378,0.5119,0.1657,0.7469,13.1302
Al11.6 Mo22.6 Nb20.9 Ta10.9 Ti19.0 Zr14.8,127.4991,1019.6355,7.9972,1.2386,0.5119,0.1656,0.7465,13.1247
Al11.6 Mo22.6 Nb20.9 Ta10.9 Ti19.0 Zr14.8,127.5573,1020.3429,7.9991,1.2392,0.5119,0.1655,0.7475,13.1418
Al11.6 Mo22.6 Nb20.9 Ta10.9 Ti19.1 Zr14.8,127.5812,1020.6307,7.9999,1.2395,0.5119,0.1655,0.748,13.1484
Al11.6 Mo22.6 Nb21.0 Ta10.9 Ti19.1 Zr14.8,127.583,1020.6453,7.9999,1.2396,0.5119,0.1655,0.748,13.1494
Al11.6 Mo22.7 Nb21.0 Ta10.9 Ti19.1 Zr14.8,127.6084,1019.9165,7.9926,1.2401,0.512,0.1655,0.7486,13.1953
Al11.5 Mo22.6 Nb21.0 Ta11.0 Ti19.0 Zr14.9,127.7296,1023.144,8.0102,1.2424,0.512,0.1653,0.747,13.1278
Al11.6 Mo22.7 Nb20.9 Ta10.8 Ti19.0 Zr15.0,127.7545,1020.9045,7.9911,1.2435,0.512,0.1656,0.7463,13.1794
Al11.6 Mo22.7 Nb20.9 Ta10.8 Ti19.0 Zr15.0,127.7589,1020.9403,7.9912,1.2435,0.512,0.1656,0.7462,13.1802
Al11.5 Mo22.7 Nb20.9 Ta10.8 Ti19.0 Zr15.0,127.8379,1021.5107,7.9907,1.2449,0.512,0.1658,0.7451,13.1766
Al11.5 Mo22.7 Nb20.9 Ta10.8 Ti19.0 Zr15.0,127.8498,1021.6539,7.9911,1.2451,0.512,0.1657,0.7454,13.1799
Al11.5 Mo22.7 Nb20.9 Ta10.8 Ti19.0 Zr15.1,127.8808,1021.7668,7.99,1.2467,0.512,0.1657,0.7443,13.1526
Al11.5 Mo22.7 Nb20.9 Ta10.8 Ti18.9 Zr15.1,127.9371,1022.2564,7.9903,1.247,0.512,0.1658,0.7438,13.1937
Al11.0 Mo22.9 Nb20.7 Ta11.1 Ti19.2 Zr15.1,128.3616,1030.6945,8.0296,1.2487,0.512,0.1646,0.7617,13.1536
Al10.8 Mo23.0 Nb20.1 Ta11.1 Ti19.5 Zr15.4,128.3748,1030.4149,8.0266,1.253,0.5121,0.1653,0.7597,12.8869
Al10.8 Mo23.0 Nb20.1 Ta11.1 Ti19.5 Zr15.4,128.3748,1030.4149,8.0266,1.253,0.5121,0.1653,0.7597,12.8869
Al10.9 Mo22.9 Nb20.4 Ta11.0 Ti19.4 Zr15.3,128.4575,1030.7933,8.0244,1.2549,0.5121,0.1646,0.7608,12.9704
Al10.9 Mo22.9 Nb20.4 Ta11.0 Ti19.4 Zr15.3,128.4627,1030.8008,8.0241,1.2552,0.5121,0.1646,0.7606,12.9625
Al10.9 Mo22.9 Nb20.4 Ta11.0 Ti19.4 Zr15.3,128.5111,1031.2438,8.0246,1.256,0.5121,0.1644,0.7611,12.9911
Al10.8 Mo22.9 Nb20.6 Ta11.0 Ti19.4 Zr15.3,128.7143,1033.5267,8.0296,1.2579,0.5121,0.1638,0.7639,13.109
Al10.8 Mo22.9 Nb20.6 Ta11.0 Ti19.4 Zr15.3,128.7173,1033.3597,8.0281,1.2581,0.5121,0.1638,0.764,13.1234
Al10.8 Mo22.9 Nb20.6 Ta11.0 Ti19.4 Zr15.3,128.7597,1033.963,8.0302,1.2587,0.5121,0.1637,0.7654,13.1522
Al10.8 Mo22.9 Nb20.7 Ta11.0 Ti19.3 Zr15.3,128.7613,1033.7617,8.0285,1.2588,0.5121,0.1637,0.7645,13.1492
Al10.8 Mo23.1 Nb20.4 Ta11.0 Ti19.3 Zr15.5,128.8116,1033.9716,8.027,1.2589,0.5121,0.1652,0.758,12.9619
Al11.2 Mo22.6 Nb21.0 Ta11.3 Ti18.5 Zr15.4,128.8596,1038.3079,8.0577,1.2626,0.512,0.1649,0.7375,13.1572
Al11.1 Mo22.8 Nb20.7 Ta11.3 Ti18.5 Zr15.6,129.0874,1041.458,8.0679,1.2626,0.5121,0.166,0.7381,13.1025
Al11.1 Mo22.8 Nb20.7 Ta11.3 Ti18.5 Zr15.6,129.0876,1041.298,8.0666,1.2627,0.5121,0.166,0.7382,13.0937
Al11.1 Mo22.7 Nb20.7 Ta11.5 Ti18.3 Zr15.7,129.088,1043.1237,8.0807,1.2686,0.5121,0.1656,0.7303,13.0909
Al11.1 Mo22.7 Nb20.7 Ta11.5 Ti18.3 Zr15.8,129.1114,1043.1933,8.0798,1.2698,0.5121,0.1656,0.7293,13.0662
Al11.1 Mo22.7 Nb20.7 Ta11.3 Ti18.3 Zr15.8,129.183,1041.0886,8.059,1.2702,0.5121,0.1659,0.7291,12.9636
Al11.1 Mo22.7 Nb20.7 Ta11.3 Ti18.3 Zr15.8,129.2262,1041.616,8.0604,1.2706,0.5121,0.1658,0.7299,12.9776
Al10.3 Mo23.3 Nb19.8 Ta11.3 Ti19.2 Zr16.1,129.5776,1044.993,8.0646,1.2714,0.5123,0.1657,0.7579,13.0111
Al10.3 Mo23.3 Nb19.8 Ta11.3 Ti19.2 Zr16.1,129.6161,1045.5033,8.0662,1.2715,0.5123,0.1658,0.7574,13.0204
Al10.3 Mo23.2 Nb19.9 Ta11.4 Ti19.1 Zr16.1,129.6937,1048.3971,8.0836,1.2743,0.5123,0.165,0.7558,12.9998
Al10.1 Mo23.5 Nb19.9 Ta11.1 Ti19.4 Zr16.1,130.0463,1047.5954,8.0556,1.2748,0.5123,0.1655,0.7669,13.1894
Al10.0 Mo23.4 Nb20.1 Ta11.4 Ti19.1 Zr16.0,130.3749,1055.9167,8.0991,1.2764,0.5123,0.1648,0.7698,13.1943
Al10.0 Mo23.4 Nb20.1 Ta11.4 Ti19.1 Zr16.0,130.3827,1055.9773,8.0991,1.2766,0.5123,0.1648,0.7697,13.1923
Al10.1 Mo23.3 Nb20.2 Ta11.3 Ti19.0 Zr16.1,130.3947,1054.6538,8.0882,1.2805,0.5123,0.1646,0.7634,13.0473
Al10.1 Mo23.3 Nb20.2 Ta11.3 Ti18.9 Zr16.1,130.4688,1055.6626,8.0913,1.2806,0.5123,0.1648,0.7624,13.0862
Al10.2 Mo23.4 Nb20.1 Ta11.3 Ti18.8 Zr16.3,130.549,1056.459,8.0924,1.2809,0.5123,0.1659,0.7559,13.116
Al10.2 Mo23.4 Nb20.1 Ta11.3 Ti18.8 Zr16.3,130.549,1056.459,8.0924,1.2809,0.5123,0.1659,0.7559,13.116
Al10.2 Mo23.4 Nb20.1 Ta11.3 Ti18.8 Zr16.3,130.5558,1056.3875,8.0915,1.2809,0.5123,0.166,0.756,13.1206
Al10.2 Mo23.4 Nb20.2 Ta10.9 Ti19.0 Zr16.2,130.5564,1051.3901,8.0531,1.2841,0.5124,0.1652,0.7606,13.149
Al10.4 Mo23.2 Nb20.5 Ta11.3 Ti18.4 Zr16.3,130.6583,1057.571,8.0942,1.2857,0.5123,0.1657,0.7431,13.1932
Al9.8 Mo23.4 Nb20.0 Ta11.3 Ti19.1 Zr16.3,130.747,1058.9498,8.0992,1.2864,0.5124,0.1642,0.7677,13.1371
Al9.8 Mo23.5 Nb20.0 Ta11.3 Ti19.1 Zr16.4,131.0122,1061.422,8.1017,1.2904,0.5124,0.1643,0.7676,13.1724
Al10.1 Mo23.4 Nb20.1 Ta10.9 Ti18.8 Zr16.7,131.1168,1056.3924,8.0569,1.2967,0.5124,0.1656,0.7508,13.0974
Al10.1 Mo23.4 Nb20.1 Ta10.9 Ti18.8 Zr16.7,131.1272,1056.4603,8.0568,1.297,0.5124,0.1656,0.7507,13.0934
Al10.1 Mo23.3 Nb20.2 Ta10.9 Ti18.8 Zr16.7,131.2226,1057.4504,8.0584,1.2985,0.5124,0.1652,0.7518,13.1455
Al9.6 Mo23.4 Nb20.1 Ta11.4 Ti19.1 Zr16.5,131.2784,1064.3867,8.1079,1.2988,0.5124,0.1629,0.7704,13.1076
Al9.5 Mo23.4 Nb20.1 Ta11.4 Ti19.1 Zr16.5,131.412,1066.0739,8.1125,1.3004,0.5124,0.1627,0.7729,13.1412
Al9.4 Mo23.4 Nb20.1 Ta11.4 Ti19.1 Zr16.5,131.493,1067.089,8.1152,1.3014,0.5124,0.1625,0.7743,13.1599
Al9.4 Mo23.4 Nb20.1 Ta11.4 Ti19.1 Zr16.5,131.5064,1067.268,8.1157,1.3015,0.5124,0.1625,0.7746,13.1641
Al9.8 Mo23.4 Nb20.1 Ta10.8 Ti18.9 Zr16.9,131.5963,1059.7554,8.0531,1.3064,0.5125,0.1651,0.7542,13.156
Al9.8 Mo23.4 Nb20.1 Ta10.8 Ti18.9 Zr16.9,131.5963,1059.7554,8.0531,1.3064,0.5125,0.1651,0.7542,13.156
Al9.8 Mo23.4 Nb20.1 Ta10.8 Ti18.9 Zr16.9,131.6133,1059.9125,8.0532,1.3067,0.5125,0.165,0.7544,13.1492
Al9.9 Mo23.5 Nb20.2 Ta10.9 Ti18.7 Zr16.9,131.7653,1061.8839,8.0589,1.3069,0.5125,0.1654,0.7524,13.1876
Al9.4 Mo23.4 Nb20.3 Ta11.0 Ti19.1 Zr16.8,131.9954,1067.166,8.0849,1.3133,0.5125,0.1622,0.7716,13.1856
Al9.4 Mo23.4 Nb20.3 Ta11.1 Ti19.1 Zr16.8,131.9974,1068.0821,8.0917,1.3135,0.5125,0.162,0.772,13.1611
Al9.3 Mo23.4 Nb20.1 Ta11.1 Ti19.1 Zr16.9,132.0747,1068.2747,8.0884,1.3143,0.5125,0.1628,0.7698,13.1528
Al9.3 Mo23.4 Nb20.2 Ta11.2 Ti19.1 Zr16.8,132.1139,1070.1153,8.0999,1.3145,0.5125,0.1619,0.7746,13.152
Al9.3 Mo23.4 Nb20.2 Ta11.2 Ti19.1 Zr16.8,132.1193,1070.1614,8.1,1.3146,0.5125,0.1619,0.7746,13.1577
Al9.2 Mo23.5 Nb20.1 Ta11.1 Ti19.1 Zr17.0,132.2337,1070.2716,8.0938,1.316,0.5125,0.1625,0.7726,13.1866
Al9.2 Mo23.5 Nb20.1 Ta11.1 Ti19.1 Zr16.9,132.2345,1070.4758,8.0953,1.316,0.5125,0.1625,0.7727,13.1794
Al9.2 Mo23.5 Nb20.1 Ta11.1 Ti19.1 Zr17.0,132.2418,1070.3458,8.0939,1.3161,0.5125,0.1625,0.7727,13.1833
Al9.2 Mo23.4 Nb20.2 Ta11.3 Ti19.1 Zr16.9,132.2641,1073.2551,8.1145,1.3182,0.5125,0.1615,0.7736,13.1061
Al9.6 Mo23.3 Nb20.2 Ta11.2 Ti18.4 Zr17.2,132.3989,1072.875,8.1034,1.3196,0.5125,0.164,0.7505,13.1475
Al9.5 Mo23.5 Nb20.1 Ta11.2 Ti18.5 Zr17.2,132.5898,1074.95,8.1073,1.3205,0.5126,0.1643,0.7538,13.1828
Al9.1 Mo23.4 Nb20.2 Ta11.1 Ti19.1 Zr17.1,132.6508,1073.9378,8.096,1.3259,0.5125,0.1614,0.774,13.1915
Al9.1 Mo23.4 Nb20.2 Ta11.1 Ti19.1 Zr17.1,132.6528,1073.9555,8.096,1.326,0.5125,0.1614,0.774,13.1934
Al9.4 Mo23.5 Nb19.9 Ta11.0 Ti18.6 Zr17.6,132.7177,1072.2769,8.0794,1.3311,0.5126,0.1644,0.7477,13.168
Al9.2 Mo23.4 Nb19.8 Ta11.3 Ti18.6 Zr17.6,132.8207,1077.9827,8.1161,1.3323,0.5126,0.1634,0.7519,13.1349
Al9.3 Mo23.5 Nb20.0 Ta10.9 Ti18.8 Zr17.5,132.8602,1073.1911,8.0776,1.3324,0.5126,0.1636,0.7548,13.1667
Al9.3 Mo23.5 Nb20.0 Ta10.9 Ti18.7 Zr17.6,132.9214,1073.977,8.0798,1.3325,0.5126,0.1638,0.754,13.1815
Al9.3 Mo23.5 Nb20.0 Ta10.9 Ti18.7 Zr17.6,132.923,1073.9977,8.0798,1.3325,0.5126,0.1638,0.754,13.1818
Al9.3 Mo23.4 Nb20.1 Ta10.9 Ti18.7 Zr17.6,132.9236,1073.3518,8.075,1.3341,0.5126,0.1636,0.7539,13.151
Al9.1 Mo23.4 Nb19.9 Ta11.3 Ti18.6 Zr17.7,133.0808,1081.2224,8.1246,1.3362,0.5126,0.1631,0.7537,13.1633
Al9.2 Mo23.5 Nb20.0 Ta11.0 Ti18.7 Zr17.7,133.1953,1077.3977,8.0889,1.3385,0.5127,0.1633,0.7548,13.1719
Al9.2 Mo23.5 Nb20.0 Ta11.0 Ti18.7 Zr17.7,133.1956,1077.4017,8.0889,1.3385,0.5127,0.1633,0.7548,13.172
Al9.1 Mo23.5 Nb20.0 Ta11.0 Ti18.8 Zr17.7,133.2636,1078.2886,8.0914,1.3398,0.5127,0.1628,0.7585,13.1691
Al9.1 Mo23.5 Nb20.0 Ta10.9 Ti18.8 Zr17.7,133.295,1078.0518,8.0877,1.3398,0.5127,0.1629,0.7587,13.1897
Al9.1 Mo23.5 Nb20.1 Ta10.9 Ti18.8 Zr17.7,133.3094,1078.1848,8.0878,1.34,0.5127,0.1629,0.7589,13.1836
Al9.0 Mo23.5 Nb20.0 Ta11.1 Ti18.7 Zr17.7,133.4457,1081.4698,8.1042,1.3425,0.5127,0.1624,0.7598,13.1671
Al9.0 Mo23.4 Nb20.0 Ta11.1 Ti18.7 Zr17.7,133.4572,1081.5449,8.1041,1.3432,0.5127,0.1624,0.7593,13.1599
Al9.0 Mo23.4 Nb20.1 Ta10.8 Ti18.9 Zr17.8,133.4801,1077.6318,8.0734,1.3479,0.5127,0.1622,0.7596,13.1418
Al9.1 Mo23.4 Nb20.0 Ta11.0 Ti18.6 Zr18.0,133.4836,1079.4533,8.0868,1.3486,0.5127,0.1629,0.7512,13.1173
Al9.4 Mo23.3 Nb20.1 Ta11.3 Ti17.7 Zr18.1,133.7906,1087.9651,8.1318,1.3496,0.5127,0.1647,0.7268,13.0602
Al8.4 Mo23.4 Nb20.2 Ta11.4 Ti19.1 Zr17.6,133.7947,1090.1726,8.1481,1.3511,0.5126,0.1588,0.7805,13.167
Al9.3 Mo23.4 Nb20.2 Ta11.3 Ti17.7 Zr18.1,133.9677,1090.1395,8.1373,1.3514,0.5127,0.1645,0.7301,13.1022
Al9.3 Mo23.3 Nb20.3 Ta11.3 Ti17.7 Zr18.1,134.0341,1090.6962,8.1375,1.3527,0.5127,0.1641,0.7313,13.146
Al8.6 Mo23.5 Nb20.0 Ta10.9 Ti18.9 Zr18.1,134.1202,1085.2762,8.0918,1.359,0.5128,0.1613,0.7649,13.1828
Al8.6 Mo23.5 Nb20.1 Ta10.9 Ti18.9 Zr18.1,134.1311,1085.0577,8.0895,1.3591,0.5128,0.1613,0.765,13.1891
Al8.6 Mo23.5 Nb20.1 Ta10.9 Ti18.9 Zr18.1,134.2206,1086.1231,8.0921,1.3602,0.5128,0.1612,0.7664,13.1975
Al8.5 Mo23.5 Nb20.0 Ta11.0 Ti18.9 Zr18.1,134.3276,1089.2554,8.1089,1.362,0.5128,0.1605,0.77,13.1947
Al8.5 Mo23.5 Nb20.0 Ta11.0 Ti18.9 Zr18.1,134.3346,1089.3411,8.1092,1.362,0.5128,0.1605,0.7701,13.1957
Al8.6 Mo23.4 Nb19.9 Ta11.2 Ti18.5 Zr18.4,134.3525,1091.0744,8.121,1.366,0.5128,0.1616,0.7539,13.1387
Al8.6 Mo23.4 Nb20.0 Ta11.1 Ti18.6 Zr18.3,134.4066,1091.3515,8.1198,1.3665,0.5128,0.1613,0.7559,13.1221
Al8.6 Mo23.4 Nb20.0 Ta11.1 Ti18.5 Zr18.4,134.4747,1091.9294,8.12,1.3667,0.5128,0.1615,0.7553,13.1397
Al8.6 Mo23.4 Nb20.0 Ta11.1 Ti18.5 Zr18.4,134.5355,1092.7065,8.1221,1.3682,0.5128,0.1612,0.7564,13.1295
Al8.5 Mo23.4 Nb20.1 Ta11.2 Ti18.5 Zr18.3,134.6362,1095.517,8.1369,1.3698,0.5128,0.1602,0.7611,13.0706
Al8.5 Mo23.5 Nb20.0 Ta11.2 Ti18.5 Zr18.4,134.7964,1096.1823,8.1321,1.3706,0.5128,0.1611,0.759,13.1781
Al8.4 Mo23.4 Nb20.2 Ta11.0 Ti18.6 Zr18.3,134.7986,1094.3628,8.1185,1.3719,0.5128,0.1604,0.7627,13.1435
Al8.4 Mo23.5 Nb19.9 Ta11.3 Ti18.4 Zr18.5,134.828,1098.8376,8.1499,1.372,0.5128,0.1612,0.7552,13.1962
Al8.5 Mo23.4 Nb20.1 Ta11.4 Ti18.2 Zr18.4,134.8511,1100.2339,8.1589,1.373,0.5128,0.1606,0.7543,13.1544
Al8.2 Mo23.5 Nb20.0 Ta11.3 Ti18.7 Zr18.4,134.9237,1099.3122,8.1477,1.3732,0.5128,0.1597,0.769,13.1847
Al8.4 Mo23.4 Nb20.1 Ta11.3 Ti18.3 Zr18.4,134.9769,1100.2106,8.1511,1.3744,0.5128,0.1605,0.757,13.1106
Al8.1 Mo23.5 Nb20.2 Ta11.0 Ti18.9 Zr18.3,135.0428,1096.8341,8.1221,1.375,0.5128,0.1592,0.7762,13.1958
Al8.1 Mo23.5 Nb20.1 Ta11.0 Ti18.9 Zr18.4,135.0642,1096.7741,8.1204,1.3768,0.5128,0.1592,0.775,13.1787
Al8.1 Mo23.5 Nb20.1 Ta11.1 Ti18.9 Zr18.4,135.1186,1098.038,8.1265,1.3781,0.5128,0.1591,0.7746,13.1767
Al8.4 Mo23.4 Nb19.9 Ta11.3 Ti18.3 Zr18.8,135.1189,1100.6064,8.1455,1.3837,0.5129,0.1609,0.7484,13.0998
Al8.4 Mo23.4 Nb19.9 Ta11.3 Ti18.3 Zr18.8,135.1194,1100.611,8.1455,1.3837,0.5129,0.1609,0.7484,13.0996
Al8.4 Mo23.5 Nb19.7 Ta11.3 Ti18.0 Zr19.1,135.3563,1102.6812,8.1465,1.386,0.5129,0.1625,0.7386,13.1951
Al8.4 Mo23.5 Nb19.7 Ta11.3 Ti18.0 Zr19.1,135.3633,1102.6889,8.1461,1.3865,0.5129,0.1625,0.7383,13.191
Al8.4 Mo23.5 Nb19.7 Ta11.3 Ti18.0 Zr19.1,135.3636,1102.6916,8.1461,1.3865,0.5129,0.1625,0.7383,13.1903
Al8.4 Mo23.5 Nb19.7 Ta11.3 Ti18.0 Zr19.1,135.3749,1102.8443,8.1466,1.3866,0.5129,0.1623,0.7389,13.1786
Al7.7 Mo23.4 Nb20.1 Ta11.4 Ti18.9 Zr18.5,135.388,1106.2671,8.1711,1.3867,0.5128,0.1567,0.7833,13.1642
Al7.6 Mo23.4 Nb20.2 Ta11.4 Ti19.0 Zr18.5,135.4435,1106.9697,8.1729,1.3874,0.5128,0.1566,0.7842,13.177
Al7.6 Mo23.4 Nb20.2 Ta11.4 Ti19.0 Zr18.5,135.4659,1107.5195,8.1756,1.3878,0.5128,0.1565,0.7849,13.197
Al7.6 Mo23.4 Nb20.2 Ta11.4 Ti19.0 Zr18.5,135.4805,1107.642,8.1757,1.3882,0.5128,0.1565,0.7848,13.1947
Al7.6 Mo23.4 Nb20.2 Ta11.4 Ti18.9 Zr18.5,135.4805,1107.6056,8.1754,1.3885,0.5128,0.1565,0.7846,13.1898
Al8.4 Mo23.5 Nb19.7 Ta11.3 Ti17.9 Zr19.1,135.4866,1103.5707,8.1452,1.389,0.513,0.1624,0.7371,13.1765
Al8.4 Mo23.5 Nb19.7 Ta11.3 Ti17.9 Zr19.1,135.4866,1103.5707,8.1452,1.389,0.513,0.1624,0.7371,13.1765
Al8.4 Mo23.5 Nb19.7 Ta11.3 Ti18.0 Zr19.1,135.5021,1103.4807,8.1436,1.3891,0.513,0.1625,0.7372,13.1809
Al8.4 Mo23.5 Nb19.7 Ta11.3 Ti17.9 Zr19.1,135.5048,1103.7942,8.1458,1.3892,0.513,0.1624,0.7374,13.1791
Al8.4 Mo23.5 Nb19.7 Ta11.3 Ti17.9 Zr19.1,135.5048,1103.7942,8.1458,1.3892,0.513,0.1624,0.7374,13.1791
Al8.4 Mo23.5 Nb19.7 Ta11.3 Ti17.9 Zr19.1,135.5048,1103.7942,8.1458,1.3892,0.513,0.1624,0.7374,13.1791
Al7.6 Mo23.4 Nb20.2 Ta11.3 Ti19.0 Zr18.5,135.5378,1106.3493,8.1627,1.3896,0.5129,0.1566,0.7845,13.1225
Al7.6 Mo23.4 Nb20.1 Ta11.4 Ti18.9 Zr18.5,135.5716,1108.4509,8.1761,1.3908,0.5129,0.1563,0.7846,13.1843
Al7.6 Mo23.4 Nb20.1 Ta11.4 Ti18.9 Zr18.5,135.5716,1108.4509,8.1761,1.3908,0.5129,0.1563,0.7846,13.1843
Al8.4 Mo23.4 Nb20.0 Ta11.2 Ti17.9 Zr19.1,135.6849,1105.406,8.1469,1.3924,0.5129,0.1615,0.7398,13.0871
Al7.7 Mo23.4 Nb20.2 Ta11.1 Ti19.0 Zr18.7,135.727,1104.3568,8.1366,1.3963,0.5129,0.1568,0.7811,13.1148
Al7.5 Mo23.4 Nb20.0 Ta11.3 Ti19.0 Zr18.8,135.7493,1107.6528,8.1595,1.3968,0.5129,0.1567,0.7817,13.1148
Al7.8 Mo23.4 Nb20.2 Ta10.7 Ti19.1 Zr18.8,135.7614,1099.8875,8.1016,1.3975,0.5129,0.1577,0.778,13.1915
Al7.5 Mo23.5 Nb20.1 Ta11.3 Ti18.8 Zr18.8,136.0483,1111.471,8.1697,1.3976,0.5129,0.1573,0.7791,13.1804
Al8.8 Mo23.5 Nb19.9 Ta11.2 Ti17.2 Zr19.6,136.1154,1107.6077,8.1373,1.3977,0.513,0.1652,0.7109,13.1997
Al8.8 Mo23.5 Nb19.9 Ta11.1 Ti17.2 Zr19.6,136.1202,1107.6065,8.137,1.398,0.513,0.1652,0.7106,13.1963
Al8.7 Mo23.5 Nb19.9 Ta11.2 Ti17.1 Zr19.6,136.2256,1108.9199,8.1403,1.3989,0.513,0.1651,0.7103,13.188
Al8.7 Mo23.5 Nb20.0 Ta11.1 Ti17.1 Zr19.6,136.2355,1108.901,8.1396,1.3989,0.513,0.1651,0.7104,13.1906
Al7.5 Mo23.4 Nb20.2 Ta11.2 Ti18.7 Zr19.0,136.3119,1112.9753,8.1649,1.4073,0.513,0.1567,0.7758,13.1194
Al7.5 Mo23.4 Nb20.2 Ta11.2 Ti18.7 Zr19.0,136.3198,1112.9395,8.1642,1.4073,0.513,0.1567,0.7759,13.1232
Al7.5 Mo23.4 Nb20.2 Ta11.2 Ti18.7 Zr19.0,136.3201,1112.942,8.1642,1.4073,0.513,0.1567,0.7759,13.1235
Al7.5 Mo23.4 Nb20.2 Ta11.1 Ti18.7 Zr19.0,136.455,1112.2185,8.1508,1.4082,0.513,0.157,0.7762,13.193
Al8.7 Mo23.4 Nb19.9 Ta11.1 Ti16.9 Zr20.0,136.5502,1110.7644,8.1345,1.4129,0.5131,0.1653,0.6984,13.1311
Al7.3 Mo23.3 Nb20.2 Ta11.1 Ti18.9 Zr19.2,136.6152,1113.0046,8.147,1.4163,0.513,0.1559,0.7812,13.1333
Al7.7 Mo23.5 Nb19.7 Ta11.2 Ti18.2 Zr19.7,136.6429,1114.2019,8.1541,1.4167,0.5131,0.1601,0.7484,13.1912
Al7.3 Mo23.4 Nb20.2 Ta11.1 Ti18.9 Zr19.2,136.6647,1113.6138,8.1485,1.4169,0.513,0.1558,0.782,13.1466
Al7.7 Mo23.4 Nb19.6 Ta11.2 Ti18.1 Zr19.9,136.6953,1114.1276,8.1504,1.4214,0.5131,0.1601,0.7452,13.1498
Al7.2 Mo23.4 Nb20.2 Ta11.0 Ti18.9 Zr19.3,136.8162,1114.609,8.1468,1.4221,0.513,0.1556,0.7822,13.0862
Al7.1 Mo23.4 Nb19.9 Ta11.2 Ti18.9 Zr19.6,136.8576,1116.5648,8.1586,1.4267,0.5131,0.1557,0.7796,13.0932
Al7.1 Mo23.4 Nb19.9 Ta11.1 Ti18.9 Zr19.6,136.9677,1116.7275,8.1532,1.4273,0.5131,0.156,0.7794,13.1203
Al7.0 Mo23.5 Nb20.0 Ta11.1 Ti18.8 Zr19.6,137.228,1120.0939,8.1623,1.4283,0.5131,0.1563,0.7783,13.1706
Al7.2 Mo23.4 Nb20.0 Ta10.8 Ti18.8 Zr19.7,137.2371,1114.5014,8.121,1.4313,0.5132,0.1572,0.7738,13.1597
Al7.1 Mo23.4 Nb20.0 Ta11.1 Ti18.6 Zr19.8,137.4162,1121.8489,8.1639,1.4328,0.5131,0.1567,0.7713,13.1327
Al7.1 Mo23.4 Nb20.0 Ta11.1 Ti18.6 Zr19.8,137.4162,1121.8489,8.1639,1.4328,0.5131,0.1567,0.7713,13.1327
Al7.0 Mo23.5 Nb20.0 Ta10.8 Ti18.8 Zr19.8,137.5574,1119.0548,8.1352,1.4365,0.5132,0.1565,0.777,13.1663
Al7.0 Mo23.4 Nb20.0 Ta10.8 Ti18.8 Zr19.8,137.5826,1119.2778,8.1353,1.4373,0.5132,0.1565,0.777,13.1641
Al7.0 Mo23.4 Nb20.1 Ta10.8 Ti18.8 Zr19.8,137.5872,1119.3208,8.1354,1.4374,0.5132,0.1565,0.777,13.1618
Al7.1 Mo23.5 Nb20.1 Ta10.9 Ti18.5 Zr19.9,137.7384,1122.2935,8.148,1.4378,0.5132,0.1573,0.7689,13.1739
Al6.9 Mo23.5 Nb20.0 Ta10.8 Ti18.8 Zr19.9,137.8399,1122.048,8.1402,1.4413,0.5132,0.1563,0.7791,13.1981
Al6.9 Mo23.5 Nb20.0 Ta10.8 Ti18.8 Zr19.9,137.8509,1122.1518,8.1403,1.4415,0.5132,0.1563,0.7792,13.1926
Al6.9 Mo23.5 Nb20.0 Ta10.8 Ti18.8 Zr19.9,137.851,1122.1527,8.1403,1.4415,0.5132,0.1563,0.7792,13.1926
Al6.7 Mo23.2 Nb20.1 Ta11.0 Ti18.8 Zr20.2,137.8649,1123.5413,8.1496,1.4591,0.5132,0.154,0.7767,13.1585
Al6.7 Mo23.2 Nb20.1 Ta11.0 Ti18.8 Zr20.2,137.8678,1123.5692,8.1496,1.4591,0.5132,0.154,0.7768,13.1557
Al6.7 Mo23.2 Nb20.1 Ta11.0 Ti18.8 Zr20.2,137.8785,1123.7064,8.15,1.4592,0.5132,0.154,0.7769,13.162
Al6.7 Mo23.2 Nb20.1 Ta11.0 Ti18.8 Zr20.2,137.8785,1123.7064,8.15,1.4592,0.5132,0.154,0.7769,13.162
Al6.4 Mo23.2 Nb20.1 Ta11.0 Ti19.0 Zr20.2,138.1202,1127.0988,8.1603,1.4637,0.5133,0.1529,0.7855,13.1995
Al6.4 Mo23.2 Nb20.1 Ta11.0 Ti19.0 Zr20.2,138.1202,1127.0989,8.1603,1.4637,0.5133,0.1529,0.7855,13.1995
