Al,Cr,Hf,Mo,Nb,Si,Ta,Ti,V,W,Zr,Temperature (C),time (h),specific mass gain (mg/cm2),source,curve,formula,in_gorsse
0.0,0.0,0.0,0.0,0.0,0.0,100.0,0.0,0.0,0.0,0.0,600.0,3,4.733919991517109,https://doi.org/10.1007/BF01046896,14Fig.1_Ta_600C_160mmHg,Ta1.0,False
0.0,0.0,0.0,0.0,0.0,0.0,100.0,0.0,0.0,0.0,0.0,600.0,4,7.495027561994426,https://doi.org/10.1007/BF01046896,14Fig.1_Ta_600C_160mmHg,Ta1.0,False
0.0,0.0,0.0,0.0,0.0,0.0,100.0,0.0,0.0,0.0,0.0,700.0,3,9.52993554598414,https://doi.org/10.1007/BF01046896,14Fig.1_Ta_700C_160mmHg,Ta1.0,False
0.0,0.0,0.0,0.0,0.0,0.0,100.0,0.0,0.0,0.0,0.0,700.0,4,14.021133182500275,https://doi.org/10.1007/BF01046896,14Fig.1_Ta_700C_160mmHg,Ta1.0,False
0.0,0.0,0.0,0.0,0.0,0.0,100.0,0.0,0.0,0.0,0.0,800.0,3,14.256834543970067,https://doi.org/10.1007/BF01046896,14Fig.1_Ta_800C_160mmHg,Ta1.0,False
0.0,0.0,0.0,0.0,0.0,0.0,100.0,0.0,0.0,0.0,0.0,800.0,4,19.297542867454688,https://doi.org/10.1007/BF01046896,14Fig.1_Ta_800C_160mmHg,Ta1.0,False
0.0,0.0,0.0,0.0,0.0,0.0,0.0,0.0,0.0,0.0,100.0,700.0,3,0.5500867773459476,https://doi.org/10.1007/BF01052024,19Fig.1_Zr_700C_160mmHg,Zr1.0,False
0.0,0.0,0.0,0.0,0.0,0.0,0.0,0.0,0.0,0.0,100.0,700.0,4,0.6801586463834839,https://doi.org/10.1007/BF01052024,19Fig.1_Zr_700C_160mmHg,Zr1.0,False
0.0,0.0,0.0,0.0,0.0,0.0,0.0,0.0,0.0,0.0,100.0,800.0,3,1.5489755043333184,https://doi.org/10.1007/BF01052024,19Fig.1_Zr_800C_160mmHg,Zr1.0,False
0.0,0.0,0.0,0.0,0.0,0.0,0.0,0.0,0.0,0.0,100.0,800.0,4,1.8701735747694306,https://doi.org/10.1007/BF01052024,19Fig.1_Zr_800C_160mmHg,Zr1.0,False
0.0,0.0,0.0,0.0,0.0,0.0,0.0,0.0,0.0,0.0,100.0,900.0,3,7.745468109599569,https://doi.org/10.1007/BF01052024,19Fig.1_Zr_900C_160mmHg,Zr1.0,False
0.0,0.0,0.0,0.0,0.0,0.0,0.0,0.0,0.0,0.0,100.0,900.0,4,10.50892597705218,https://doi.org/10.1007/BF01052024,19Fig.1_Zr_900C_160mmHg,Zr1.0,False
0.0,0.0,0.0,0.0,0.0,0.0,0.0,0.0,0.0,0.0,100.0,1000.0,3,38.795125393170714,https://doi.org/10.1007/BF01052024,19Fig.2a_Zr_1000C_160mmHg,Zr1.0,False
0.0,0.0,0.0,0.0,0.0,0.0,0.0,0.0,0.0,0.0,100.0,1000.0,4,54.46186319829136,https://doi.org/10.1007/BF01052024,19Fig.2a_Zr_1000C_160mmHg,Zr1.0,False
0.0,0.0,0.0,0.0,0.0,0.0,0.0,0.0,0.0,0.0,100.0,1100.0,3,108.41714926983755,https://doi.org/10.1007/BF01052024,19Fig.2b_Zr_1100C_160mmHg,Zr1.0,False
0.0,25.0,0.0,0.0,25.0,0.0,0.0,25.0,0.0,0.0,25.0,1000.0,3,25.35161,https://doi.org/10.1016/j.jallcom.2017.09.164,25Fig.2_Nb25.0-Ti25.0-Zr25.0-Cr25.0_1000C_160mmHg,Nb25.0 Ti25.0 Zr25.0 Cr25.0,True
0.0,25.0,0.0,0.0,25.0,0.0,0.0,25.0,0.0,0.0,25.0,1000.0,4,29.5364,https://doi.org/10.1016/j.jallcom.2017.09.164,25Fig.2_Nb25.0-Ti25.0-Zr25.0-Cr25.0_1000C_160mmHg,Nb25.0 Ti25.0 Zr25.0 Cr25.0,True
0.0,25.0,0.0,0.0,25.0,0.0,0.0,25.0,0.0,0.0,25.0,1000.0,10,44.92587,https://doi.org/10.1016/j.jallcom.2017.09.164,25Fig.2_Nb25.0-Ti25.0-Zr25.0-Cr25.0_1000C_160mmHg,Nb25.0 Ti25.0 Zr25.0 Cr25.0,True
0.0,25.0,0.0,0.0,25.0,0.0,0.0,25.0,0.0,0.0,25.0,1000.0,20,58.7037275024765,https://doi.org/10.1016/j.jallcom.2017.09.164,25Fig.2_Nb25.0-Ti25.0-Zr25.0-Cr25.0_1000C_160mmHg,Nb25.0 Ti25.0 Zr25.0 Cr25.0,True
0.0,25.0,0.0,0.0,25.0,0.0,0.0,25.0,0.0,0.0,25.0,1000.0,50,82.4763960028548,https://doi.org/10.1016/j.jallcom.2017.09.164,25Fig.2_Nb25.0-Ti25.0-Zr25.0-Cr25.0_1000C_160mmHg,Nb25.0 Ti25.0 Zr25.0 Cr25.0,True
0.0,25.0,0.0,0.0,25.0,0.0,0.0,25.0,0.0,0.0,25.0,1000.0,100,105.39791633301043,https://doi.org/10.1016/j.jallcom.2017.09.164,25Fig.2_Nb25.0-Ti25.0-Zr25.0-Cr25.0_1000C_160mmHg,Nb25.0 Ti25.0 Zr25.0 Cr25.0,True
0.0,0.0,0.0,0.0,25.0,0.0,0.0,25.0,25.0,0.0,25.0,1000.0,3,102.55733,https://doi.org/10.1016/j.jallcom.2017.09.164,25Fig.2_Nb25.0-Ti25.0-Zr25.0-V25.0_1000C_160mmHg,Nb25.0 Ti25.0 Zr25.0 V25.0,False
0.0,0.0,0.0,0.0,25.0,0.0,0.0,25.0,25.0,0.0,25.0,1000.0,4,138.08159,https://doi.org/10.1016/j.jallcom.2017.09.164,25Fig.2_Nb25.0-Ti25.0-Zr25.0-V25.0_1000C_160mmHg,Nb25.0 Ti25.0 Zr25.0 V25.0,False
0.0,0.0,0.0,0.0,25.0,0.0,0.0,25.0,25.0,0.0,25.0,1000.0,10,230.19137,https://doi.org/10.1016/j.jallcom.2017.09.164,25Fig.2_Nb25.0-Ti25.0-Zr25.0-V25.0_1000C_160mmHg,Nb25.0 Ti25.0 Zr25.0 V25.0,False
0.0,0.0,0.0,0.0,25.0,0.0,0.0,25.0,25.0,0.0,25.0,1000.0,20,230.2306065000507,https://doi.org/10.1016/j.jallcom.2017.09.164,25Fig.2_Nb25.0-Ti25.0-Zr25.0-V25.0_1000C_160mmHg,Nb25.0 Ti25.0 Zr25.0 V25.0,False
9.2,5.7,0.5,1.3,47.0,0.0,0.0,25.9,9.6,0.8,0.0,800.0,4,0.11192094261643969,https://doi.org/10.1016/j.ijrmhm.2015.08.012,27Fig.1_Al9.2-Cr5.7-Hf0.5-Mo1.3-Nb47.0-Ti25.9-V9.6-W0.8_800C_160mmHg,Al9.2 Cr5.7 Hf0.5 Mo1.3 Nb47.0 Ti25.9 V9.6 W0.8,False
9.2,5.7,0.5,1.3,47.0,0.0,0.0,25.9,9.6,0.8,0.0,800.0,10,0.18938790569653863,https://doi.org/10.1016/j.ijrmhm.2015.08.012,27Fig.1_Al9.2-Cr5.7-Hf0.5-Mo1.3-Nb47.0-Ti25.9-V9.6-W0.8_800C_160mmHg,Al9.2 Cr5.7 Hf0.5 Mo1.3 Nb47.0 Ti25.9 V9.6 W0.8,False
9.2,5.7,0.5,1.3,47.0,0.0,0.0,25.9,9.6,0.8,0.0,800.0,20,0.30434182949097593,https://doi.org/10.1016/j.ijrmhm.2015.08.012,27Fig.1_Al9.2-Cr5.7-Hf0.5-Mo1.3-Nb47.0-Ti25.9-V9.6-W0.8_800C_160mmHg,Al9.2 Cr5.7 Hf0.5 Mo1.3 Nb47.0 Ti25.9 V9.6 W0.8,False
9.2,5.7,0.5,1.3,47.0,0.0,0.0,25.9,9.6,0.8,0.0,800.0,50,0.5374035854836059,https://doi.org/10.1016/j.ijrmhm.2015.08.012,27Fig.1_Al9.2-Cr5.7-Hf0.5-Mo1.3-Nb47.0-Ti25.9-V9.6-W0.8_800C_160mmHg,Al9.2 Cr5.7 Hf0.5 Mo1.3 Nb47.0 Ti25.9 V9.6 W0.8,False
9.2,5.7,0.5,1.3,47.0,0.0,0.0,25.9,9.6,0.8,0.0,800.0,100,0.8475556917543473,https://doi.org/10.1016/j.ijrmhm.2015.08.012,27Fig.1_Al9.2-Cr5.7-Hf0.5-Mo1.3-Nb47.0-Ti25.9-V9.6-W0.8_800C_160mmHg,Al9.2 Cr5.7 Hf0.5 Mo1.3 Nb47.0 Ti25.9 V9.6 W0.8,False
9.2,5.7,0.5,1.3,47.0,0.0,0.0,25.9,9.6,0.8,0.0,1100.0,10,1.657379884352224,https://doi.org/10.1016/j.ijrmhm.2015.08.012,27Fig.1_Al9.2-Cr5.7-Hf0.5-Mo1.3-Nb47.0-Ti25.9-V9.6-W0.8_1100C_160mmHg,Al9.2 Cr5.7 Hf0.5 Mo1.3 Nb47.0 Ti25.9 V9.6 W0.8,False
9.2,5.7,0.5,1.3,47.0,0.0,0.0,25.9,9.6,0.8,0.0,1100.0,20,2.7763214552713347,https://doi.org/10.1016/j.ijrmhm.2015.08.012,27Fig.1_Al9.2-Cr5.7-Hf0.5-Mo1.3-Nb47.0-Ti25.9-V9.6-W0.8_1100C_160mmHg,Al9.2 Cr5.7 Hf0.5 Mo1.3 Nb47.0 Ti25.9 V9.6 W0.8,False
9.2,5.7,0.5,1.3,47.0,0.0,0.0,25.9,9.6,0.8,0.0,1100.0,50,6.4525603040483,https://doi.org/10.1016/j.ijrmhm.2015.08.012,27Fig.1_Al9.2-Cr5.7-Hf0.5-Mo1.3-Nb47.0-Ti25.9-V9.6-W0.8_1100C_160mmHg,Al9.2 Cr5.7 Hf0.5 Mo1.3 Nb47.0 Ti25.9 V9.6 W0.8,False
9.2,5.7,0.5,1.3,47.0,0.0,0.0,25.9,9.6,0.8,0.0,1100.0,100,10.970008661515504,https://doi.org/10.1016/j.ijrmhm.2015.08.012,27Fig.1_Al9.2-Cr5.7-Hf0.5-Mo1.3-Nb47.0-Ti25.9-V9.6-W0.8_1100C_160mmHg,Al9.2 Cr5.7 Hf0.5 Mo1.3 Nb47.0 Ti25.9 V9.6 W0.8,False
9.2,5.7,0.5,1.3,47.0,0.0,0.0,25.9,9.6,0.8,0.0,1200.0,10,2.1499790204024416,https://doi.org/10.1016/j.ijrmhm.2015.08.012,27Fig.1_Al9.2-Cr5.7-Hf0.5-Mo1.3-Nb47.0-Ti25.9-V9.6-W0.8_1200C_160mmHg,Al9.2 Cr5.7 Hf0.5 Mo1.3 Nb47.0 Ti25.9 V9.6 W0.8,False
9.2,5.7,0.5,1.3,47.0,0.0,0.0,25.9,9.6,0.8,0.0,1200.0,20,4.146167623451041,https://doi.org/10.1016/j.ijrmhm.2015.08.012,27Fig.1_Al9.2-Cr5.7-Hf0.5-Mo1.3-Nb47.0-Ti25.9-V9.6-W0.8_1200C_160mmHg,Al9.2 Cr5.7 Hf0.5 Mo1.3 Nb47.0 Ti25.9 V9.6 W0.8,False
9.2,5.7,0.5,1.3,47.0,0.0,0.0,25.9,9.6,0.8,0.0,1200.0,50,8.343295294021768,https://doi.org/10.1016/j.ijrmhm.2015.08.012,27Fig.1_Al9.2-Cr5.7-Hf0.5-Mo1.3-Nb47.0-Ti25.9-V9.6-W0.8_1200C_160mmHg,Al9.2 Cr5.7 Hf0.5 Mo1.3 Nb47.0 Ti25.9 V9.6 W0.8,False
9.2,5.7,0.5,1.3,47.0,0.0,0.0,25.9,9.6,0.8,0.0,1200.0,100,13.717214721308528,https://doi.org/10.1016/j.ijrmhm.2015.08.012,27Fig.1_Al9.2-Cr5.7-Hf0.5-Mo1.3-Nb47.0-Ti25.9-V9.6-W0.8_1200C_160mmHg,Al9.2 Cr5.7 Hf0.5 Mo1.3 Nb47.0 Ti25.9 V9.6 W0.8,False
6.96,16.95,0.0,17.14,17.68,5.69,0.0,18.26,17.32,0.0,0.0,1300.0,3,34.83829564547449,https://doi.org/10.1016/j.jallcom.2013.08.102,28Fig.7_Nb17.68-Cr16.95-Mo17.14-Al6.96-Ti18.26-V17.32-Si5.69_1300C_160mmHg,Nb17.68 Cr16.95 Mo17.14 Al6.96 Ti18.26 V17.32 Si5.69,True
6.96,16.95,0.0,17.14,17.68,5.69,0.0,18.26,17.32,0.0,0.0,1300.0,4,47.40897049231111,https://doi.org/10.1016/j.jallcom.2013.08.102,28Fig.7_Nb17.68-Cr16.95-Mo17.14-Al6.96-Ti18.26-V17.32-Si5.69_1300C_160mmHg,Nb17.68 Cr16.95 Mo17.14 Al6.96 Ti18.26 V17.32 Si5.69,True
6.96,16.95,0.0,17.14,17.68,5.69,0.0,18.26,17.32,0.0,0.0,1300.0,10,115.77160507887326,https://doi.org/10.1016/j.jallcom.2013.08.102,28Fig.7_Nb17.68-Cr16.95-Mo17.14-Al6.96-Ti18.26-V17.32-Si5.69_1300C_160mmHg,Nb17.68 Cr16.95 Mo17.14 Al6.96 Ti18.26 V17.32 Si5.69,True
8.15,18.92,0.0,18.08,18.35,0.0,0.0,18.12,18.38,0.0,0.0,1300.0,3,56.552120816600834,https://doi.org/10.1016/j.jallcom.2013.08.102,28Fig.7_Nb18.35-Cr18.92-Mo18.08-Al8.15-Ti18.12-V18.38_1300C_160mmHg,Nb18.35 Cr18.92 Mo18.08 Al8.15 Ti18.12 V18.38,True
8.15,18.92,0.0,18.08,18.35,0.0,0.0,18.12,18.38,0.0,0.0,1300.0,4,75.68628897705796,https://doi.org/10.1016/j.jallcom.2013.08.102,28Fig.7_Nb18.35-Cr18.92-Mo18.08-Al8.15-Ti18.12-V18.38_1300C_160mmHg,Nb18.35 Cr18.92 Mo18.08 Al8.15 Ti18.12 V18.38,True
8.15,18.92,0.0,18.08,18.35,0.0,0.0,18.12,18.38,0.0,0.0,1300.0,10,148.42478383408383,https://doi.org/10.1016/j.jallcom.2013.08.102,28Fig.7_Nb18.35-Cr18.92-Mo18.08-Al8.15-Ti18.12-V18.38_1300C_160mmHg,Nb18.35 Cr18.92 Mo18.08 Al8.15 Ti18.12 V18.38,True
8.15,18.92,0.0,18.08,18.35,0.0,0.0,18.12,18.38,0.0,0.0,1300.0,20,264.7862599787686,https://doi.org/10.1016/j.jallcom.2013.08.102,28Fig.7_Nb18.35-Cr18.92-Mo18.08-Al8.15-Ti18.12-V18.38_1300C_160mmHg,Nb18.35 Cr18.92 Mo18.08 Al8.15 Ti18.12 V18.38,True
9.970997099709972,24.702470247024703,0.0,20.012001200120014,21.812181218121815,0.0,0.0,23.502350235023503,0.0,0.0,0.0,1300.0,3,17.779126580769084,https://doi.org/10.1016/j.jallcom.2013.08.102,28Fig.7_Nb21.81-Cr24.70-Mo20.01-Al9.97-Ti23.50_1300C_160mmHg,Nb21.81 Cr24.70 Mo20.01 Al9.97 Ti23.50,True
9.970997099709972,24.702470247024703,0.0,20.012001200120014,21.812181218121815,0.0,0.0,23.502350235023503,0.0,0.0,0.0,1300.0,4,27.75575246237625,https://doi.org/10.1016/j.jallcom.2013.08.102,28Fig.7_Nb21.81-Cr24.70-Mo20.01-Al9.97-Ti23.50_1300C_160mmHg,Nb21.81 Cr24.70 Mo20.01 Al9.97 Ti23.50,True
9.970997099709972,24.702470247024703,0.0,20.012001200120014,21.812181218121815,0.0,0.0,23.502350235023503,0.0,0.0,0.0,1300.0,10,79.13057337081257,https://doi.org/10.1016/j.jallcom.2013.08.102,28Fig.7_Nb21.81-Cr24.70-Mo20.01-Al9.97-Ti23.50_1300C_160mmHg,Nb21.81 Cr24.70 Mo20.01 Al9.97 Ti23.50,True
10.15,23.04,0.0,22.16,22.5,0.0,0.0,0.0,22.15,0.0,0.0,1300.0,4,107.32416913156231,https://doi.org/10.1016/j.jallcom.2013.08.102,28Fig.7_Nb22.50-Cr23.04-Mo22.16-Al10.15-V22.15_1300C_160mmHg,Nb22.50 Cr23.04 Mo22.16 Al10.15 V22.15,True
10.15,23.04,0.0,22.16,22.5,0.0,0.0,0.0,22.15,0.0,0.0,1300.0,10,196.80174543189682,https://doi.org/10.1016/j.jallcom.2013.08.102,28Fig.7_Nb22.50-Cr23.04-Mo22.16-Al10.15-V22.15_1300C_160mmHg,Nb22.50 Cr23.04 Mo22.16 Al10.15 V22.15,True
0.0,18.388161183881614,0.0,10.03899610038996,21.837816218378165,0.0,11.858814118588143,19.3980601939806,0.0,0.0,18.478152184781525,1000.0,3,16.892815961824468,https://doi.org/10.1007/s10853-012-6582-0,29Fig.5_Zr18.48-Nb21.84-Mo10.04-Ti19.40-Cr18.39-Ta11.86_1000C_160mmHg,Zr18.48 Nb21.84 Mo10.04 Ti19.40 Cr18.39 Ta11.86,True
0.0,18.388161183881614,0.0,10.03899610038996,21.837816218378165,0.0,11.858814118588143,19.3980601939806,0.0,0.0,18.478152184781525,1000.0,4,20.369972414857536,https://doi.org/10.1007/s10853-012-6582-0,29Fig.5_Zr18.48-Nb21.84-Mo10.04-Ti19.40-Cr18.39-Ta11.86_1000C_160mmHg,Zr18.48 Nb21.84 Mo10.04 Ti19.40 Cr18.39 Ta11.86,True
0.0,18.388161183881614,0.0,10.03899610038996,21.837816218378165,0.0,11.858814118588143,19.3980601939806,0.0,0.0,18.478152184781525,1000.0,10,32.51736387674979,https://doi.org/10.1007/s10853-012-6582-0,29Fig.5_Zr18.48-Nb21.84-Mo10.04-Ti19.40-Cr18.39-Ta11.86_1000C_160mmHg,Zr18.48 Nb21.84 Mo10.04 Ti19.40 Cr18.39 Ta11.86,True
0.0,18.388161183881614,0.0,10.03899610038996,21.837816218378165,0.0,11.858814118588143,19.3980601939806,0.0,0.0,18.478152184781525,1000.0,20,45.564429580915366,https://doi.org/10.1007/s10853-012-6582-0,29Fig.5_Zr18.48-Nb21.84-Mo10.04-Ti19.40-Cr18.39-Ta11.86_1000C_160mmHg,Zr18.48 Nb21.84 Mo10.04 Ti19.40 Cr18.39 Ta11.86,True
0.0,18.388161183881614,0.0,10.03899610038996,21.837816218378165,0.0,11.858814118588143,19.3980601939806,0.0,0.0,18.478152184781525,1000.0,50,75.04103772721527,https://doi.org/10.1007/s10853-012-6582-0,29Fig.5_Zr18.48-Nb21.84-Mo10.04-Ti19.40-Cr18.39-Ta11.86_1000C_160mmHg,Zr18.48 Nb21.84 Mo10.04 Ti19.40 Cr18.39 Ta11.86,True
0.0,18.388161183881614,0.0,10.03899610038996,21.837816218378165,0.0,11.858814118588143,19.3980601939806,0.0,0.0,18.478152184781525,1000.0,100,118.60671168996655,https://doi.org/10.1007/s10853-012-6582-0,29Fig.5_Zr18.48-Nb21.84-Mo10.04-Ti19.40-Cr18.39-Ta11.86_1000C_160mmHg,Zr18.48 Nb21.84 Mo10.04 Ti19.40 Cr18.39 Ta11.86,True
5.660377358490567,0.0,18.867924528301888,0.0,18.867924528301888,0.0,18.867924528301888,18.867924528301888,0.0,0.0,18.867924528301888,700.0,3,2.928322534703856,https://doi.org/10.1002/adem.201700948,30Fig.4_Al0.3-Hf1.0-Nb1.0-Ta1.0-Ti1.0-Zr1.0_700C_160mmHg,Al0.3 Hf1.0 Nb1.0 Ta1.0 Ti1.0 Zr1.0,True
5.660377358490567,0.0,18.867924528301888,0.0,18.867924528301888,0.0,18.867924528301888,18.867924528301888,0.0,0.0,18.867924528301888,700.0,4,3.144257666117912,https://doi.org/10.1002/adem.201700948,30Fig.4_Al0.3-Hf1.0-Nb1.0-Ta1.0-Ti1.0-Zr1.0_700C_160mmHg,Al0.3 Hf1.0 Nb1.0 Ta1.0 Ti1.0 Zr1.0,True
5.660377358490567,0.0,18.867924528301888,0.0,18.867924528301888,0.0,18.867924528301888,18.867924528301888,0.0,0.0,18.867924528301888,700.0,10,5.896777562162108,https://doi.org/10.1002/adem.201700948,30Fig.4_Al0.3-Hf1.0-Nb1.0-Ta1.0-Ti1.0-Zr1.0_700C_160mmHg,Al0.3 Hf1.0 Nb1.0 Ta1.0 Ti1.0 Zr1.0,True
5.660377358490567,0.0,18.867924528301888,0.0,18.867924528301888,0.0,18.867924528301888,18.867924528301888,0.0,0.0,18.867924528301888,700.0,20,9.26253507527972,https://doi.org/10.1002/adem.201700948,30Fig.4_Al0.3-Hf1.0-Nb1.0-Ta1.0-Ti1.0-Zr1.0_700C_160mmHg,Al0.3 Hf1.0 Nb1.0 Ta1.0 Ti1.0 Zr1.0,True
5.660377358490567,0.0,18.867924528301888,0.0,18.867924528301888,0.0,18.867924528301888,18.867924528301888,0.0,0.0,18.867924528301888,700.0,50,11.753914913722582,https://doi.org/10.1002/adem.201700948,30Fig.4_Al0.3-Hf1.0-Nb1.0-Ta1.0-Ti1.0-Zr1.0_700C_160mmHg,Al0.3 Hf1.0 Nb1.0 Ta1.0 Ti1.0 Zr1.0,True
5.660377358490567,0.0,18.867924528301888,0.0,18.867924528301888,0.0,18.867924528301888,18.867924528301888,0.0,0.0,18.867924528301888,700.0,100,13.908812750650558,https://doi.org/10.1002/adem.201700948,30Fig.4_Al0.3-Hf1.0-Nb1.0-Ta1.0-Ti1.0-Zr1.0_700C_160mmHg,Al0.3 Hf1.0 Nb1.0 Ta1.0 Ti1.0 Zr1.0,True
5.660377358490567,0.0,18.867924528301888,0.0,18.867924528301888,0.0,18.867924528301888,18.867924528301888,0.0,0.0,18.867924528301888,900.0,3,9.13077152377401,https://doi.org/10.1002/adem.201700948,30Fig.4_Al0.3-Hf1.0-Nb1.0-Ta1.0-Ti1.0-Zr1.0_900C_160mmHg,Al0.3 Hf1.0 Nb1.0 Ta1.0 Ti1.0 Zr1.0,True
5.660377358490567,0.0,18.867924528301888,0.0,18.867924528301888,0.0,18.867924528301888,18.867924528301888,0.0,0.0,18.867924528301888,900.0,4,9.65624069355277,https://doi.org/10.1002/adem.201700948,30Fig.4_Al0.3-Hf1.0-Nb1.0-Ta1.0-Ti1.0-Zr1.0_900C_160mmHg,Al0.3 Hf1.0 Nb1.0 Ta1.0 Ti1.0 Zr1.0,True
5.660377358490567,0.0,18.867924528301888,0.0,18.867924528301888,0.0,18.867924528301888,18.867924528301888,0.0,0.0,18.867924528301888,900.0,10,12.307268101120492,https://doi.org/10.1002/adem.201700948,30Fig.4_Al0.3-Hf1.0-Nb1.0-Ta1.0-Ti1.0-Zr1.0_900C_160mmHg,Al0.3 Hf1.0 Nb1.0 Ta1.0 Ti1.0 Zr1.0,True
5.660377358490567,0.0,18.867924528301888,0.0,18.867924528301888,0.0,18.867924528301888,18.867924528301888,0.0,0.0,18.867924528301888,900.0,20,13.784438621223426,https://doi.org/10.1002/adem.201700948,30Fig.4_Al0.3-Hf1.0-Nb1.0-Ta1.0-Ti1.0-Zr1.0_900C_160mmHg,Al0.3 Hf1.0 Nb1.0 Ta1.0 Ti1.0 Zr1.0,True
5.660377358490567,0.0,18.867924528301888,0.0,18.867924528301888,0.0,18.867924528301888,18.867924528301888,0.0,0.0,18.867924528301888,900.0,50,16.31104775237292,https://doi.org/10.1002/adem.201700948,30Fig.4_Al0.3-Hf1.0-Nb1.0-Ta1.0-Ti1.0-Zr1.0_900C_160mmHg,Al0.3 Hf1.0 Nb1.0 Ta1.0 Ti1.0 Zr1.0,True
5.660377358490567,0.0,18.867924528301888,0.0,18.867924528301888,0.0,18.867924528301888,18.867924528301888,0.0,0.0,18.867924528301888,900.0,100,28.288857730100215,https://doi.org/10.1002/adem.201700948,30Fig.4_Al0.3-Hf1.0-Nb1.0-Ta1.0-Ti1.0-Zr1.0_900C_160mmHg,Al0.3 Hf1.0 Nb1.0 Ta1.0 Ti1.0 Zr1.0,True
5.660377358490567,0.0,18.867924528301888,0.0,18.867924528301888,0.0,18.867924528301888,18.867924528301888,0.0,0.0,18.867924528301888,1100.0,3,17.772204994258736,https://doi.org/10.1002/adem.201700948,30Fig.4_Al0.3-Hf1.0-Nb1.0-Ta1.0-Ti1.0-Zr1.0_1100C_160mmHg,Al0.3 Hf1.0 Nb1.0 Ta1.0 Ti1.0 Zr1.0,True
5.660377358490567,0.0,18.867924528301888,0.0,18.867924528301888,0.0,18.867924528301888,18.867924528301888,0.0,0.0,18.867924528301888,1100.0,4,19.36463655451949,https://doi.org/10.1002/adem.201700948,30Fig.4_Al0.3-Hf1.0-Nb1.0-Ta1.0-Ti1.0-Zr1.0_1100C_160mmHg,Al0.3 Hf1.0 Nb1.0 Ta1.0 Ti1.0 Zr1.0,True
5.660377358490567,0.0,18.867924528301888,0.0,18.867924528301888,0.0,18.867924528301888,18.867924528301888,0.0,0.0,18.867924528301888,1100.0,10,24.95117805848608,https://doi.org/10.1002/adem.201700948,30Fig.4_Al0.3-Hf1.0-Nb1.0-Ta1.0-Ti1.0-Zr1.0_1100C_160mmHg,Al0.3 Hf1.0 Nb1.0 Ta1.0 Ti1.0 Zr1.0,True
5.660377358490567,0.0,18.867924528301888,0.0,18.867924528301888,0.0,18.867924528301888,18.867924528301888,0.0,0.0,18.867924528301888,1100.0,20,27.49369241375007,https://doi.org/10.1002/adem.201700948,30Fig.4_Al0.3-Hf1.0-Nb1.0-Ta1.0-Ti1.0-Zr1.0_1100C_160mmHg,Al0.3 Hf1.0 Nb1.0 Ta1.0 Ti1.0 Zr1.0,True
5.660377358490567,0.0,18.867924528301888,0.0,18.867924528301888,0.0,18.867924528301888,18.867924528301888,0.0,0.0,18.867924528301888,1100.0,50,42.774042741056476,https://doi.org/10.1002/adem.201700948,30Fig.4_Al0.3-Hf1.0-Nb1.0-Ta1.0-Ti1.0-Zr1.0_1100C_160mmHg,Al0.3 Hf1.0 Nb1.0 Ta1.0 Ti1.0 Zr1.0,True
5.660377358490567,0.0,18.867924528301888,0.0,18.867924528301888,0.0,18.867924528301888,18.867924528301888,0.0,0.0,18.867924528301888,1300.0,3,81.46975816400311,https://doi.org/10.1002/adem.201700948,30Fig.4_Al0.3-Hf1.0-Nb1.0-Ta1.0-Ti1.0-Zr1.0_1300C_160mmHg,Al0.3 Hf1.0 Nb1.0 Ta1.0 Ti1.0 Zr1.0,False
5.660377358490567,0.0,18.867924528301888,0.0,18.867924528301888,0.0,18.867924528301888,18.867924528301888,0.0,0.0,18.867924528301888,1300.0,4,109.08052860426588,https://doi.org/10.1002/adem.201700948,30Fig.4_Al0.3-Hf1.0-Nb1.0-Ta1.0-Ti1.0-Zr1.0_1300C_160mmHg,Al0.3 Hf1.0 Nb1.0 Ta1.0 Ti1.0 Zr1.0,False
5.660377358490567,0.0,18.867924528301888,0.0,18.867924528301888,0.0,18.867924528301888,18.867924528301888,0.0,0.0,18.867924528301888,1300.0,10,228.61442112510477,https://doi.org/10.1002/adem.201700948,30Fig.4_Al0.3-Hf1.0-Nb1.0-Ta1.0-Ti1.0-Zr1.0_1300C_160mmHg,Al0.3 Hf1.0 Nb1.0 Ta1.0 Ti1.0 Zr1.0,False
5.660377358490567,0.0,18.867924528301888,0.0,18.867924528301888,0.0,18.867924528301888,18.867924528301888,0.0,0.0,18.867924528301888,1300.0,20,246.02884123087804,https://doi.org/10.1002/adem.201700948,30Fig.4_Al0.3-Hf1.0-Nb1.0-Ta1.0-Ti1.0-Zr1.0_1300C_160mmHg,Al0.3 Hf1.0 Nb1.0 Ta1.0 Ti1.0 Zr1.0,False
5.660377358490567,0.0,18.867924528301888,0.0,18.867924528301888,0.0,18.867924528301888,18.867924528301888,0.0,0.0,18.867924528301888,1300.0,50,250.45881854202437,https://doi.org/10.1002/adem.201700948,30Fig.4_Al0.3-Hf1.0-Nb1.0-Ta1.0-Ti1.0-Zr1.0_1300C_160mmHg,Al0.3 Hf1.0 Nb1.0 Ta1.0 Ti1.0 Zr1.0,False
5.660377358490567,0.0,18.867924528301888,0.0,18.867924528301888,0.0,18.867924528301888,18.867924528301888,0.0,0.0,18.867924528301888,1300.0,100,250.5494505,https://doi.org/10.1002/adem.201700948,30Fig.4_Al0.3-Hf1.0-Nb1.0-Ta1.0-Ti1.0-Zr1.0_1300C_160mmHg,Al0.3 Hf1.0 Nb1.0 Ta1.0 Ti1.0 Zr1.0,False
9.090909090909092,0.0,18.181818181818183,0.0,18.181818181818183,0.0,18.181818181818183,18.181818181818183,0.0,0.0,18.181818181818183,700.0,10,4.5892563906668515,https://doi.org/10.1002/adem.201700948,30Fig.4_Al0.5-Hf1.0-Nb1.0-Ta1.0-Ti1.0-Zr1.0_700C_160mmHg,Al0.5 Hf1.0 Nb1.0 Ta1.0 Ti1.0 Zr1.0,True
9.090909090909092,0.0,18.181818181818183,0.0,18.181818181818183,0.0,18.181818181818183,18.181818181818183,0.0,0.0,18.181818181818183,700.0,20,6.962171215525531,https://doi.org/10.1002/adem.201700948,30Fig.4_Al0.5-Hf1.0-Nb1.0-Ta1.0-Ti1.0-Zr1.0_700C_160mmHg,Al0.5 Hf1.0 Nb1.0 Ta1.0 Ti1.0 Zr1.0,True
9.090909090909092,0.0,18.181818181818183,0.0,18.181818181818183,0.0,18.181818181818183,18.181818181818183,0.0,0.0,18.181818181818183,700.0,50,8.779410995343824,https://doi.org/10.1002/adem.201700948,30Fig.4_Al0.5-Hf1.0-Nb1.0-Ta1.0-Ti1.0-Zr1.0_700C_160mmHg,Al0.5 Hf1.0 Nb1.0 Ta1.0 Ti1.0 Zr1.0,True
9.090909090909092,0.0,18.181818181818183,0.0,18.181818181818183,0.0,18.181818181818183,18.181818181818183,0.0,0.0,18.181818181818183,900.0,3,7.9338718181994645,https://doi.org/10.1002/adem.201700948,30Fig.4_Al0.5-Hf1.0-Nb1.0-Ta1.0-Ti1.0-Zr1.0_900C_160mmHg,Al0.5 Hf1.0 Nb1.0 Ta1.0 Ti1.0 Zr1.0,True
9.090909090909092,0.0,18.181818181818183,0.0,18.181818181818183,0.0,18.181818181818183,18.181818181818183,0.0,0.0,18.181818181818183,900.0,4,8.76121661407474,https://doi.org/10.1002/adem.201700948,30Fig.4_Al0.5-Hf1.0-Nb1.0-Ta1.0-Ti1.0-Zr1.0_900C_160mmHg,Al0.5 Hf1.0 Nb1.0 Ta1.0 Ti1.0 Zr1.0,True
9.090909090909092,0.0,18.181818181818183,0.0,18.181818181818183,0.0,18.181818181818183,18.181818181818183,0.0,0.0,18.181818181818183,900.0,10,11.843539023592907,https://doi.org/10.1002/adem.201700948,30Fig.4_Al0.5-Hf1.0-Nb1.0-Ta1.0-Ti1.0-Zr1.0_900C_160mmHg,Al0.5 Hf1.0 Nb1.0 Ta1.0 Ti1.0 Zr1.0,True
9.090909090909092,0.0,18.181818181818183,0.0,18.181818181818183,0.0,18.181818181818183,18.181818181818183,0.0,0.0,18.181818181818183,900.0,20,12.343484084342489,https://doi.org/10.1002/adem.201700948,30Fig.4_Al0.5-Hf1.0-Nb1.0-Ta1.0-Ti1.0-Zr1.0_900C_160mmHg,Al0.5 Hf1.0 Nb1.0 Ta1.0 Ti1.0 Zr1.0,True
9.090909090909092,0.0,18.181818181818183,0.0,18.181818181818183,0.0,18.181818181818183,18.181818181818183,0.0,0.0,18.181818181818183,900.0,50,14.63011987935699,https://doi.org/10.1002/adem.201700948,30Fig.4_Al0.5-Hf1.0-Nb1.0-Ta1.0-Ti1.0-Zr1.0_900C_160mmHg,Al0.5 Hf1.0 Nb1.0 Ta1.0 Ti1.0 Zr1.0,True
9.090909090909092,0.0,18.181818181818183,0.0,18.181818181818183,0.0,18.181818181818183,18.181818181818183,0.0,0.0,18.181818181818183,1100.0,3,14.636109058984843,https://doi.org/10.1002/adem.201700948,30Fig.4_Al0.5-Hf1.0-Nb1.0-Ta1.0-Ti1.0-Zr1.0_1100C_160mmHg,Al0.5 Hf1.0 Nb1.0 Ta1.0 Ti1.0 Zr1.0,True
9.090909090909092,0.0,18.181818181818183,0.0,18.181818181818183,0.0,18.181818181818183,18.181818181818183,0.0,0.0,18.181818181818183,1100.0,4,15.81494963611828,https://doi.org/10.1002/adem.201700948,30Fig.4_Al0.5-Hf1.0-Nb1.0-Ta1.0-Ti1.0-Zr1.0_1100C_160mmHg,Al0.5 Hf1.0 Nb1.0 Ta1.0 Ti1.0 Zr1.0,True
9.090909090909092,0.0,18.181818181818183,0.0,18.181818181818183,0.0,18.181818181818183,18.181818181818183,0.0,0.0,18.181818181818183,1100.0,10,20.371666017016704,https://doi.org/10.1002/adem.201700948,30Fig.4_Al0.5-Hf1.0-Nb1.0-Ta1.0-Ti1.0-Zr1.0_1100C_160mmHg,Al0.5 Hf1.0 Nb1.0 Ta1.0 Ti1.0 Zr1.0,True
9.090909090909092,0.0,18.181818181818183,0.0,18.181818181818183,0.0,18.181818181818183,18.181818181818183,0.0,0.0,18.181818181818183,1100.0,20,24.20479393794279,https://doi.org/10.1002/adem.201700948,30Fig.4_Al0.5-Hf1.0-Nb1.0-Ta1.0-Ti1.0-Zr1.0_1100C_160mmHg,Al0.5 Hf1.0 Nb1.0 Ta1.0 Ti1.0 Zr1.0,True
9.090909090909092,0.0,18.181818181818183,0.0,18.181818181818183,0.0,18.181818181818183,18.181818181818183,0.0,0.0,18.181818181818183,1100.0,50,39.38199589195518,https://doi.org/10.1002/adem.201700948,30Fig.4_Al0.5-Hf1.0-Nb1.0-Ta1.0-Ti1.0-Zr1.0_1100C_160mmHg,Al0.5 Hf1.0 Nb1.0 Ta1.0 Ti1.0 Zr1.0,True
9.090909090909092,0.0,18.181818181818183,0.0,18.181818181818183,0.0,18.181818181818183,18.181818181818183,0.0,0.0,18.181818181818183,1300.0,3,79.32735695281899,https://doi.org/10.1002/adem.201700948,30Fig.4_Al0.5-Hf1.0-Nb1.0-Ta1.0-Ti1.0-Zr1.0_1300C_160mmHg,Al0.5 Hf1.0 Nb1.0 Ta1.0 Ti1.0 Zr1.0,True
9.090909090909092,0.0,18.181818181818183,0.0,18.181818181818183,0.0,18.181818181818183,18.181818181818183,0.0,0.0,18.181818181818183,1300.0,4,106.23513866686683,https://doi.org/10.1002/adem.201700948,30Fig.4_Al0.5-Hf1.0-Nb1.0-Ta1.0-Ti1.0-Zr1.0_1300C_160mmHg,Al0.5 Hf1.0 Nb1.0 Ta1.0 Ti1.0 Zr1.0,True
9.090909090909092,0.0,18.181818181818183,0.0,18.181818181818183,0.0,18.181818181818183,18.181818181818183,0.0,0.0,18.181818181818183,1300.0,10,236.27217413321313,https://doi.org/10.1002/adem.201700948,30Fig.4_Al0.5-Hf1.0-Nb1.0-Ta1.0-Ti1.0-Zr1.0_1300C_160mmHg,Al0.5 Hf1.0 Nb1.0 Ta1.0 Ti1.0 Zr1.0,True
9.090909090909092,0.0,18.181818181818183,0.0,18.181818181818183,0.0,18.181818181818183,18.181818181818183,0.0,0.0,18.181818181818183,1300.0,20,246.9829394944247,https://doi.org/10.1002/adem.201700948,30Fig.4_Al0.5-Hf1.0-Nb1.0-Ta1.0-Ti1.0-Zr1.0_1300C_160mmHg,Al0.5 Hf1.0 Nb1.0 Ta1.0 Ti1.0 Zr1.0,True
9.090909090909092,0.0,18.181818181818183,0.0,18.181818181818183,0.0,18.181818181818183,18.181818181818183,0.0,0.0,18.181818181818183,1300.0,50,252.06316196432007,https://doi.org/10.1002/adem.201700948,30Fig.4_Al0.5-Hf1.0-Nb1.0-Ta1.0-Ti1.0-Zr1.0_1300C_160mmHg,Al0.5 Hf1.0 Nb1.0 Ta1.0 Ti1.0 Zr1.0,True
13.043478260869565,0.0,17.391304347826086,0.0,17.391304347826086,0.0,17.391304347826086,17.391304347826086,0.0,0.0,17.391304347826086,700.0,10,4.333674145586569,https://doi.org/10.1002/adem.201700948,30Fig.4_Al0.75-Hf1.0-Nb1.0-Ta1.0-Ti1.0-Zr1.0_700C_160mmHg,Al0.75 Hf1.0 Nb1.0 Ta1.0 Ti1.0 Zr1.0,True
13.043478260869565,0.0,17.391304347826086,0.0,17.391304347826086,0.0,17.391304347826086,17.391304347826086,0.0,0.0,17.391304347826086,700.0,20,6.238962349403948,https://doi.org/10.1002/adem.201700948,30Fig.4_Al0.75-Hf1.0-Nb1.0-Ta1.0-Ti1.0-Zr1.0_700C_160mmHg,Al0.75 Hf1.0 Nb1.0 Ta1.0 Ti1.0 Zr1.0,True
13.043478260869565,0.0,17.391304347826086,0.0,17.391304347826086,0.0,17.391304347826086,17.391304347826086,0.0,0.0,17.391304347826086,700.0,50,7.5791531524195905,https://doi.org/10.1002/adem.201700948,30Fig.4_Al0.75-Hf1.0-Nb1.0-Ta1.0-Ti1.0-Zr1.0_700C_160mmHg,Al0.75 Hf1.0 Nb1.0 Ta1.0 Ti1.0 Zr1.0,True
13.043478260869565,0.0,17.391304347826086,0.0,17.391304347826086,0.0,17.391304347826086,17.391304347826086,0.0,0.0,17.391304347826086,900.0,3,6.666978747443154,https://doi.org/10.1002/adem.201700948,30Fig.4_Al0.75-Hf1.0-Nb1.0-Ta1.0-Ti1.0-Zr1.0_900C_160mmHg,Al0.75 Hf1.0 Nb1.0 Ta1.0 Ti1.0 Zr1.0,True
13.043478260869565,0.0,17.391304347826086,0.0,17.391304347826086,0.0,17.391304347826086,17.391304347826086,0.0,0.0,17.391304347826086,900.0,4,7.583494011868976,https://doi.org/10.1002/adem.201700948,30Fig.4_Al0.75-Hf1.0-Nb1.0-Ta1.0-Ti1.0-Zr1.0_900C_160mmHg,Al0.75 Hf1.0 Nb1.0 Ta1.0 Ti1.0 Zr1.0,True
13.043478260869565,0.0,17.391304347826086,0.0,17.391304347826086,0.0,17.391304347826086,17.391304347826086,0.0,0.0,17.391304347826086,900.0,10,10.712664018002048,https://doi.org/10.1002/adem.201700948,30Fig.4_Al0.75-Hf1.0-Nb1.0-Ta1.0-Ti1.0-Zr1.0_900C_160mmHg,Al0.75 Hf1.0 Nb1.0 Ta1.0 Ti1.0 Zr1.0,True
13.043478260869565,0.0,17.391304347826086,0.0,17.391304347826086,0.0,17.391304347826086,17.391304347826086,0.0,0.0,17.391304347826086,900.0,20,11.669214343472651,https://doi.org/10.1002/adem.201700948,30Fig.4_Al0.75-Hf1.0-Nb1.0-Ta1.0-Ti1.0-Zr1.0_900C_160mmHg,Al0.75 Hf1.0 Nb1.0 Ta1.0 Ti1.0 Zr1.0,True
13.043478260869565,0.0,17.391304347826086,0.0,17.391304347826086,0.0,17.391304347826086,17.391304347826086,0.0,0.0,17.391304347826086,900.0,50,13.897396739053391,https://doi.org/10.1002/adem.201700948,30Fig.4_Al0.75-Hf1.0-Nb1.0-Ta1.0-Ti1.0-Zr1.0_900C_160mmHg,Al0.75 Hf1.0 Nb1.0 Ta1.0 Ti1.0 Zr1.0,True
13.043478260869565,0.0,17.391304347826086,0.0,17.391304347826086,0.0,17.391304347826086,17.391304347826086,0.0,0.0,17.391304347826086,1100.0,3,11.927567874342856,https://doi.org/10.1002/adem.201700948,30Fig.4_Al0.75-Hf1.0-Nb1.0-Ta1.0-Ti1.0-Zr1.0_1100C_160mmHg,Al0.75 Hf1.0 Nb1.0 Ta1.0 Ti1.0 Zr1.0,True
13.043478260869565,0.0,17.391304347826086,0.0,17.391304347826086,0.0,17.391304347826086,17.391304347826086,0.0,0.0,17.391304347826086,1100.0,4,13.10541246266742,https://doi.org/10.1002/adem.201700948,30Fig.4_Al0.75-Hf1.0-Nb1.0-Ta1.0-Ti1.0-Zr1.0_1100C_160mmHg,Al0.75 Hf1.0 Nb1.0 Ta1.0 Ti1.0 Zr1.0,True
13.043478260869565,0.0,17.391304347826086,0.0,17.391304347826086,0.0,17.391304347826086,17.391304347826086,0.0,0.0,17.391304347826086,1100.0,10,17.78336407303788,https://doi.org/10.1002/adem.201700948,30Fig.4_Al0.75-Hf1.0-Nb1.0-Ta1.0-Ti1.0-Zr1.0_1100C_160mmHg,Al0.75 Hf1.0 Nb1.0 Ta1.0 Ti1.0 Zr1.0,True
13.043478260869565,0.0,17.391304347826086,0.0,17.391304347826086,0.0,17.391304347826086,17.391304347826086,0.0,0.0,17.391304347826086,1100.0,20,22.76974307787979,https://doi.org/10.1002/adem.201700948,30Fig.4_Al0.75-Hf1.0-Nb1.0-Ta1.0-Ti1.0-Zr1.0_1100C_160mmHg,Al0.75 Hf1.0 Nb1.0 Ta1.0 Ti1.0 Zr1.0,True
13.043478260869565,0.0,17.391304347826086,0.0,17.391304347826086,0.0,17.391304347826086,17.391304347826086,0.0,0.0,17.391304347826086,1100.0,50,35.60374710073046,https://doi.org/10.1002/adem.201700948,30Fig.4_Al0.75-Hf1.0-Nb1.0-Ta1.0-Ti1.0-Zr1.0_1100C_160mmHg,Al0.75 Hf1.0 Nb1.0 Ta1.0 Ti1.0 Zr1.0,True
13.043478260869565,0.0,17.391304347826086,0.0,17.391304347826086,0.0,17.391304347826086,17.391304347826086,0.0,0.0,17.391304347826086,1300.0,3,52.62013744673584,https://doi.org/10.1002/adem.201700948,30Fig.4_Al0.75-Hf1.0-Nb1.0-Ta1.0-Ti1.0-Zr1.0_1300C_160mmHg,Al0.75 Hf1.0 Nb1.0 Ta1.0 Ti1.0 Zr1.0,True
13.043478260869565,0.0,17.391304347826086,0.0,17.391304347826086,0.0,17.391304347826086,17.391304347826086,0.0,0.0,17.391304347826086,1300.0,4,67.93712576348776,https://doi.org/10.1002/adem.201700948,30Fig.4_Al0.75-Hf1.0-Nb1.0-Ta1.0-Ti1.0-Zr1.0_1300C_160mmHg,Al0.75 Hf1.0 Nb1.0 Ta1.0 Ti1.0 Zr1.0,True
13.043478260869565,0.0,17.391304347826086,0.0,17.391304347826086,0.0,17.391304347826086,17.391304347826086,0.0,0.0,17.391304347826086,1300.0,10,121.8620336674629,https://doi.org/10.1002/adem.201700948,30Fig.4_Al0.75-Hf1.0-Nb1.0-Ta1.0-Ti1.0-Zr1.0_1300C_160mmHg,Al0.75 Hf1.0 Nb1.0 Ta1.0 Ti1.0 Zr1.0,True
13.043478260869565,0.0,17.391304347826086,0.0,17.391304347826086,0.0,17.391304347826086,17.391304347826086,0.0,0.0,17.391304347826086,1300.0,20,192.21574164323897,https://doi.org/10.1002/adem.201700948,30Fig.4_Al0.75-Hf1.0-Nb1.0-Ta1.0-Ti1.0-Zr1.0_1300C_160mmHg,Al0.75 Hf1.0 Nb1.0 Ta1.0 Ti1.0 Zr1.0,True
13.043478260869565,0.0,17.391304347826086,0.0,17.391304347826086,0.0,17.391304347826086,17.391304347826086,0.0,0.0,17.391304347826086,1300.0,50,246.2658026713318,https://doi.org/10.1002/adem.201700948,30Fig.4_Al0.75-Hf1.0-Nb1.0-Ta1.0-Ti1.0-Zr1.0_1300C_160mmHg,Al0.75 Hf1.0 Nb1.0 Ta1.0 Ti1.0 Zr1.0,True
16.666666666666668,0.0,16.666666666666668,0.0,16.666666666666668,0.0,16.666666666666668,16.666666666666668,0.0,0.0,16.666666666666668,700.0,3,1.234641088110497,https://doi.org/10.1002/adem.201700948,30Fig.4_Al1.0-Hf1.0-Nb1.0-Ta1.0-Ti1.0-Zr1.0_700C_160mmHg,Al1.0 Hf1.0 Nb1.0 Ta1.0 Ti1.0 Zr1.0,True
16.666666666666668,0.0,16.666666666666668,0.0,16.666666666666668,0.0,16.666666666666668,16.666666666666668,0.0,0.0,16.666666666666668,700.0,4,1.4584569595358803,https://doi.org/10.1002/adem.201700948,30Fig.4_Al1.0-Hf1.0-Nb1.0-Ta1.0-Ti1.0-Zr1.0_700C_160mmHg,Al1.0 Hf1.0 Nb1.0 Ta1.0 Ti1.0 Zr1.0,True
16.666666666666668,0.0,16.666666666666668,0.0,16.666666666666668,0.0,16.666666666666668,16.666666666666668,0.0,0.0,16.666666666666668,700.0,10,2.8470528831490034,https://doi.org/10.1002/adem.201700948,30Fig.4_Al1.0-Hf1.0-Nb1.0-Ta1.0-Ti1.0-Zr1.0_700C_160mmHg,Al1.0 Hf1.0 Nb1.0 Ta1.0 Ti1.0 Zr1.0,True
16.666666666666668,0.0,16.666666666666668,0.0,16.666666666666668,0.0,16.666666666666668,16.666666666666668,0.0,0.0,16.666666666666668,700.0,20,4.502277346515974,https://doi.org/10.1002/adem.201700948,30Fig.4_Al1.0-Hf1.0-Nb1.0-Ta1.0-Ti1.0-Zr1.0_700C_160mmHg,Al1.0 Hf1.0 Nb1.0 Ta1.0 Ti1.0 Zr1.0,True
16.666666666666668,0.0,16.666666666666668,0.0,16.666666666666668,0.0,16.666666666666668,16.666666666666668,0.0,0.0,16.666666666666668,700.0,50,6.853892113199141,https://doi.org/10.1002/adem.201700948,30Fig.4_Al1.0-Hf1.0-Nb1.0-Ta1.0-Ti1.0-Zr1.0_700C_160mmHg,Al1.0 Hf1.0 Nb1.0 Ta1.0 Ti1.0 Zr1.0,True
16.666666666666668,0.0,16.666666666666668,0.0,16.666666666666668,0.0,16.666666666666668,16.666666666666668,0.0,0.0,16.666666666666668,900.0,3,5.223503098750851,https://doi.org/10.1002/adem.201700948,30Fig.4_Al1.0-Hf1.0-Nb1.0-Ta1.0-Ti1.0-Zr1.0_900C_160mmHg,Al1.0 Hf1.0 Nb1.0 Ta1.0 Ti1.0 Zr1.0,True
16.666666666666668,0.0,16.666666666666668,0.0,16.666666666666668,0.0,16.666666666666668,16.666666666666668,0.0,0.0,16.666666666666668,900.0,4,5.539418011116342,https://doi.org/10.1002/adem.201700948,30Fig.4_Al1.0-Hf1.0-Nb1.0-Ta1.0-Ti1.0-Zr1.0_900C_160mmHg,Al1.0 Hf1.0 Nb1.0 Ta1.0 Ti1.0 Zr1.0,True
16.666666666666668,0.0,16.666666666666668,0.0,16.666666666666668,0.0,16.666666666666668,16.666666666666668,0.0,0.0,16.666666666666668,900.0,10,8.021974210809633,https://doi.org/10.1002/adem.201700948,30Fig.4_Al1.0-Hf1.0-Nb1.0-Ta1.0-Ti1.0-Zr1.0_900C_160mmHg,Al1.0 Hf1.0 Nb1.0 Ta1.0 Ti1.0 Zr1.0,True
16.666666666666668,0.0,16.666666666666668,0.0,16.666666666666668,0.0,16.666666666666668,16.666666666666668,0.0,0.0,16.666666666666668,900.0,20,10.177743025277689,https://doi.org/10.1002/adem.201700948,30Fig.4_Al1.0-Hf1.0-Nb1.0-Ta1.0-Ti1.0-Zr1.0_900C_160mmHg,Al1.0 Hf1.0 Nb1.0 Ta1.0 Ti1.0 Zr1.0,True
16.666666666666668,0.0,16.666666666666668,0.0,16.666666666666668,0.0,16.666666666666668,16.666666666666668,0.0,0.0,16.666666666666668,900.0,50,13.045380203191705,https://doi.org/10.1002/adem.201700948,30Fig.4_Al1.0-Hf1.0-Nb1.0-Ta1.0-Ti1.0-Zr1.0_900C_160mmHg,Al1.0 Hf1.0 Nb1.0 Ta1.0 Ti1.0 Zr1.0,True
16.666666666666668,0.0,16.666666666666668,0.0,16.666666666666668,0.0,16.666666666666668,16.666666666666668,0.0,0.0,16.666666666666668,900.0,100,15.409124260221494,https://doi.org/10.1002/adem.201700948,30Fig.4_Al1.0-Hf1.0-Nb1.0-Ta1.0-Ti1.0-Zr1.0_900C_160mmHg,Al1.0 Hf1.0 Nb1.0 Ta1.0 Ti1.0 Zr1.0,True
16.666666666666668,0.0,16.666666666666668,0.0,16.666666666666668,0.0,16.666666666666668,16.666666666666668,0.0,0.0,16.666666666666668,1100.0,3,11.18424438548283,https://doi.org/10.1002/adem.201700948,30Fig.4_Al1.0-Hf1.0-Nb1.0-Ta1.0-Ti1.0-Zr1.0_1100C_160mmHg,Al1.0 Hf1.0 Nb1.0 Ta1.0 Ti1.0 Zr1.0,True
16.666666666666668,0.0,16.666666666666668,0.0,16.666666666666668,0.0,16.666666666666668,16.666666666666668,0.0,0.0,16.666666666666668,1100.0,4,12.831623677845437,https://doi.org/10.1002/adem.201700948,30Fig.4_Al1.0-Hf1.0-Nb1.0-Ta1.0-Ti1.0-Zr1.0_1100C_160mmHg,Al1.0 Hf1.0 Nb1.0 Ta1.0 Ti1.0 Zr1.0,True
16.666666666666668,0.0,16.666666666666668,0.0,16.666666666666668,0.0,16.666666666666668,16.666666666666668,0.0,0.0,16.666666666666668,1100.0,10,15.509402475144597,https://doi.org/10.1002/adem.201700948,30Fig.4_Al1.0-Hf1.0-Nb1.0-Ta1.0-Ti1.0-Zr1.0_1100C_160mmHg,Al1.0 Hf1.0 Nb1.0 Ta1.0 Ti1.0 Zr1.0,True
16.666666666666668,0.0,16.666666666666668,0.0,16.666666666666668,0.0,16.666666666666668,16.666666666666668,0.0,0.0,16.666666666666668,1100.0,20,19.801665370260867,https://doi.org/10.1002/adem.201700948,30Fig.4_Al1.0-Hf1.0-Nb1.0-Ta1.0-Ti1.0-Zr1.0_1100C_160mmHg,Al1.0 Hf1.0 Nb1.0 Ta1.0 Ti1.0 Zr1.0,True
16.666666666666668,0.0,16.666666666666668,0.0,16.666666666666668,0.0,16.666666666666668,16.666666666666668,0.0,0.0,16.666666666666668,1100.0,50,35.45208263408258,https://doi.org/10.1002/adem.201700948,30Fig.4_Al1.0-Hf1.0-Nb1.0-Ta1.0-Ti1.0-Zr1.0_1100C_160mmHg,Al1.0 Hf1.0 Nb1.0 Ta1.0 Ti1.0 Zr1.0,True
16.666666666666668,0.0,16.666666666666668,0.0,16.666666666666668,0.0,16.666666666666668,16.666666666666668,0.0,0.0,16.666666666666668,1100.0,100,52.38055613073757,https://doi.org/10.1002/adem.201700948,30Fig.4_Al1.0-Hf1.0-Nb1.0-Ta1.0-Ti1.0-Zr1.0_1100C_160mmHg,Al1.0 Hf1.0 Nb1.0 Ta1.0 Ti1.0 Zr1.0,True
16.666666666666668,0.0,16.666666666666668,0.0,16.666666666666668,0.0,16.666666666666668,16.666666666666668,0.0,0.0,16.666666666666668,1300.0,3,49.06143024833547,https://doi.org/10.1002/adem.201700948,30Fig.4_Al1.0-Hf1.0-Nb1.0-Ta1.0-Ti1.0-Zr1.0_1300C_160mmHg,Al1.0 Hf1.0 Nb1.0 Ta1.0 Ti1.0 Zr1.0,True
16.666666666666668,0.0,16.666666666666668,0.0,16.666666666666668,0.0,16.666666666666668,16.666666666666668,0.0,0.0,16.666666666666668,1300.0,4,59.92888261970441,https://doi.org/10.1002/adem.201700948,30Fig.4_Al1.0-Hf1.0-Nb1.0-Ta1.0-Ti1.0-Zr1.0_1300C_160mmHg,Al1.0 Hf1.0 Nb1.0 Ta1.0 Ti1.0 Zr1.0,True
16.666666666666668,0.0,16.666666666666668,0.0,16.666666666666668,0.0,16.666666666666668,16.666666666666668,0.0,0.0,16.666666666666668,1300.0,10,99.91745341478625,https://doi.org/10.1002/adem.201700948,30Fig.4_Al1.0-Hf1.0-Nb1.0-Ta1.0-Ti1.0-Zr1.0_1300C_160mmHg,Al1.0 Hf1.0 Nb1.0 Ta1.0 Ti1.0 Zr1.0,True
16.666666666666668,0.0,16.666666666666668,0.0,16.666666666666668,0.0,16.666666666666668,16.666666666666668,0.0,0.0,16.666666666666668,1300.0,20,180.3219593932979,https://doi.org/10.1002/adem.201700948,30Fig.4_Al1.0-Hf1.0-Nb1.0-Ta1.0-Ti1.0-Zr1.0_1300C_160mmHg,Al1.0 Hf1.0 Nb1.0 Ta1.0 Ti1.0 Zr1.0,True
16.666666666666668,0.0,16.666666666666668,0.0,16.666666666666668,0.0,16.666666666666668,16.666666666666668,0.0,0.0,16.666666666666668,1300.0,50,248.12784697020567,https://doi.org/10.1002/adem.201700948,30Fig.4_Al1.0-Hf1.0-Nb1.0-Ta1.0-Ti1.0-Zr1.0_1300C_160mmHg,Al1.0 Hf1.0 Nb1.0 Ta1.0 Ti1.0 Zr1.0,True
0.0,0.0,20.0,0.0,20.0,0.0,20.0,20.0,0.0,0.0,20.0,700.0,3,14.478060178006382,https://doi.org/10.1002/adem.201700948,30Fig.4_Hf1.0-Nb1.0-Ta1.0-Ti1.0-Zr1.0_700C_160mmHg,Hf1.0 Nb1.0 Ta1.0 Ti1.0 Zr1.0,True
0.0,0.0,20.0,0.0,20.0,0.0,20.0,20.0,0.0,0.0,20.0,700.0,4,20.537199955866313,https://doi.org/10.1002/adem.201700948,30Fig.4_Hf1.0-Nb1.0-Ta1.0-Ti1.0-Zr1.0_700C_160mmHg,Hf1.0 Nb1.0 Ta1.0 Ti1.0 Zr1.0,True
0.0,0.0,20.0,0.0,20.0,0.0,20.0,20.0,0.0,0.0,20.0,700.0,10,38.89995236619587,https://doi.org/10.1002/adem.201700948,30Fig.4_Hf1.0-Nb1.0-Ta1.0-Ti1.0-Zr1.0_700C_160mmHg,Hf1.0 Nb1.0 Ta1.0 Ti1.0 Zr1.0,True
0.0,0.0,20.0,0.0,20.0,0.0,20.0,20.0,0.0,0.0,20.0,700.0,20,44.36456962893006,https://doi.org/10.1002/adem.201700948,30Fig.4_Hf1.0-Nb1.0-Ta1.0-Ti1.0-Zr1.0_700C_160mmHg,Hf1.0 Nb1.0 Ta1.0 Ti1.0 Zr1.0,True
0.0,0.0,20.0,0.0,20.0,0.0,20.0,20.0,0.0,0.0,20.0,700.0,50,53.08041665988095,https://doi.org/10.1002/adem.201700948,30Fig.4_Hf1.0-Nb1.0-Ta1.0-Ti1.0-Zr1.0_700C_160mmHg,Hf1.0 Nb1.0 Ta1.0 Ti1.0 Zr1.0,True
0.0,0.0,20.0,0.0,20.0,0.0,20.0,20.0,0.0,0.0,20.0,900.0,3,19.25283015510327,https://doi.org/10.1002/adem.201700948,30Fig.4_Hf1.0-Nb1.0-Ta1.0-Ti1.0-Zr1.0_900C_160mmHg,Hf1.0 Nb1.0 Ta1.0 Ti1.0 Zr1.0,True
0.0,0.0,20.0,0.0,20.0,0.0,20.0,20.0,0.0,0.0,20.0,900.0,4,20.19271203947796,https://doi.org/10.1002/adem.201700948,30Fig.4_Hf1.0-Nb1.0-Ta1.0-Ti1.0-Zr1.0_900C_160mmHg,Hf1.0 Nb1.0 Ta1.0 Ti1.0 Zr1.0,True
0.0,0.0,20.0,0.0,20.0,0.0,20.0,20.0,0.0,0.0,20.0,900.0,10,26.127437687344234,https://doi.org/10.1002/adem.201700948,30Fig.4_Hf1.0-Nb1.0-Ta1.0-Ti1.0-Zr1.0_900C_160mmHg,Hf1.0 Nb1.0 Ta1.0 Ti1.0 Zr1.0,True
0.0,0.0,20.0,0.0,20.0,0.0,20.0,20.0,0.0,0.0,20.0,900.0,20,29.297379796886826,https://doi.org/10.1002/adem.201700948,30Fig.4_Hf1.0-Nb1.0-Ta1.0-Ti1.0-Zr1.0_900C_160mmHg,Hf1.0 Nb1.0 Ta1.0 Ti1.0 Zr1.0,True
0.0,0.0,20.0,0.0,20.0,0.0,20.0,20.0,0.0,0.0,20.0,900.0,50,38.941598352074855,https://doi.org/10.1002/adem.201700948,30Fig.4_Hf1.0-Nb1.0-Ta1.0-Ti1.0-Zr1.0_900C_160mmHg,Hf1.0 Nb1.0 Ta1.0 Ti1.0 Zr1.0,True
0.0,0.0,20.0,0.0,20.0,0.0,20.0,20.0,0.0,0.0,20.0,900.0,100,51.829731836498745,https://doi.org/10.1002/adem.201700948,30Fig.4_Hf1.0-Nb1.0-Ta1.0-Ti1.0-Zr1.0_900C_160mmHg,Hf1.0 Nb1.0 Ta1.0 Ti1.0 Zr1.0,True
0.0,0.0,20.0,0.0,20.0,0.0,20.0,20.0,0.0,0.0,20.0,1100.0,3,23.5546131358157,https://doi.org/10.1002/adem.201700948,30Fig.4_Hf1.0-Nb1.0-Ta1.0-Ti1.0-Zr1.0_1100C_160mmHg,Hf1.0 Nb1.0 Ta1.0 Ti1.0 Zr1.0,True
0.0,0.0,20.0,0.0,20.0,0.0,20.0,20.0,0.0,0.0,20.0,1100.0,4,27.881557234857997,https://doi.org/10.1002/adem.201700948,30Fig.4_Hf1.0-Nb1.0-Ta1.0-Ti1.0-Zr1.0_1100C_160mmHg,Hf1.0 Nb1.0 Ta1.0 Ti1.0 Zr1.0,True
0.0,0.0,20.0,0.0,20.0,0.0,20.0,20.0,0.0,0.0,20.0,1100.0,10,37.748793033087104,https://doi.org/10.1002/adem.201700948,30Fig.4_Hf1.0-Nb1.0-Ta1.0-Ti1.0-Zr1.0_1100C_160mmHg,Hf1.0 Nb1.0 Ta1.0 Ti1.0 Zr1.0,True
0.0,0.0,20.0,0.0,20.0,0.0,20.0,20.0,0.0,0.0,20.0,1100.0,20,45.76602501133844,https://doi.org/10.1002/adem.201700948,30Fig.4_Hf1.0-Nb1.0-Ta1.0-Ti1.0-Zr1.0_1100C_160mmHg,Hf1.0 Nb1.0 Ta1.0 Ti1.0 Zr1.0,True
0.0,0.0,20.0,0.0,20.0,0.0,20.0,20.0,0.0,0.0,20.0,1100.0,50,52.450530589937514,https://doi.org/10.1002/adem.201700948,30Fig.4_Hf1.0-Nb1.0-Ta1.0-Ti1.0-Zr1.0_1100C_160mmHg,Hf1.0 Nb1.0 Ta1.0 Ti1.0 Zr1.0,True
0.0,0.0,20.0,0.0,20.0,0.0,20.0,20.0,0.0,0.0,20.0,1300.0,3,55.85592120077402,https://doi.org/10.1002/adem.201700948,30Fig.4_Hf1.0-Nb1.0-Ta1.0-Ti1.0-Zr1.0_1300C_160mmHg,Hf1.0 Nb1.0 Ta1.0 Ti1.0 Zr1.0,False
0.0,0.0,20.0,0.0,20.0,0.0,20.0,20.0,0.0,0.0,20.0,1300.0,4,69.63191769315699,https://doi.org/10.1002/adem.201700948,30Fig.4_Hf1.0-Nb1.0-Ta1.0-Ti1.0-Zr1.0_1300C_160mmHg,Hf1.0 Nb1.0 Ta1.0 Ti1.0 Zr1.0,False
0.0,0.0,20.0,0.0,20.0,0.0,20.0,20.0,0.0,0.0,20.0,1300.0,10,202.9339944022082,https://doi.org/10.1002/adem.201700948,30Fig.4_Hf1.0-Nb1.0-Ta1.0-Ti1.0-Zr1.0_1300C_160mmHg,Hf1.0 Nb1.0 Ta1.0 Ti1.0 Zr1.0,False
0.0,0.0,20.0,0.0,20.0,0.0,20.0,20.0,0.0,0.0,20.0,1300.0,20,233.834339790132,https://doi.org/10.1002/adem.201700948,30Fig.4_Hf1.0-Nb1.0-Ta1.0-Ti1.0-Zr1.0_1300C_160mmHg,Hf1.0 Nb1.0 Ta1.0 Ti1.0 Zr1.0,False
0.0,0.0,20.0,0.0,20.0,0.0,20.0,20.0,0.0,0.0,20.0,1300.0,50,246.46685666016276,https://doi.org/10.1002/adem.201700948,30Fig.4_Hf1.0-Nb1.0-Ta1.0-Ti1.0-Zr1.0_1300C_160mmHg,Hf1.0 Nb1.0 Ta1.0 Ti1.0 Zr1.0,False
20.0,20.0,0.0,20.0,20.0,0.0,0.0,20.0,0.0,0.0,0.0,1000.0,3,0.22815295701251675,https://doi.org/10.1007/s11085-016-9696-y,31Fig.1_Al20.0-Cr20.0-Mo20.0-Nb20.0-Ti20.0_1000C_160mmHg,Al20.0 Cr20.0 Mo20.0 Nb20.0 Ti20.0,True
20.0,20.0,0.0,20.0,20.0,0.0,0.0,20.0,0.0,0.0,0.0,1000.0,4,0.47242810936860224,https://doi.org/10.1007/s11085-016-9696-y,31Fig.1_Al20.0-Cr20.0-Mo20.0-Nb20.0-Ti20.0_1000C_160mmHg,Al20.0 Cr20.0 Mo20.0 Nb20.0 Ti20.0,True
20.0,20.0,0.0,20.0,20.0,0.0,0.0,20.0,0.0,0.0,0.0,1000.0,10,1.2589647058770113,https://doi.org/10.1007/s11085-016-9696-y,31Fig.1_Al20.0-Cr20.0-Mo20.0-Nb20.0-Ti20.0_1000C_160mmHg,Al20.0 Cr20.0 Mo20.0 Nb20.0 Ti20.0,True
20.0,20.0,0.0,20.0,20.0,0.0,0.0,20.0,0.0,0.0,0.0,1000.0,20,2.798016982188365,https://doi.org/10.1007/s11085-016-9696-y,31Fig.1_Al20.0-Cr20.0-Mo20.0-Nb20.0-Ti20.0_1000C_160mmHg,Al20.0 Cr20.0 Mo20.0 Nb20.0 Ti20.0,True
20.0,20.0,0.0,20.0,20.0,0.0,0.0,20.0,0.0,0.0,0.0,1100.0,3,1.3817944757473537,https://doi.org/10.1007/s11085-016-9696-y,31Fig.1_Al20.0-Cr20.0-Mo20.0-Nb20.0-Ti20.0_1100C_160mmHg,Al20.0 Cr20.0 Mo20.0 Nb20.0 Ti20.0,True
20.0,20.0,0.0,20.0,20.0,0.0,0.0,20.0,0.0,0.0,0.0,1100.0,4,1.6479265589496395,https://doi.org/10.1007/s11085-016-9696-y,31Fig.1_Al20.0-Cr20.0-Mo20.0-Nb20.0-Ti20.0_1100C_160mmHg,Al20.0 Cr20.0 Mo20.0 Nb20.0 Ti20.0,True
20.0,20.0,0.0,20.0,20.0,0.0,0.0,20.0,0.0,0.0,0.0,1100.0,10,3.3402805742010653,https://doi.org/10.1007/s11085-016-9696-y,31Fig.1_Al20.0-Cr20.0-Mo20.0-Nb20.0-Ti20.0_1100C_160mmHg,Al20.0 Cr20.0 Mo20.0 Nb20.0 Ti20.0,True
20.0,20.0,0.0,20.0,20.0,0.0,0.0,20.0,0.0,0.0,0.0,1100.0,20,5.485016260009394,https://doi.org/10.1007/s11085-016-9696-y,31Fig.1_Al20.0-Cr20.0-Mo20.0-Nb20.0-Ti20.0_1100C_160mmHg,Al20.0 Cr20.0 Mo20.0 Nb20.0 Ti20.0,True
20.0,20.0,0.0,20.0,0.0,0.0,20.0,20.0,0.0,0.0,0.0,1000.0,3,0.3701266335047799,https://doi.org/10.1007/s11085-016-9696-y,31Fig.1_Al20.0-Cr20.0-Mo20.0-Ta20.0-Ti20.0_1000C_160mmHg,Al20.0 Cr20.0 Mo20.0 Ta20.0 Ti20.0,True
20.0,20.0,0.0,20.0,0.0,0.0,20.0,20.0,0.0,0.0,0.0,1000.0,4,0.42624287764959456,https://doi.org/10.1007/s11085-016-9696-y,31Fig.1_Al20.0-Cr20.0-Mo20.0-Ta20.0-Ti20.0_1000C_160mmHg,Al20.0 Cr20.0 Mo20.0 Ta20.0 Ti20.0,True
20.0,20.0,0.0,20.0,0.0,0.0,20.0,20.0,0.0,0.0,0.0,1000.0,10,0.48374421619346136,https://doi.org/10.1007/s11085-016-9696-y,31Fig.1_Al20.0-Cr20.0-Mo20.0-Ta20.0-Ti20.0_1000C_160mmHg,Al20.0 Cr20.0 Mo20.0 Ta20.0 Ti20.0,True
20.0,20.0,0.0,20.0,0.0,0.0,20.0,20.0,0.0,0.0,0.0,1000.0,20,0.5530280049305721,https://doi.org/10.1007/s11085-016-9696-y,31Fig.1_Al20.0-Cr20.0-Mo20.0-Ta20.0-Ti20.0_1000C_160mmHg,Al20.0 Cr20.0 Mo20.0 Ta20.0 Ti20.0,True
20.0,20.0,0.0,20.0,0.0,0.0,20.0,20.0,0.0,0.0,0.0,1100.0,3,0.9636599218032094,https://doi.org/10.1007/s11085-016-9696-y,31Fig.1_Al20.0-Cr20.0-Mo20.0-Ta20.0-Ti20.0_1100C_160mmHg,Al20.0 Cr20.0 Mo20.0 Ta20.0 Ti20.0,True
20.0,20.0,0.0,20.0,0.0,0.0,20.0,20.0,0.0,0.0,0.0,1100.0,4,1.0957446485636766,https://doi.org/10.1007/s11085-016-9696-y,31Fig.1_Al20.0-Cr20.0-Mo20.0-Ta20.0-Ti20.0_1100C_160mmHg,Al20.0 Cr20.0 Mo20.0 Ta20.0 Ti20.0,True
20.0,20.0,0.0,20.0,0.0,0.0,20.0,20.0,0.0,0.0,0.0,1100.0,10,1.497790427811885,https://doi.org/10.1007/s11085-016-9696-y,31Fig.1_Al20.0-Cr20.0-Mo20.0-Ta20.0-Ti20.0_1100C_160mmHg,Al20.0 Cr20.0 Mo20.0 Ta20.0 Ti20.0,True
20.0,20.0,0.0,20.0,0.0,0.0,20.0,20.0,0.0,0.0,0.0,1100.0,20,2.007582874619518,https://doi.org/10.1007/s11085-016-9696-y,31Fig.1_Al20.0-Cr20.0-Mo20.0-Ta20.0-Ti20.0_1100C_160mmHg,Al20.0 Cr20.0 Mo20.0 Ta20.0 Ti20.0,True
20.0,20.0,0.0,20.0,0.0,0.0,0.0,20.0,0.0,20.0,0.0,1000.0,3,3.5170137448650074,https://doi.org/10.1007/s11085-016-9696-y,31Fig.1_Al20.0-Cr20.0-Mo20.0-Ti20.0-W20.0_1000C_160mmHg,Al20.0 Cr20.0 Mo20.0 Ti20.0 W20.0,True
20.0,20.0,0.0,20.0,0.0,0.0,0.0,20.0,0.0,20.0,0.0,1000.0,4,3.91272006739169,https://doi.org/10.1007/s11085-016-9696-y,31Fig.1_Al20.0-Cr20.0-Mo20.0-Ti20.0-W20.0_1000C_160mmHg,Al20.0 Cr20.0 Mo20.0 Ti20.0 W20.0,True
20.0,20.0,0.0,20.0,0.0,0.0,0.0,20.0,0.0,20.0,0.0,1000.0,10,5.307664464539498,https://doi.org/10.1007/s11085-016-9696-y,31Fig.1_Al20.0-Cr20.0-Mo20.0-Ti20.0-W20.0_1000C_160mmHg,Al20.0 Cr20.0 Mo20.0 Ti20.0 W20.0,True
20.0,20.0,0.0,20.0,0.0,0.0,0.0,20.0,0.0,20.0,0.0,1000.0,20,6.457596595750776,https://doi.org/10.1007/s11085-016-9696-y,31Fig.1_Al20.0-Cr20.0-Mo20.0-Ti20.0-W20.0_1000C_160mmHg,Al20.0 Cr20.0 Mo20.0 Ti20.0 W20.0,True
19.8,19.8,0.0,19.8,19.8,1.0,0.0,19.8,0.0,0.0,0.0,900.0,3,0.2710287197931246,https://doi.org/10.1016/j.jallcom.2016.07.219,32Fig.1_Al19.8-Cr19.8-Mo19.8-Nb19.8-Si1.0-Ti19.8_900C_160mmHg,Al19.8 Cr19.8 Mo19.8 Nb19.8 Si1.0 Ti19.8,True
19.8,19.8,0.0,19.8,19.8,1.0,0.0,19.8,0.0,0.0,0.0,900.0,4,0.2961225313609395,https://doi.org/10.1016/j.jallcom.2016.07.219,32Fig.1_Al19.8-Cr19.8-Mo19.8-Nb19.8-Si1.0-Ti19.8_900C_160mmHg,Al19.8 Cr19.8 Mo19.8 Nb19.8 Si1.0 Ti19.8,True
19.8,19.8,0.0,19.8,19.8,1.0,0.0,19.8,0.0,0.0,0.0,900.0,10,0.4088757181648932,https://doi.org/10.1016/j.jallcom.2016.07.219,32Fig.1_Al19.8-Cr19.8-Mo19.8-Nb19.8-Si1.0-Ti19.8_900C_160mmHg,Al19.8 Cr19.8 Mo19.8 Nb19.8 Si1.0 Ti19.8,True
19.8,19.8,0.0,19.8,19.8,1.0,0.0,19.8,0.0,0.0,0.0,900.0,20,0.6649730261824502,https://doi.org/10.1016/j.jallcom.2016.07.219,32Fig.1_Al19.8-Cr19.8-Mo19.8-Nb19.8-Si1.0-Ti19.8_900C_160mmHg,Al19.8 Cr19.8 Mo19.8 Nb19.8 Si1.0 Ti19.8,True
19.8,19.8,0.0,19.8,19.8,1.0,0.0,19.8,0.0,0.0,0.0,1000.0,3,0.8814141132750473,https://doi.org/10.1016/j.jallcom.2016.07.219,32Fig.1_Al19.8-Cr19.8-Mo19.8-Nb19.8-Si1.0-Ti19.8_1000C_160mmHg,Al19.8 Cr19.8 Mo19.8 Nb19.8 Si1.0 Ti19.8,True
19.8,19.8,0.0,19.8,19.8,1.0,0.0,19.8,0.0,0.0,0.0,1000.0,4,1.0133398925986543,https://doi.org/10.1016/j.jallcom.2016.07.219,32Fig.1_Al19.8-Cr19.8-Mo19.8-Nb19.8-Si1.0-Ti19.8_1000C_160mmHg,Al19.8 Cr19.8 Mo19.8 Nb19.8 Si1.0 Ti19.8,True
19.8,19.8,0.0,19.8,19.8,1.0,0.0,19.8,0.0,0.0,0.0,1000.0,10,1.6782231493212534,https://doi.org/10.1016/j.jallcom.2016.07.219,32Fig.1_Al19.8-Cr19.8-Mo19.8-Nb19.8-Si1.0-Ti19.8_1000C_160mmHg,Al19.8 Cr19.8 Mo19.8 Nb19.8 Si1.0 Ti19.8,True
19.8,19.8,0.0,19.8,19.8,1.0,0.0,19.8,0.0,0.0,0.0,1000.0,20,2.2383070218741614,https://doi.org/10.1016/j.jallcom.2016.07.219,32Fig.1_Al19.8-Cr19.8-Mo19.8-Nb19.8-Si1.0-Ti19.8_1000C_160mmHg,Al19.8 Cr19.8 Mo19.8 Nb19.8 Si1.0 Ti19.8,True
19.8,19.8,0.0,19.8,19.8,1.0,0.0,19.8,0.0,0.0,0.0,1100.0,3,1.2137566616812323,https://doi.org/10.1016/j.jallcom.2016.07.219,32Fig.1_Al19.8-Cr19.8-Mo19.8-Nb19.8-Si1.0-Ti19.8_1100C_160mmHg,Al19.8 Cr19.8 Mo19.8 Nb19.8 Si1.0 Ti19.8,True
19.8,19.8,0.0,19.8,19.8,1.0,0.0,19.8,0.0,0.0,0.0,1100.0,4,1.447685500673865,https://doi.org/10.1016/j.jallcom.2016.07.219,32Fig.1_Al19.8-Cr19.8-Mo19.8-Nb19.8-Si1.0-Ti19.8_1100C_160mmHg,Al19.8 Cr19.8 Mo19.8 Nb19.8 Si1.0 Ti19.8,True
19.8,19.8,0.0,19.8,19.8,1.0,0.0,19.8,0.0,0.0,0.0,1100.0,10,2.256114639846105,https://doi.org/10.1016/j.jallcom.2016.07.219,32Fig.1_Al19.8-Cr19.8-Mo19.8-Nb19.8-Si1.0-Ti19.8_1100C_160mmHg,Al19.8 Cr19.8 Mo19.8 Nb19.8 Si1.0 Ti19.8,True
19.8,19.8,0.0,19.8,19.8,1.0,0.0,19.8,0.0,0.0,0.0,1100.0,20,2.813854234251704,https://doi.org/10.1016/j.jallcom.2016.07.219,32Fig.1_Al19.8-Cr19.8-Mo19.8-Nb19.8-Si1.0-Ti19.8_1100C_160mmHg,Al19.8 Cr19.8 Mo19.8 Nb19.8 Si1.0 Ti19.8,True
20.0,20.0,0.0,20.0,20.0,0.0,0.0,20.0,0.0,0.0,0.0,900.0,3,0.14452531582773576,https://doi.org/10.1016/j.jallcom.2016.07.219,32Fig.1_Al20.0-Cr20.0-Mo20.0-Nb20.0-Ti20.0_900C_160mmHg,Al20.0 Cr20.0 Mo20.0 Nb20.0 Ti20.0,True
20.0,20.0,0.0,20.0,20.0,0.0,0.0,20.0,0.0,0.0,0.0,900.0,4,0.18321513160624534,https://doi.org/10.1016/j.jallcom.2016.07.219,32Fig.1_Al20.0-Cr20.0-Mo20.0-Nb20.0-Ti20.0_900C_160mmHg,Al20.0 Cr20.0 Mo20.0 Nb20.0 Ti20.0,True
20.0,20.0,0.0,20.0,20.0,0.0,0.0,20.0,0.0,0.0,0.0,900.0,10,0.30778452331102013,https://doi.org/10.1016/j.jallcom.2016.07.219,32Fig.1_Al20.0-Cr20.0-Mo20.0-Nb20.0-Ti20.0_900C_160mmHg,Al20.0 Cr20.0 Mo20.0 Nb20.0 Ti20.0,True
20.0,20.0,0.0,20.0,20.0,0.0,0.0,20.0,0.0,0.0,0.0,900.0,20,0.41027484132054187,https://doi.org/10.1016/j.jallcom.2016.07.219,32Fig.1_Al20.0-Cr20.0-Mo20.0-Nb20.0-Ti20.0_900C_160mmHg,Al20.0 Cr20.0 Mo20.0 Nb20.0 Ti20.0,True
20.0,20.0,0.0,20.0,20.0,0.0,0.0,20.0,0.0,0.0,0.0,1000.0,3,0.5638345170693811,https://doi.org/10.1016/j.jallcom.2016.07.219,32Fig.1_Al20.0-Cr20.0-Mo20.0-Nb20.0-Ti20.0_1000C_160mmHg,Al20.0 Cr20.0 Mo20.0 Nb20.0 Ti20.0,True
20.0,20.0,0.0,20.0,20.0,0.0,0.0,20.0,0.0,0.0,0.0,1000.0,4,0.7696943697240051,https://doi.org/10.1016/j.jallcom.2016.07.219,32Fig.1_Al20.0-Cr20.0-Mo20.0-Nb20.0-Ti20.0_1000C_160mmHg,Al20.0 Cr20.0 Mo20.0 Nb20.0 Ti20.0,True
20.0,20.0,0.0,20.0,20.0,0.0,0.0,20.0,0.0,0.0,0.0,1000.0,10,1.7362472497403871,https://doi.org/10.1016/j.jallcom.2016.07.219,32Fig.1_Al20.0-Cr20.0-Mo20.0-Nb20.0-Ti20.0_1000C_160mmHg,Al20.0 Cr20.0 Mo20.0 Nb20.0 Ti20.0,True
20.0,20.0,0.0,20.0,20.0,0.0,0.0,20.0,0.0,0.0,0.0,1000.0,20,3.266883312076576,https://doi.org/10.1016/j.jallcom.2016.07.219,32Fig.1_Al20.0-Cr20.0-Mo20.0-Nb20.0-Ti20.0_1000C_160mmHg,Al20.0 Cr20.0 Mo20.0 Nb20.0 Ti20.0,True
20.0,20.0,0.0,20.0,20.0,0.0,0.0,20.0,0.0,0.0,0.0,1100.0,3,1.3737224337696305,https://doi.org/10.1016/j.jallcom.2016.07.219,32Fig.1_Al20.0-Cr20.0-Mo20.0-Nb20.0-Ti20.0_1100C_160mmHg,Al20.0 Cr20.0 Mo20.0 Nb20.0 Ti20.0,True
20.0,20.0,0.0,20.0,20.0,0.0,0.0,20.0,0.0,0.0,0.0,1100.0,4,1.6253346644062567,https://doi.org/10.1016/j.jallcom.2016.07.219,32Fig.1_Al20.0-Cr20.0-Mo20.0-Nb20.0-Ti20.0_1100C_160mmHg,Al20.0 Cr20.0 Mo20.0 Nb20.0 Ti20.0,True
20.0,20.0,0.0,20.0,20.0,0.0,0.0,20.0,0.0,0.0,0.0,1100.0,10,3.3282480513495036,https://doi.org/10.1016/j.jallcom.2016.07.219,32Fig.1_Al20.0-Cr20.0-Mo20.0-Nb20.0-Ti20.0_1100C_160mmHg,Al20.0 Cr20.0 Mo20.0 Nb20.0 Ti20.0,True
20.0,20.0,0.0,20.0,20.0,0.0,0.0,20.0,0.0,0.0,0.0,1100.0,20,5.455648564303421,https://doi.org/10.1016/j.jallcom.2016.07.219,32Fig.1_Al20.0-Cr20.0-Mo20.0-Nb20.0-Ti20.0_1100C_160mmHg,Al20.0 Cr20.0 Mo20.0 Nb20.0 Ti20.0,True
20.0,20.0,0.0,20.0,0.0,0.0,0.0,20.0,0.0,20.0,0.0,1000.0,3,3.468020992620547,https://doi.org/10.1016/j.jallcom.2014.11.012,33Fig.8_Al20.0-Cr20.0-Mo20.0-Ti20.0-W20.0_1000C_160mmHg,Al20.0 Cr20.0 Mo20.0 Ti20.0 W20.0,False
20.0,20.0,0.0,20.0,0.0,0.0,0.0,20.0,0.0,20.0,0.0,1000.0,4,3.8678907133529656,https://doi.org/10.1016/j.jallcom.2014.11.012,33Fig.8_Al20.0-Cr20.0-Mo20.0-Ti20.0-W20.0_1000C_160mmHg,Al20.0 Cr20.0 Mo20.0 Ti20.0 W20.0,False
20.0,20.0,0.0,20.0,0.0,0.0,0.0,20.0,0.0,20.0,0.0,1000.0,10,5.2689998246699785,https://doi.org/10.1016/j.jallcom.2014.11.012,33Fig.8_Al20.0-Cr20.0-Mo20.0-Ti20.0-W20.0_1000C_160mmHg,Al20.0 Cr20.0 Mo20.0 Ti20.0 W20.0,False
20.0,20.0,0.0,20.0,0.0,0.0,0.0,20.0,0.0,20.0,0.0,1000.0,20,6.413161887498563,https://doi.org/10.1016/j.jallcom.2014.11.012,33Fig.8_Al20.0-Cr20.0-Mo20.0-Ti20.0-W20.0_1000C_160mmHg,Al20.0 Cr20.0 Mo20.0 Ti20.0 W20.0,False
0.0,24.6,0.0,0.0,26.7,0.0,0.0,23.9,0.0,0.0,24.8,1000.0,3,12.31269981784196,https://doi.org/10.1016/j.jallcom.2017.09.164,36Fig.2_Cr24.6-Nb26.7-Ti23.9-Zr24.8_1000C_160mmHg,Cr24.6 Nb26.7 Ti23.9 Zr24.8,True
0.0,24.6,0.0,0.0,26.7,0.0,0.0,23.9,0.0,0.0,24.8,1000.0,4,15.3605864008262,https://doi.org/10.1016/j.jallcom.2017.09.164,36Fig.2_Cr24.6-Nb26.7-Ti23.9-Zr24.8_1000C_160mmHg,Cr24.6 Nb26.7 Ti23.9 Zr24.8,True
0.0,24.6,0.0,0.0,26.7,0.0,0.0,23.9,0.0,0.0,24.8,1000.0,10,31.041926425015944,https://doi.org/10.1016/j.jallcom.2017.09.164,36Fig.2_Cr24.6-Nb26.7-Ti23.9-Zr24.8_1000C_160mmHg,Cr24.6 Nb26.7 Ti23.9 Zr24.8,True
0.0,24.6,0.0,0.0,26.7,0.0,0.0,23.9,0.0,0.0,24.8,1000.0,20,47.48929216011537,https://doi.org/10.1016/j.jallcom.2017.09.164,36Fig.2_Cr24.6-Nb26.7-Ti23.9-Zr24.8_1000C_160mmHg,Cr24.6 Nb26.7 Ti23.9 Zr24.8,True
0.0,24.6,0.0,0.0,26.7,0.0,0.0,23.9,0.0,0.0,24.8,1000.0,50,72.23603405854239,https://doi.org/10.1016/j.jallcom.2017.09.164,36Fig.2_Cr24.6-Nb26.7-Ti23.9-Zr24.8_1000C_160mmHg,Cr24.6 Nb26.7 Ti23.9 Zr24.8,True
0.0,24.6,0.0,0.0,26.7,0.0,0.0,23.9,0.0,0.0,24.8,1000.0,100,103.12436096157153,https://doi.org/10.1016/j.jallcom.2017.09.164,36Fig.2_Cr24.6-Nb26.7-Ti23.9-Zr24.8_1000C_160mmHg,Cr24.6 Nb26.7 Ti23.9 Zr24.8,True
0.0,0.0,0.0,0.0,28.3,0.0,0.0,24.5,23.0,0.0,24.2,1000.0,3,29.70309300776399,https://doi.org/10.1016/j.jallcom.2017.09.164,36Fig.2_Nb28.3-Ti24.5-V23.0-Zr24.2_1000C_160mmHg,Nb28.3 Ti24.5 V23.0 Zr24.2,True
0.0,0.0,0.0,0.0,28.3,0.0,0.0,24.5,23.0,0.0,24.2,1000.0,4,40.511068780067646,https://doi.org/10.1016/j.jallcom.2017.09.164,36Fig.2_Nb28.3-Ti24.5-V23.0-Zr24.2_1000C_160mmHg,Nb28.3 Ti24.5 V23.0 Zr24.2,True
0.0,0.0,0.0,0.0,28.3,0.0,0.0,24.5,23.0,0.0,24.2,1000.0,10,136.40356760421187,https://doi.org/10.1016/j.jallcom.2017.09.164,36Fig.2_Nb28.3-Ti24.5-V23.0-Zr24.2_1000C_160mmHg,Nb28.3 Ti24.5 V23.0 Zr24.2,True
0.0,0.0,0.0,0.0,28.3,0.0,0.0,24.5,23.0,0.0,24.2,1000.0,20,240.18412788458207,https://doi.org/10.1016/j.jallcom.2017.09.164,36Fig.2_Nb28.3-Ti24.5-V23.0-Zr24.2_1000C_160mmHg,Nb28.3 Ti24.5 V23.0 Zr24.2,True
0.0,0.0,0.0,0.0,28.3,0.0,0.0,24.5,23.0,0.0,24.2,1000.0,50,243.1071729042453,https://doi.org/10.1016/j.jallcom.2017.09.164,36Fig.2_Nb28.3-Ti24.5-V23.0-Zr24.2_1000C_160mmHg,Nb28.3 Ti24.5 V23.0 Zr24.2,True
30.010368760659492,0.0,0.0,0.0,0.0,0.0,62.64877399831666,0.0,0.0,7.3408572410238495,0.0,900.0,3,1.4416879598817371,https://doi.org/10.1080/00325899.2019.1662559,43Fig.4_Ta84.0-W10.0-Al6.0_900C_160mmHg,Ta84.0 W10.0 Al6.0,False
30.010368760659492,0.0,0.0,0.0,0.0,0.0,62.64877399831666,0.0,0.0,7.3408572410238495,0.0,900.0,4,1.497920859,https://doi.org/10.1080/00325899.2019.1662559,43Fig.4_Ta84.0-W10.0-Al6.0_900C_160mmHg,Ta84.0 W10.0 Al6.0,False
30.010368760659492,0.0,0.0,0.0,0.0,0.0,62.64877399831666,0.0,0.0,7.3408572410238495,0.0,1000.0,3,4.50242111619367,https://doi.org/10.1080/00325899.2019.1662559,43Fig.4_Ta84.0-W10.0-Al6.0_1000C_160mmHg,Ta84.0 W10.0 Al6.0,False
30.010368760659492,0.0,0.0,0.0,0.0,0.0,62.64877399831666,0.0,0.0,7.3408572410238495,0.0,1000.0,4,4.649637292446491,https://doi.org/10.1080/00325899.2019.1662559,43Fig.4_Ta84.0-W10.0-Al6.0_1000C_160mmHg,Ta84.0 W10.0 Al6.0,False
0.0,0.0,0.0,0.0,0.0,0.0,90.14180859850082,0.0,0.0,9.858191401499187,0.0,900.0,3,55.33106933986197,https://doi.org/10.1080/00325899.2019.1662559,43Fig.4_Ta90.0-W10.0_900C_160mmHg,Ta90.0 W10.0,False
0.0,0.0,0.0,0.0,0.0,0.0,90.14180859850082,0.0,0.0,9.858191401499187,0.0,900.0,4,76.03969586222135,https://doi.org/10.1080/00325899.2019.1662559,43Fig.4_Ta90.0-W10.0_900C_160mmHg,Ta90.0 W10.0,False
0.0,0.0,0.0,0.0,0.0,0.0,90.14180859850082,0.0,0.0,9.858191401499187,0.0,1000.0,3,115.55458007021598,https://doi.org/10.1080/00325899.2019.1662559,43Fig.4_Ta90.0-W10.0_1000C_160mmHg,Ta90.0 W10.0,False
0.0,0.0,0.0,0.0,0.0,0.0,90.14180859850082,0.0,0.0,9.858191401499187,0.0,1000.0,4,156.5013758581449,https://doi.org/10.1080/00325899.2019.1662559,43Fig.4_Ta90.0-W10.0_1000C_160mmHg,Ta90.0 W10.0,False
0.0,18.23720624048422,0.0,0.0,71.446610128088,0.0,0.0,0.0,0.0,10.316183631427778,0.0,700.0,50,52.72503531309522,https://search.proquest.com/docview/193702968?accountid=13360,45Fig.4.15_Nb70.0-W20.0-Cr10.0_700C_160mmHg,Nb70.0 W20.0 Cr10.0,False
0.0,18.23720624048422,0.0,0.0,71.446610128088,0.0,0.0,0.0,0.0,10.316183631427778,0.0,700.0,100,86.16868632953222,https://search.proquest.com/docview/193702968?accountid=13360,45Fig.4.15_Nb70.0-W20.0-Cr10.0_700C_160mmHg,Nb70.0 W20.0 Cr10.0,False
0.0,18.23720624048422,0.0,0.0,71.446610128088,0.0,0.0,0.0,0.0,10.316183631427778,0.0,1000.0,50,96.25379312499895,https://search.proquest.com/docview/193702968?accountid=13360,45Fig.4.15_Nb70.0-W20.0-Cr10.0_1000C_160mmHg,Nb70.0 W20.0 Cr10.0,False
0.0,18.23720624048422,0.0,0.0,71.446610128088,0.0,0.0,0.0,0.0,10.316183631427778,0.0,1000.0,100,147.7574871801173,https://search.proquest.com/docview/193702968?accountid=13360,45Fig.4.15_Nb70.0-W20.0-Cr10.0_1000C_160mmHg,Nb70.0 W20.0 Cr10.0,False
0.0,18.23720624048422,0.0,0.0,71.446610128088,0.0,0.0,0.0,0.0,10.316183631427778,0.0,1100.0,50,87.73040744932888,https://search.proquest.com/docview/193702968?accountid=13360,45Fig.4.15_Nb70.0-W20.0-Cr10.0_1100C_160mmHg,Nb70.0 W20.0 Cr10.0,False
0.0,18.23720624048422,0.0,0.0,71.446610128088,0.0,0.0,0.0,0.0,10.316183631427778,0.0,1100.0,100,139.46682757077892,https://search.proquest.com/docview/193702968?accountid=13360,45Fig.4.15_Nb70.0-W20.0-Cr10.0_1100C_160mmHg,Nb70.0 W20.0 Cr10.0,False
0.0,18.23720624048422,0.0,0.0,71.446610128088,0.0,0.0,0.0,0.0,10.316183631427778,0.0,1200.0,50,152.61082108667597,https://search.proquest.com/docview/193702968?accountid=13360,45Fig.4.15_Nb70.0-W20.0-Cr10.0_1200C_160mmHg,Nb70.0 W20.0 Cr10.0,False
0.0,18.23720624048422,0.0,0.0,71.446610128088,0.0,0.0,0.0,0.0,10.316183631427778,0.0,1200.0,100,212.94681085314446,https://search.proquest.com/docview/193702968?accountid=13360,45Fig.4.15_Nb70.0-W20.0-Cr10.0_1200C_160mmHg,Nb70.0 W20.0 Cr10.0,False
0.0,18.23720624048422,0.0,0.0,71.446610128088,0.0,0.0,0.0,0.0,10.316183631427778,0.0,1300.0,50,205.36128485853524,https://search.proquest.com/docview/193702968?accountid=13360,45Fig.4.15_Nb70.0-W20.0-Cr10.0_1300C_160mmHg,Nb70.0 W20.0 Cr10.0,False
0.0,18.23720624048422,0.0,0.0,71.446610128088,0.0,0.0,0.0,0.0,10.316183631427778,0.0,1300.0,100,191.61943684510726,https://search.proquest.com/docview/193702968?accountid=13360,45Fig.4.15_Nb70.0-W20.0-Cr10.0_1300C_160mmHg,Nb70.0 W20.0 Cr10.0,False
0.0,18.23720624048422,0.0,0.0,71.446610128088,0.0,0.0,0.0,0.0,10.316183631427778,0.0,1400.0,50,190.16373889074617,https://search.proquest.com/docview/193702968?accountid=13360,45Fig.4.15_Nb70.0-W20.0-Cr10.0_1400C_160mmHg,Nb70.0 W20.0 Cr10.0,False
0.0,18.23720624048422,0.0,0.0,71.446610128088,0.0,0.0,0.0,0.0,10.316183631427778,0.0,1400.0,100,166.10585952293482,https://search.proquest.com/docview/193702968?accountid=13360,45Fig.4.15_Nb70.0-W20.0-Cr10.0_1400C_160mmHg,Nb70.0 W20.0 Cr10.0,False
44.79712336353205,7.748627969166134,0.0,0.0,0.0,0.0,0.0,0.0,47.45424866730181,0.0,0.0,700.0,3,10.384339274392682,https://doi.org/10.1007/BF01151591,53Fig.7_V60.0-Al30.0-Cr10.0_700C_160mmHg,V60.0 Al30.0 Cr10.0,False
44.79712336353205,7.748627969166134,0.0,0.0,0.0,0.0,0.0,0.0,47.45424866730181,0.0,0.0,700.0,4,12.697467994671984,https://doi.org/10.1007/BF01151591,53Fig.7_V60.0-Al30.0-Cr10.0_700C_160mmHg,V60.0 Al30.0 Cr10.0,False
44.79712336353205,7.748627969166134,0.0,0.0,0.0,0.0,0.0,0.0,47.45424866730181,0.0,0.0,800.0,3,46.40670955279715,https://doi.org/10.1007/BF01151591,53Fig.7_V60.0-Al30.0-Cr10.0_800C_160mmHg,V60.0 Al30.0 Cr10.0,False
44.79712336353205,7.748627969166134,0.0,0.0,0.0,0.0,0.0,0.0,47.45424866730181,0.0,0.0,800.0,4,55.43705039911593,https://doi.org/10.1007/BF01151591,53Fig.7_V60.0-Al30.0-Cr10.0_800C_160mmHg,V60.0 Al30.0 Cr10.0,False
44.79712336353205,7.748627969166134,0.0,0.0,0.0,0.0,0.0,0.0,47.45424866730181,0.0,0.0,900.0,3,81.35403861892331,https://doi.org/10.1007/BF01151591,53Fig.7_V60.0-Al30.0-Cr10.0_900C_160mmHg,V60.0 Al30.0 Cr10.0,False
44.79712336353205,7.748627969166134,0.0,0.0,0.0,0.0,0.0,0.0,47.45424866730181,0.0,0.0,900.0,4,98.26987149809324,https://doi.org/10.1007/BF01151591,53Fig.7_V60.0-Al30.0-Cr10.0_900C_160mmHg,V60.0 Al30.0 Cr10.0,False
44.79712336353205,7.748627969166134,0.0,0.0,0.0,0.0,0.0,0.0,47.45424866730181,0.0,0.0,1000.0,3,127.20825488028534,https://doi.org/10.1007/BF01151591,53Fig.7_V60.0-Al30.0-Cr10.0_1000C_160mmHg,V60.0 Al30.0 Cr10.0,False
44.79712336353205,7.748627969166134,0.0,0.0,0.0,0.0,0.0,0.0,47.45424866730181,0.0,0.0,1000.0,4,149.84845792154567,https://doi.org/10.1007/BF01151591,53Fig.7_V60.0-Al30.0-Cr10.0_1000C_160mmHg,V60.0 Al30.0 Cr10.0,False
44.499682309299786,0.0,0.0,0.0,0.0,0.0,0.0,8.36115268707163,47.13916500362859,0.0,0.0,700.0,3,16.5280252609552,https://doi.org/10.1007/BF01151591,53Fig.11_V60.0-Al30.0-Ti10.0_700C_160mmHg,V60.0 Al30.0 Ti10.0,False
44.499682309299786,0.0,0.0,0.0,0.0,0.0,0.0,8.36115268707163,47.13916500362859,0.0,0.0,700.0,4,19.495661832116678,https://doi.org/10.1007/BF01151591,53Fig.11_V60.0-Al30.0-Ti10.0_700C_160mmHg,V60.0 Al30.0 Ti10.0,False
44.499682309299786,0.0,0.0,0.0,0.0,0.0,0.0,8.36115268707163,47.13916500362859,0.0,0.0,800.0,3,45.18823110290654,https://doi.org/10.1007/BF01151591,53Fig.11_V60.0-Al30.0-Ti10.0_800C_160mmHg,V60.0 Al30.0 Ti10.0,False
44.499682309299786,0.0,0.0,0.0,0.0,0.0,0.0,8.36115268707163,47.13916500362859,0.0,0.0,800.0,4,55.27445685775848,https://doi.org/10.1007/BF01151591,53Fig.11_V60.0-Al30.0-Ti10.0_800C_160mmHg,V60.0 Al30.0 Ti10.0,False
44.499682309299786,0.0,0.0,0.0,0.0,0.0,0.0,8.36115268707163,47.13916500362859,0.0,0.0,900.0,3,103.32615181581694,https://doi.org/10.1007/BF01151591,53Fig.11_V60.0-Al30.0-Ti10.0_900C_160mmHg,V60.0 Al30.0 Ti10.0,False
44.499682309299786,0.0,0.0,0.0,0.0,0.0,0.0,8.36115268707163,47.13916500362859,0.0,0.0,900.0,4,121.0555665297086,https://doi.org/10.1007/BF01151591,53Fig.11_V60.0-Al30.0-Ti10.0_900C_160mmHg,V60.0 Al30.0 Ti10.0,False
44.72537783057533,0.0,0.0,0.0,0.0,0.0,0.0,0.0,55.27462216942467,0.0,0.0,700.0,3,41.611693864404955,https://doi.org/10.1007/BF01151591,53Fig.4_V70.0-Al30.0_700C_160mmHg,V70.0 Al30.0,False
44.72537783057533,0.0,0.0,0.0,0.0,0.0,0.0,0.0,55.27462216942467,0.0,0.0,700.0,4,48.17452241780596,https://doi.org/10.1007/BF01151591,53Fig.4_V70.0-Al30.0_700C_160mmHg,V70.0 Al30.0,False
44.72537783057533,0.0,0.0,0.0,0.0,0.0,0.0,0.0,55.27462216942467,0.0,0.0,800.0,3,114.08210442640436,https://doi.org/10.1007/BF01151591,53Fig.4_V70.0-Al30.0_800C_160mmHg,V70.0 Al30.0,False
44.72537783057533,0.0,0.0,0.0,0.0,0.0,0.0,0.0,55.27462216942467,0.0,0.0,800.0,4,129.8407362190079,https://doi.org/10.1007/BF01151591,53Fig.4_V70.0-Al30.0_800C_160mmHg,V70.0 Al30.0,False
44.72537783057533,0.0,0.0,0.0,0.0,0.0,0.0,0.0,55.27462216942467,0.0,0.0,900.0,3,154.92886997566734,https://doi.org/10.1007/BF01151591,53Fig.4_V70.0-Al30.0_900C_160mmHg,V70.0 Al30.0,False
44.72537783057533,0.0,0.0,0.0,0.0,0.0,0.0,0.0,55.27462216942467,0.0,0.0,900.0,4,174.33147283694905,https://doi.org/10.1007/BF01151591,53Fig.4_V70.0-Al30.0_900C_160mmHg,V70.0 Al30.0,False
44.72537783057533,0.0,0.0,0.0,0.0,0.0,0.0,0.0,55.27462216942467,0.0,0.0,1000.0,3,218.61257271325155,https://doi.org/10.1007/BF01151591,53Fig.4_V70.0-Al30.0_1000C_160mmHg,V70.0 Al30.0,False
0.0,0.0,0.0,27.2,0.0,20.0,0.0,52.8,0.0,0.0,0.0,1100.0,3,0.848818510070269,https://doi.org/10.1002/adem.202000219,54Fig.2_Mo27.2-Si20.0-Ti52.8_1100C_160mmHg,Mo27.2 Si20.0 Ti52.8,False
0.0,0.0,0.0,27.2,0.0,20.0,0.0,52.8,0.0,0.0,0.0,1100.0,4,1.0573088713088832,https://doi.org/10.1002/adem.202000219,54Fig.2_Mo27.2-Si20.0-Ti52.8_1100C_160mmHg,Mo27.2 Si20.0 Ti52.8,False
0.0,0.0,0.0,27.2,0.0,20.0,0.0,52.8,0.0,0.0,0.0,1100.0,10,1.6044379794976025,https://doi.org/10.1002/adem.202000219,54Fig.2_Mo27.2-Si20.0-Ti52.8_1100C_160mmHg,Mo27.2 Si20.0 Ti52.8,False
0.0,0.0,0.0,27.2,0.0,20.0,0.0,52.8,0.0,0.0,0.0,1100.0,20,2.0821535487622302,https://doi.org/10.1002/adem.202000219,54Fig.2_Mo27.2-Si20.0-Ti52.8_1100C_160mmHg,Mo27.2 Si20.0 Ti52.8,False
30.0,0.0,0.0,0.0,40.0,0.0,0.0,30.0,0.0,0.0,0.0,1000.0,10,0.8898175716280273,https://doi.org/10.1023/B:JMSC.0000044899.40687.a6,57Fig.3_Ti30.0-Al30.0-Nb40.0_1000C_160mmHg,Ti30.0 Al30.0 Nb40.0,False
30.0,0.0,0.0,0.0,40.0,0.0,0.0,30.0,0.0,0.0,0.0,1000.0,20,1.579616936693605,https://doi.org/10.1023/B:JMSC.0000044899.40687.a6,57Fig.3_Ti30.0-Al30.0-Nb40.0_1000C_160mmHg,Ti30.0 Al30.0 Nb40.0,False
30.0,0.0,0.0,0.0,40.0,0.0,0.0,30.0,0.0,0.0,0.0,1000.0,50,3.814943078863802,https://doi.org/10.1023/B:JMSC.0000044899.40687.a6,57Fig.3_Ti30.0-Al30.0-Nb40.0_1000C_160mmHg,Ti30.0 Al30.0 Nb40.0,False
30.0,0.0,0.0,0.0,40.0,0.0,0.0,30.0,0.0,0.0,0.0,1000.0,100,7.399662908767349,https://doi.org/10.1023/B:JMSC.0000044899.40687.a6,57Fig.3_Ti30.0-Al30.0-Nb40.0_1000C_160mmHg,Ti30.0 Al30.0 Nb40.0,False
40.0,0.0,0.0,0.0,20.0,0.0,0.0,40.0,0.0,0.0,0.0,1000.0,10,0.4062529159062088,https://doi.org/10.1023/B:JMSC.0000044899.40687.a6,57Fig.3_Ti40.0-Al40.0-Nb20.0_1000C_160mmHg,Ti40.0 Al40.0 Nb20.0,False
40.0,0.0,0.0,0.0,20.0,0.0,0.0,40.0,0.0,0.0,0.0,1000.0,20,1.1150763752639565,https://doi.org/10.1023/B:JMSC.0000044899.40687.a6,57Fig.3_Ti40.0-Al40.0-Nb20.0_1000C_160mmHg,Ti40.0 Al40.0 Nb20.0,False
40.0,0.0,0.0,0.0,20.0,0.0,0.0,40.0,0.0,0.0,0.0,1000.0,50,2.4716118567674012,https://doi.org/10.1023/B:JMSC.0000044899.40687.a6,57Fig.3_Ti40.0-Al40.0-Nb20.0_1000C_160mmHg,Ti40.0 Al40.0 Nb20.0,False
40.0,0.0,0.0,0.0,20.0,0.0,0.0,40.0,0.0,0.0,0.0,1000.0,100,4.565403485082938,https://doi.org/10.1023/B:JMSC.0000044899.40687.a6,57Fig.3_Ti40.0-Al40.0-Nb20.0_1000C_160mmHg,Ti40.0 Al40.0 Nb20.0,False
42.8,0.0,0.0,0.0,14.2,0.0,0.0,43.0,0.0,0.0,0.0,1000.0,10,0.9964080688632903,https://doi.org/10.1023/B:JMSC.0000044899.40687.a6,57Fig.3_Ti43.0-Al42.8-Nb14.2_1000C_160mmHg,Ti43.0 Al42.8 Nb14.2,False
42.8,0.0,0.0,0.0,14.2,0.0,0.0,43.0,0.0,0.0,0.0,1000.0,20,1.2052110515975905,https://doi.org/10.1023/B:JMSC.0000044899.40687.a6,57Fig.3_Ti43.0-Al42.8-Nb14.2_1000C_160mmHg,Ti43.0 Al42.8 Nb14.2,False
42.8,0.0,0.0,0.0,14.2,0.0,0.0,43.0,0.0,0.0,0.0,1000.0,50,1.9089944637460414,https://doi.org/10.1023/B:JMSC.0000044899.40687.a6,57Fig.3_Ti43.0-Al42.8-Nb14.2_1000C_160mmHg,Ti43.0 Al42.8 Nb14.2,False
42.8,0.0,0.0,0.0,14.2,0.0,0.0,43.0,0.0,0.0,0.0,1000.0,100,2.4998761115398223,https://doi.org/10.1023/B:JMSC.0000044899.40687.a6,57Fig.3_Ti43.0-Al42.8-Nb14.2_1000C_160mmHg,Ti43.0 Al42.8 Nb14.2,False
47.5,0.0,0.0,0.0,5.0,0.0,0.0,47.5,0.0,0.0,0.0,1000.0,10,0.9815230699857168,https://doi.org/10.1023/B:JMSC.0000044899.40687.a6,57Fig.3_Ti47.5-Al47.5-Nb5.0_1000C_160mmHg,Ti47.5 Al47.5 Nb5.0,False
47.5,0.0,0.0,0.0,5.0,0.0,0.0,47.5,0.0,0.0,0.0,1000.0,20,1.336830857196044,https://doi.org/10.1023/B:JMSC.0000044899.40687.a6,57Fig.3_Ti47.5-Al47.5-Nb5.0_1000C_160mmHg,Ti47.5 Al47.5 Nb5.0,False
47.5,0.0,0.0,0.0,5.0,0.0,0.0,47.5,0.0,0.0,0.0,1000.0,50,2.8041849718150127,https://doi.org/10.1023/B:JMSC.0000044899.40687.a6,57Fig.3_Ti47.5-Al47.5-Nb5.0_1000C_160mmHg,Ti47.5 Al47.5 Nb5.0,False
47.5,0.0,0.0,0.0,5.0,0.0,0.0,47.5,0.0,0.0,0.0,1000.0,100,5.357229636720925,https://doi.org/10.1023/B:JMSC.0000044899.40687.a6,57Fig.3_Ti47.5-Al47.5-Nb5.0_1000C_160mmHg,Ti47.5 Al47.5 Nb5.0,False
0.0,0.0,0.0,17.890314812342634,39.79533354580508,42.314351641852284,0.0,0.0,0.0,0.0,0.0,800.0,3,17.100157804541354,https://doi-org.ezproxy.lib.purdue.edu/10.1007/s11661-007-9398-9,59Fig.5_Nb56.0-Si18.0-Mo26.0_800C_160mmHg,Nb56.0 Si18.0 Mo26.0,False
0.0,0.0,0.0,17.890314812342634,39.79533354580508,42.314351641852284,0.0,0.0,0.0,0.0,0.0,800.0,4,21.91775736265915,https://doi-org.ezproxy.lib.purdue.edu/10.1007/s11661-007-9398-9,59Fig.5_Nb56.0-Si18.0-Mo26.0_800C_160mmHg,Nb56.0 Si18.0 Mo26.0,False
0.0,0.0,0.0,17.890314812342634,39.79533354580508,42.314351641852284,0.0,0.0,0.0,0.0,0.0,800.0,10,61.16154580797327,https://doi-org.ezproxy.lib.purdue.edu/10.1007/s11661-007-9398-9,59Fig.5_Nb56.0-Si18.0-Mo26.0_800C_160mmHg,Nb56.0 Si18.0 Mo26.0,False
0.0,0.0,0.0,17.890314812342634,39.79533354580508,42.314351641852284,0.0,0.0,0.0,0.0,0.0,800.0,20,106.8612184359536,https://doi-org.ezproxy.lib.purdue.edu/10.1007/s11661-007-9398-9,59Fig.5_Nb56.0-Si18.0-Mo26.0_800C_160mmHg,Nb56.0 Si18.0 Mo26.0,False
0.0,0.0,0.0,17.890314812342634,39.79533354580508,42.314351641852284,0.0,0.0,0.0,0.0,0.0,1000.0,3,10.042004316868324,https://doi-org.ezproxy.lib.purdue.edu/10.1007/s11661-007-9398-9,59Fig.5_Nb56.0-Si18.0-Mo26.0_1000C_160mmHg,Nb56.0 Si18.0 Mo26.0,False
0.0,0.0,0.0,17.890314812342634,39.79533354580508,42.314351641852284,0.0,0.0,0.0,0.0,0.0,1000.0,4,12.535855293669806,https://doi-org.ezproxy.lib.purdue.edu/10.1007/s11661-007-9398-9,59Fig.5_Nb56.0-Si18.0-Mo26.0_1000C_160mmHg,Nb56.0 Si18.0 Mo26.0,False
0.0,0.0,0.0,17.890314812342634,39.79533354580508,42.314351641852284,0.0,0.0,0.0,0.0,0.0,1000.0,10,30.716068448025055,https://doi-org.ezproxy.lib.purdue.edu/10.1007/s11661-007-9398-9,59Fig.5_Nb56.0-Si18.0-Mo26.0_1000C_160mmHg,Nb56.0 Si18.0 Mo26.0,False
0.0,0.0,0.0,17.890314812342634,39.79533354580508,42.314351641852284,0.0,0.0,0.0,0.0,0.0,1000.0,20,41.92104955424873,https://doi-org.ezproxy.lib.purdue.edu/10.1007/s11661-007-9398-9,59Fig.5_Nb56.0-Si18.0-Mo26.0_1000C_160mmHg,Nb56.0 Si18.0 Mo26.0,False
0.0,0.0,0.0,17.890314812342634,39.79533354580508,42.314351641852284,0.0,0.0,0.0,0.0,0.0,1150.0,3,11.028620281719592,https://doi-org.ezproxy.lib.purdue.edu/10.1007/s11661-007-9398-9,59Fig.5_Nb56.0-Si18.0-Mo26.0_1150C_160mmHg,Nb56.0 Si18.0 Mo26.0,False
0.0,0.0,0.0,17.890314812342634,39.79533354580508,42.314351641852284,0.0,0.0,0.0,0.0,0.0,1150.0,4,15.977904079682885,https://doi-org.ezproxy.lib.purdue.edu/10.1007/s11661-007-9398-9,59Fig.5_Nb56.0-Si18.0-Mo26.0_1150C_160mmHg,Nb56.0 Si18.0 Mo26.0,False
0.0,0.0,0.0,17.890314812342634,39.79533354580508,42.314351641852284,0.0,0.0,0.0,0.0,0.0,1150.0,10,24.68109049841769,https://doi-org.ezproxy.lib.purdue.edu/10.1007/s11661-007-9398-9,59Fig.5_Nb56.0-Si18.0-Mo26.0_1150C_160mmHg,Nb56.0 Si18.0 Mo26.0,False
0.0,0.0,0.0,17.890314812342634,39.79533354580508,42.314351641852284,0.0,0.0,0.0,0.0,0.0,1150.0,20,48.82419568784512,https://doi-org.ezproxy.lib.purdue.edu/10.1007/s11661-007-9398-9,59Fig.5_Nb56.0-Si18.0-Mo26.0_1150C_160mmHg,Nb56.0 Si18.0 Mo26.0,False
0.0,0.0,0.0,11.416527137580225,57.38060218124983,31.20287068116995,0.0,0.0,0.0,0.0,0.0,800.0,3,10.07305018795204,https://doi-org.ezproxy.lib.purdue.edu/10.1007/s11661-007-9398-9,59Fig.5_Nb73.0-Si12.0-Mo15.0_800C_160mmHg,Nb73.0 Si12.0 Mo15.0,False
0.0,0.0,0.0,11.416527137580225,57.38060218124983,31.20287068116995,0.0,0.0,0.0,0.0,0.0,800.0,4,11.172916858626566,https://doi-org.ezproxy.lib.purdue.edu/10.1007/s11661-007-9398-9,59Fig.5_Nb73.0-Si12.0-Mo15.0_800C_160mmHg,Nb73.0 Si12.0 Mo15.0,False
0.0,0.0,0.0,11.416527137580225,57.38060218124983,31.20287068116995,0.0,0.0,0.0,0.0,0.0,800.0,10,12.903864598520524,https://doi-org.ezproxy.lib.purdue.edu/10.1007/s11661-007-9398-9,59Fig.5_Nb73.0-Si12.0-Mo15.0_800C_160mmHg,Nb73.0 Si12.0 Mo15.0,False
0.0,0.0,0.0,11.416527137580225,57.38060218124983,31.20287068116995,0.0,0.0,0.0,0.0,0.0,800.0,20,20.589436558047787,https://doi-org.ezproxy.lib.purdue.edu/10.1007/s11661-007-9398-9,59Fig.5_Nb73.0-Si12.0-Mo15.0_800C_160mmHg,Nb73.0 Si12.0 Mo15.0,False
0.0,0.0,0.0,11.416527137580225,57.38060218124983,31.20287068116995,0.0,0.0,0.0,0.0,0.0,1000.0,3,1.32523250305778,https://doi-org.ezproxy.lib.purdue.edu/10.1007/s11661-007-9398-9,59Fig.5_Nb73.0-Si12.0-Mo15.0_1000C_160mmHg,Nb73.0 Si12.0 Mo15.0,False
0.0,0.0,0.0,11.416527137580225,57.38060218124983,31.20287068116995,0.0,0.0,0.0,0.0,0.0,1000.0,4,3.8173779552188707,https://doi-org.ezproxy.lib.purdue.edu/10.1007/s11661-007-9398-9,59Fig.5_Nb73.0-Si12.0-Mo15.0_1000C_160mmHg,Nb73.0 Si12.0 Mo15.0,False
0.0,0.0,0.0,11.416527137580225,57.38060218124983,31.20287068116995,0.0,0.0,0.0,0.0,0.0,1000.0,10,7.483542518281157,https://doi-org.ezproxy.lib.purdue.edu/10.1007/s11661-007-9398-9,59Fig.5_Nb73.0-Si12.0-Mo15.0_1000C_160mmHg,Nb73.0 Si12.0 Mo15.0,False
0.0,0.0,0.0,11.416527137580225,57.38060218124983,31.20287068116995,0.0,0.0,0.0,0.0,0.0,1000.0,20,11.837755812997255,https://doi-org.ezproxy.lib.purdue.edu/10.1007/s11661-007-9398-9,59Fig.5_Nb73.0-Si12.0-Mo15.0_1000C_160mmHg,Nb73.0 Si12.0 Mo15.0,False
0.0,0.0,0.0,11.416527137580225,57.38060218124983,31.20287068116995,0.0,0.0,0.0,0.0,0.0,1150.0,3,15.650768412878332,https://doi-org.ezproxy.lib.purdue.edu/10.1007/s11661-007-9398-9,59Fig.5_Nb73.0-Si12.0-Mo15.0_1150C_160mmHg,Nb73.0 Si12.0 Mo15.0,False
0.0,0.0,0.0,11.416527137580225,57.38060218124983,31.20287068116995,0.0,0.0,0.0,0.0,0.0,1150.0,4,15.761773109087342,https://doi-org.ezproxy.lib.purdue.edu/10.1007/s11661-007-9398-9,59Fig.5_Nb73.0-Si12.0-Mo15.0_1150C_160mmHg,Nb73.0 Si12.0 Mo15.0,False
0.0,0.0,0.0,11.416527137580225,57.38060218124983,31.20287068116995,0.0,0.0,0.0,0.0,0.0,1150.0,10,31.35272369997081,https://doi-org.ezproxy.lib.purdue.edu/10.1007/s11661-007-9398-9,59Fig.5_Nb73.0-Si12.0-Mo15.0_1150C_160mmHg,Nb73.0 Si12.0 Mo15.0,False
0.0,0.0,0.0,11.416527137580225,57.38060218124983,31.20287068116995,0.0,0.0,0.0,0.0,0.0,1150.0,20,52.14709685834809,https://doi-org.ezproxy.lib.purdue.edu/10.1007/s11661-007-9398-9,59Fig.5_Nb73.0-Si12.0-Mo15.0_1150C_160mmHg,Nb73.0 Si12.0 Mo15.0,False
0.0,0.0,0.0,3.3692348025131174,52.89009575314621,43.74066944434067,0.0,0.0,0.0,0.0,0.0,800.0,3,16.981204729257538,https://doi-org.ezproxy.lib.purdue.edu/10.1007/s11661-007-9398-9,59Fig.5_Nb76.0-Si19.0-Mo5.0_800C_160mmHg,Nb76.0 Si19.0 Mo5.0,False
0.0,0.0,0.0,3.3692348025131174,52.89009575314621,43.74066944434067,0.0,0.0,0.0,0.0,0.0,800.0,4,23.40959611198728,https://doi-org.ezproxy.lib.purdue.edu/10.1007/s11661-007-9398-9,59Fig.5_Nb76.0-Si19.0-Mo5.0_800C_160mmHg,Nb76.0 Si19.0 Mo5.0,False
0.0,0.0,0.0,3.3692348025131174,52.89009575314621,43.74066944434067,0.0,0.0,0.0,0.0,0.0,800.0,10,43.222871991770766,https://doi-org.ezproxy.lib.purdue.edu/10.1007/s11661-007-9398-9,59Fig.5_Nb76.0-Si19.0-Mo5.0_800C_160mmHg,Nb76.0 Si19.0 Mo5.0,False
0.0,0.0,0.0,3.3692348025131174,52.89009575314621,43.74066944434067,0.0,0.0,0.0,0.0,0.0,800.0,20,28.7156162,https://doi-org.ezproxy.lib.purdue.edu/10.1007/s11661-007-9398-9,59Fig.5_Nb76.0-Si19.0-Mo5.0_800C_160mmHg,Nb76.0 Si19.0 Mo5.0,False
0.0,0.0,0.0,3.3692348025131174,52.89009575314621,43.74066944434067,0.0,0.0,0.0,0.0,0.0,1000.0,3,80.95751991248079,https://doi-org.ezproxy.lib.purdue.edu/10.1007/s11661-007-9398-9,59Fig.5_Nb76.0-Si19.0-Mo5.0_1000C_160mmHg,Nb76.0 Si19.0 Mo5.0,False
0.0,0.0,0.0,3.3692348025131174,52.89009575314621,43.74066944434067,0.0,0.0,0.0,0.0,0.0,1000.0,4,108.92867390126715,https://doi-org.ezproxy.lib.purdue.edu/10.1007/s11661-007-9398-9,59Fig.5_Nb76.0-Si19.0-Mo5.0_1000C_160mmHg,Nb76.0 Si19.0 Mo5.0,False
0.0,0.0,0.0,3.3692348025131174,52.89009575314621,43.74066944434067,0.0,0.0,0.0,0.0,0.0,1000.0,10,247.9836792472446,https://doi-org.ezproxy.lib.purdue.edu/10.1007/s11661-007-9398-9,59Fig.5_Nb76.0-Si19.0-Mo5.0_1000C_160mmHg,Nb76.0 Si19.0 Mo5.0,False
0.0,0.0,0.0,3.3692348025131174,52.89009575314621,43.74066944434067,0.0,0.0,0.0,0.0,0.0,1000.0,20,344.7828293373291,https://doi-org.ezproxy.lib.purdue.edu/10.1007/s11661-007-9398-9,59Fig.5_Nb76.0-Si19.0-Mo5.0_1000C_160mmHg,Nb76.0 Si19.0 Mo5.0,False
0.0,0.0,0.0,3.3692348025131174,52.89009575314621,43.74066944434067,0.0,0.0,0.0,0.0,0.0,1150.0,3,25.56874848320961,https://doi-org.ezproxy.lib.purdue.edu/10.1007/s11661-007-9398-9,59Fig.5_Nb76.0-Si19.0-Mo5.0_1150C_160mmHg,Nb76.0 Si19.0 Mo5.0,False
0.0,0.0,0.0,3.3692348025131174,52.89009575314621,43.74066944434067,0.0,0.0,0.0,0.0,0.0,1150.0,4,31.577090468690766,https://doi-org.ezproxy.lib.purdue.edu/10.1007/s11661-007-9398-9,59Fig.5_Nb76.0-Si19.0-Mo5.0_1150C_160mmHg,Nb76.0 Si19.0 Mo5.0,False
0.0,0.0,0.0,3.3692348025131174,52.89009575314621,43.74066944434067,0.0,0.0,0.0,0.0,0.0,1150.0,10,52.295433168919814,https://doi-org.ezproxy.lib.purdue.edu/10.1007/s11661-007-9398-9,59Fig.5_Nb76.0-Si19.0-Mo5.0_1150C_160mmHg,Nb76.0 Si19.0 Mo5.0,False
0.0,0.0,0.0,3.3692348025131174,52.89009575314621,43.74066944434067,0.0,0.0,0.0,0.0,0.0,1150.0,20,97.54290181540456,https://doi-org.ezproxy.lib.purdue.edu/10.1007/s11661-007-9398-9,59Fig.5_Nb76.0-Si19.0-Mo5.0_1150C_160mmHg,Nb76.0 Si19.0 Mo5.0,False
0.0,0.0,0.0,2.9821262520150205,63.906291226612936,33.11158252137205,0.0,0.0,0.0,0.0,0.0,800.0,3,4.443263040137927,https://doi-org.ezproxy.lib.purdue.edu/10.1007/s11661-007-9398-9,59Fig.5_Nb83.0-Si13.0-Mo4.0_800C_160mmHg,Nb83.0 Si13.0 Mo4.0,False
0.0,0.0,0.0,2.9821262520150205,63.906291226612936,33.11158252137205,0.0,0.0,0.0,0.0,0.0,800.0,4,4.565967387725314,https://doi-org.ezproxy.lib.purdue.edu/10.1007/s11661-007-9398-9,59Fig.5_Nb83.0-Si13.0-Mo4.0_800C_160mmHg,Nb83.0 Si13.0 Mo4.0,False
0.0,0.0,0.0,2.9821262520150205,63.906291226612936,33.11158252137205,0.0,0.0,0.0,0.0,0.0,800.0,10,6.725455610205236,https://doi-org.ezproxy.lib.purdue.edu/10.1007/s11661-007-9398-9,59Fig.5_Nb83.0-Si13.0-Mo4.0_800C_160mmHg,Nb83.0 Si13.0 Mo4.0,False
0.0,0.0,0.0,2.9821262520150205,63.906291226612936,33.11158252137205,0.0,0.0,0.0,0.0,0.0,800.0,20,9.976253765990467,https://doi-org.ezproxy.lib.purdue.edu/10.1007/s11661-007-9398-9,59Fig.5_Nb83.0-Si13.0-Mo4.0_800C_160mmHg,Nb83.0 Si13.0 Mo4.0,False
0.0,0.0,0.0,2.9821262520150205,63.906291226612936,33.11158252137205,0.0,0.0,0.0,0.0,0.0,1000.0,3,16.981204729257538,https://doi-org.ezproxy.lib.purdue.edu/10.1007/s11661-007-9398-9,59Fig.5_Nb83.0-Si13.0-Mo4.0_1000C_160mmHg,Nb83.0 Si13.0 Mo4.0,False
0.0,0.0,0.0,2.9821262520150205,63.906291226612936,33.11158252137205,0.0,0.0,0.0,0.0,0.0,1000.0,4,23.40959611198728,https://doi-org.ezproxy.lib.purdue.edu/10.1007/s11661-007-9398-9,59Fig.5_Nb83.0-Si13.0-Mo4.0_1000C_160mmHg,Nb83.0 Si13.0 Mo4.0,False
0.0,0.0,0.0,2.9821262520150205,63.906291226612936,33.11158252137205,0.0,0.0,0.0,0.0,0.0,1000.0,10,43.222871991770766,https://doi-org.ezproxy.lib.purdue.edu/10.1007/s11661-007-9398-9,59Fig.5_Nb83.0-Si13.0-Mo4.0_1000C_160mmHg,Nb83.0 Si13.0 Mo4.0,False
0.0,0.0,0.0,2.9821262520150205,63.906291226612936,33.11158252137205,0.0,0.0,0.0,0.0,0.0,1000.0,20,28.7156162,https://doi-org.ezproxy.lib.purdue.edu/10.1007/s11661-007-9398-9,59Fig.5_Nb83.0-Si13.0-Mo4.0_1000C_160mmHg,Nb83.0 Si13.0 Mo4.0,False
0.0,0.0,0.0,2.9821262520150205,63.906291226612936,33.11158252137205,0.0,0.0,0.0,0.0,0.0,1150.0,3,20.912897344799042,https://doi-org.ezproxy.lib.purdue.edu/10.1007/s11661-007-9398-9,59Fig.5_Nb83.0-Si13.0-Mo4.0_1150C_160mmHg,Nb83.0 Si13.0 Mo4.0,False
0.0,0.0,0.0,2.9821262520150205,63.906291226612936,33.11158252137205,0.0,0.0,0.0,0.0,0.0,1150.0,4,24.879935404671556,https://doi-org.ezproxy.lib.purdue.edu/10.1007/s11661-007-9398-9,59Fig.5_Nb83.0-Si13.0-Mo4.0_1150C_160mmHg,Nb83.0 Si13.0 Mo4.0,False
0.0,0.0,0.0,2.9821262520150205,63.906291226612936,33.11158252137205,0.0,0.0,0.0,0.0,0.0,1150.0,10,40.9913304954337,https://doi-org.ezproxy.lib.purdue.edu/10.1007/s11661-007-9398-9,59Fig.5_Nb83.0-Si13.0-Mo4.0_1150C_160mmHg,Nb83.0 Si13.0 Mo4.0,False
0.0,0.0,0.0,2.9821262520150205,63.906291226612936,33.11158252137205,0.0,0.0,0.0,0.0,0.0,1150.0,20,61.670251665369484,https://doi-org.ezproxy.lib.purdue.edu/10.1007/s11661-007-9398-9,59Fig.5_Nb83.0-Si13.0-Mo4.0_1150C_160mmHg,Nb83.0 Si13.0 Mo4.0,False
0.0,0.0,0.0,0.0,33.199195171026155,0.0,34.30583501006036,32.494969818913475,0.0,0.0,0.0,1200.0,3,30.374922536665984,https://doi.org/10.1016/j.jallcom.2020.158003,70Fig.14_Nb33.0-Ta34.1-Ti32.3_1200C_160mmHg,Nb33.0 Ta34.1 Ti32.3,True
0.0,0.0,0.0,0.0,33.199195171026155,0.0,34.30583501006036,32.494969818913475,0.0,0.0,0.0,1200.0,4,42.5606796116505,https://doi.org/10.1016/j.jallcom.2020.158003,70Fig.14_Nb33.0-Ta34.1-Ti32.3_1200C_160mmHg,Nb33.0 Ta34.1 Ti32.3,True
0.0,0.0,0.0,0.0,33.199195171026155,0.0,34.30583501006036,32.494969818913475,0.0,0.0,0.0,1200.0,10,96.2431405656395,https://doi.org/10.1016/j.jallcom.2020.158003,70Fig.14_Nb33.0-Ta34.1-Ti32.3_1200C_160mmHg,Nb33.0 Ta34.1 Ti32.3,True
0.0,0.0,0.0,0.0,33.199195171026155,0.0,34.30583501006036,32.494969818913475,0.0,0.0,0.0,1200.0,20,202.10483901914895,https://doi.org/10.1016/j.jallcom.2020.158003,70Fig.14_Nb33.0-Ta34.1-Ti32.3_1200C_160mmHg,Nb33.0 Ta34.1 Ti32.3,True
0.0,0.0,0.0,0.0,34.37185929648242,0.0,34.57286432160804,0.0,0.0,0.0,31.055276381909547,1200.0,3,134.5458816160347,https://doi.org/10.1016/j.jallcom.2020.158003,70Fig.14_Nb34.2-Ta34.4-Zr30.9_1200C_160mmHg,Nb34.2 Ta34.4 Zr30.9,False
0.0,0.0,0.0,0.0,34.37185929648242,0.0,34.57286432160804,0.0,0.0,0.0,31.055276381909547,1200.0,4,146.48058252427145,https://doi.org/10.1016/j.jallcom.2020.158003,70Fig.14_Nb34.2-Ta34.4-Zr30.9_1200C_160mmHg,Nb34.2 Ta34.4 Zr30.9,False
0.0,0.0,0.0,0.0,34.37185929648242,0.0,34.57286432160804,0.0,0.0,0.0,31.055276381909547,1200.0,10,228.3663993246092,https://doi.org/10.1016/j.jallcom.2020.158003,70Fig.14_Nb34.2-Ta34.4-Zr30.9_1200C_160mmHg,Nb34.2 Ta34.4 Zr30.9,False
0.0,0.0,0.0,0.0,34.37185929648242,0.0,34.57286432160804,0.0,0.0,0.0,31.055276381909547,1200.0,20,252.77255458766643,https://doi.org/10.1016/j.jallcom.2020.158003,70Fig.14_Nb34.2-Ta34.4-Zr30.9_1200C_160mmHg,Nb34.2 Ta34.4 Zr30.9,False
0.0,0.0,0.0,94.76740001439505,0.0,0.0,0.11695976584055087,0.05867981414393449,0.0,4.998280591476533,0.05867981414393449,1300.0,3,0.02902509438152283,https://doi.org/10.1016/j.actamat.2021.117114,71Fig.9a_Al1.1-O17.4-Si32.7-Mo34.6-B6.1-Ti1.0-Zr0.8-W1.8-Ta4.7_1300C_160mmHg,Mo94.8 W5.0 Ta0.117 Ti0.0587 Zr0.0587,False
0.0,0.0,0.0,94.76740001439505,0.0,0.0,0.11695976584055087,0.05867981414393449,0.0,4.998280591476533,0.05867981414393449,1300.0,4,0.04177215189873358,https://doi.org/10.1016/j.actamat.2021.117114,71Fig.9a_Al1.1-O17.4-Si32.7-Mo34.6-B6.1-Ti1.0-Zr0.8-W1.8-Ta4.7_1300C_160mmHg,Mo94.8 W5.0 Ta0.117 Ti0.0587 Zr0.0587,False
0.0,0.0,0.0,94.76740001439505,0.0,0.0,0.11695976584055087,0.05867981414393449,0.0,4.998280591476533,0.05867981414393449,1300.0,10,0.11825449700199808,https://doi.org/10.1016/j.actamat.2021.117114,71Fig.9a_Al1.1-O17.4-Si32.7-Mo34.6-B6.1-Ti1.0-Zr0.8-W1.8-Ta4.7_1300C_160mmHg,Mo94.8 W5.0 Ta0.117 Ti0.0587 Zr0.0587,False
0.0,0.0,0.0,94.76740001439505,0.0,0.0,0.11695976584055087,0.05867981414393449,0.0,4.998280591476533,0.05867981414393449,1300.0,20,0.30711271850512295,https://doi.org/10.1016/j.actamat.2021.117114,71Fig.9a_Al1.1-O17.4-Si32.7-Mo34.6-B6.1-Ti1.0-Zr0.8-W1.8-Ta4.7_1300C_160mmHg,Mo94.8 W5.0 Ta0.117 Ti0.0587 Zr0.0587,False
0.0,0.0,0.0,94.76740001439505,0.0,0.0,0.11695976584055087,0.05867981414393449,0.0,4.998280591476533,0.05867981414393449,1300.0,50,1.050331525015069,https://doi.org/10.1016/j.actamat.2021.117114,71Fig.9a_Al1.1-O17.4-Si32.7-Mo34.6-B6.1-Ti1.0-Zr0.8-W1.8-Ta4.7_1300C_160mmHg,Mo94.8 W5.0 Ta0.117 Ti0.0587 Zr0.0587,False
0.0,0.0,0.0,94.76740001439505,0.0,0.0,0.11695976584055087,0.05867981414393449,0.0,4.998280591476533,0.05867981414393449,1300.0,100,1.5675105485232066,https://doi.org/10.1016/j.actamat.2021.117114,71Fig.9a_Al1.1-O17.4-Si32.7-Mo34.6-B6.1-Ti1.0-Zr0.8-W1.8-Ta4.7_1300C_160mmHg,Mo94.8 W5.0 Ta0.117 Ti0.0587 Zr0.0587,False
15.384615384615385,7.6923076923076925,0.0,0.0,15.384615384615385,0.0,15.384615384615385,46.15384615384615,0.0,0.0,0.0,1100.0,3,2.3556548567401276,https://doi.org/10.1016/j.mtadv.2020.100104,73Fig.2_Al0.5-Cr0.25-Nb0.5-Ta0.5-Ti1.5_1100C_160mmHg,Al0.5 Cr0.25 Nb0.5 Ta0.5 Ti1.5,False
15.384615384615385,7.6923076923076925,0.0,0.0,15.384615384615385,0.0,15.384615384615385,46.15384615384615,0.0,0.0,0.0,1100.0,4,2.6922209219491635,https://doi.org/10.1016/j.mtadv.2020.100104,73Fig.2_Al0.5-Cr0.25-Nb0.5-Ta0.5-Ti1.5_1100C_160mmHg,Al0.5 Cr0.25 Nb0.5 Ta0.5 Ti1.5,False
15.384615384615385,7.6923076923076925,0.0,0.0,15.384615384615385,0.0,15.384615384615385,46.15384615384615,0.0,0.0,0.0,1100.0,10,3.9926741387792006,https://doi.org/10.1016/j.mtadv.2020.100104,73Fig.2_Al0.5-Cr0.25-Nb0.5-Ta0.5-Ti1.5_1100C_160mmHg,Al0.5 Cr0.25 Nb0.5 Ta0.5 Ti1.5,False
15.384615384615385,7.6923076923076925,0.0,0.0,15.384615384615385,0.0,15.384615384615385,46.15384615384615,0.0,0.0,0.0,1100.0,20,5.096716350208722,https://doi.org/10.1016/j.mtadv.2020.100104,73Fig.2_Al0.5-Cr0.25-Nb0.5-Ta0.5-Ti1.5_1100C_160mmHg,Al0.5 Cr0.25 Nb0.5 Ta0.5 Ti1.5,False
15.384615384615385,7.6923076923076925,0.0,0.0,15.384615384615385,0.0,15.384615384615385,46.15384615384615,0.0,0.0,0.0,1100.0,50,8.073007688885536,https://doi.org/10.1016/j.mtadv.2020.100104,73Fig.2_Al0.5-Cr0.25-Nb0.5-Ta0.5-Ti1.5_1100C_160mmHg,Al0.5 Cr0.25 Nb0.5 Ta0.5 Ti1.5,False
15.337423312883436,7.668711656441718,0.0,0.0,15.337423312883436,0.0,15.337423312883436,46.01226993865031,0.0,0.0,0.3067484662576687,1100.0,3,2.3023618962637307,https://doi.org/10.1016/j.mtadv.2020.100104,73Fig.2_Al0.5-Cr0.25-Nb0.5-Ta0.5-Ti1.5-Zr0.01_1100C_160mmHg,Al0.5 Cr0.25 Nb0.5 Ta0.5 Ti1.5 Zr0.01,False
15.337423312883436,7.668711656441718,0.0,0.0,15.337423312883436,0.0,15.337423312883436,46.01226993865031,0.0,0.0,0.3067484662576687,1100.0,4,2.496285637608417,https://doi.org/10.1016/j.mtadv.2020.100104,73Fig.2_Al0.5-Cr0.25-Nb0.5-Ta0.5-Ti1.5-Zr0.01_1100C_160mmHg,Al0.5 Cr0.25 Nb0.5 Ta0.5 Ti1.5 Zr0.01,False
15.337423312883436,7.668711656441718,0.0,0.0,15.337423312883436,0.0,15.337423312883436,46.01226993865031,0.0,0.0,0.3067484662576687,1100.0,10,3.764157355300003,https://doi.org/10.1016/j.mtadv.2020.100104,73Fig.2_Al0.5-Cr0.25-Nb0.5-Ta0.5-Ti1.5-Zr0.01_1100C_160mmHg,Al0.5 Cr0.25 Nb0.5 Ta0.5 Ti1.5 Zr0.01,False
15.337423312883436,7.668711656441718,0.0,0.0,15.337423312883436,0.0,15.337423312883436,46.01226993865031,0.0,0.0,0.3067484662576687,1100.0,20,4.839096690313068,https://doi.org/10.1016/j.mtadv.2020.100104,73Fig.2_Al0.5-Cr0.25-Nb0.5-Ta0.5-Ti1.5-Zr0.01_1100C_160mmHg,Al0.5 Cr0.25 Nb0.5 Ta0.5 Ti1.5 Zr0.01,False
15.337423312883436,7.668711656441718,0.0,0.0,15.337423312883436,0.0,15.337423312883436,46.01226993865031,0.0,0.0,0.3067484662576687,1100.0,50,7.845924371112352,https://doi.org/10.1016/j.mtadv.2020.100104,73Fig.2_Al0.5-Cr0.25-Nb0.5-Ta0.5-Ti1.5-Zr0.01_1100C_160mmHg,Al0.5 Cr0.25 Nb0.5 Ta0.5 Ti1.5 Zr0.01,False
15.337423312883436,7.668711656441718,0.0,0.0,15.337423312883436,0.0,15.337423312883436,46.01226993865031,0.0,0.0,0.3067484662576687,1100.0,100,9.613706443930441,https://doi.org/10.1016/j.mtadv.2020.100104,73Fig.2_Al0.5-Cr0.25-Nb0.5-Ta0.5-Ti1.5-Zr0.01_1100C_160mmHg,Al0.5 Cr0.25 Nb0.5 Ta0.5 Ti1.5 Zr0.01,False
21.428571428571427,7.142857142857143,0.0,0.0,14.285714285714286,0.0,14.285714285714286,42.857142857142854,0.0,0.0,0.0,1100.0,3,1.8822843672988254,https://doi.org/10.1016/j.mtadv.2020.100104,73Fig.2_Al0.75-Cr0.25-Nb0.5-Ta0.5-Ti1.5_1100C_160mmHg,Al0.75 Cr0.25 Nb0.5 Ta0.5 Ti1.5,False
21.428571428571427,7.142857142857143,0.0,0.0,14.285714285714286,0.0,14.285714285714286,42.857142857142854,0.0,0.0,0.0,1100.0,4,2.1601118551014613,https://doi.org/10.1016/j.mtadv.2020.100104,73Fig.2_Al0.75-Cr0.25-Nb0.5-Ta0.5-Ti1.5_1100C_160mmHg,Al0.75 Cr0.25 Nb0.5 Ta0.5 Ti1.5,False
21.428571428571427,7.142857142857143,0.0,0.0,14.285714285714286,0.0,14.285714285714286,42.857142857142854,0.0,0.0,0.0,1100.0,10,3.125531009324325,https://doi.org/10.1016/j.mtadv.2020.100104,73Fig.2_Al0.75-Cr0.25-Nb0.5-Ta0.5-Ti1.5_1100C_160mmHg,Al0.75 Cr0.25 Nb0.5 Ta0.5 Ti1.5,False
21.428571428571427,7.142857142857143,0.0,0.0,14.285714285714286,0.0,14.285714285714286,42.857142857142854,0.0,0.0,0.0,1100.0,20,4.119361545260234,https://doi.org/10.1016/j.mtadv.2020.100104,73Fig.2_Al0.75-Cr0.25-Nb0.5-Ta0.5-Ti1.5_1100C_160mmHg,Al0.75 Cr0.25 Nb0.5 Ta0.5 Ti1.5,False
21.428571428571427,7.142857142857143,0.0,0.0,14.285714285714286,0.0,14.285714285714286,42.857142857142854,0.0,0.0,0.0,1100.0,50,5.994460340622031,https://doi.org/10.1016/j.mtadv.2020.100104,73Fig.2_Al0.75-Cr0.25-Nb0.5-Ta0.5-Ti1.5_1100C_160mmHg,Al0.75 Cr0.25 Nb0.5 Ta0.5 Ti1.5,False
20.0,20.0,0.0,0.0,20.0,0.0,0.0,20.0,0.0,0.0,20.0,800.0,10,5.034859826912525,https://doi.org/10.1016/j.vacuum.2019.01.026,74Fig.3_Nb0.2-Zr0.2-Ti0.2-Cr0.2-Al0.2_800C_160mmHg,Nb0.2 Zr0.2 Ti0.2 Cr0.2 Al0.2,True
20.0,20.0,0.0,0.0,20.0,0.0,0.0,20.0,0.0,0.0,20.0,800.0,20,7.499142175753192,https://doi.org/10.1016/j.vacuum.2019.01.026,74Fig.3_Nb0.2-Zr0.2-Ti0.2-Cr0.2-Al0.2_800C_160mmHg,Nb0.2 Zr0.2 Ti0.2 Cr0.2 Al0.2,True
20.0,20.0,0.0,0.0,20.0,0.0,0.0,20.0,0.0,0.0,20.0,800.0,50,12.741377566220695,https://doi.org/10.1016/j.vacuum.2019.01.026,74Fig.3_Nb0.2-Zr0.2-Ti0.2-Cr0.2-Al0.2_800C_160mmHg,Nb0.2 Zr0.2 Ti0.2 Cr0.2 Al0.2,True
20.0,20.0,0.0,0.0,20.0,0.0,0.0,20.0,0.0,0.0,20.0,1000.0,10,13.806811681796642,https://doi.org/10.1016/j.vacuum.2019.01.026,74Fig.3_Nb0.2-Zr0.2-Ti0.2-Cr0.2-Al0.2_1000C_160mmHg,Nb0.2 Zr0.2 Ti0.2 Cr0.2 Al0.2,True
20.0,20.0,0.0,0.0,20.0,0.0,0.0,20.0,0.0,0.0,20.0,1000.0,20,22.53749487942151,https://doi.org/10.1016/j.vacuum.2019.01.026,74Fig.3_Nb0.2-Zr0.2-Ti0.2-Cr0.2-Al0.2_1000C_160mmHg,Nb0.2 Zr0.2 Ti0.2 Cr0.2 Al0.2,True
20.0,20.0,0.0,0.0,20.0,0.0,0.0,20.0,0.0,0.0,20.0,1000.0,50,62.030454014602014,https://doi.org/10.1016/j.vacuum.2019.01.026,74Fig.3_Nb0.2-Zr0.2-Ti0.2-Cr0.2-Al0.2_1000C_160mmHg,Nb0.2 Zr0.2 Ti0.2 Cr0.2 Al0.2,True
20.0,20.0,0.0,0.0,20.0,0.0,0.0,20.0,0.0,0.0,20.0,1200.0,10,55.913151293584086,https://doi.org/10.1016/j.vacuum.2019.01.026,74Fig.3_Nb0.2-Zr0.2-Ti0.2-Cr0.2-Al0.2_1200C_160mmHg,Nb0.2 Zr0.2 Ti0.2 Cr0.2 Al0.2,True
20.0,20.0,0.0,0.0,20.0,0.0,0.0,20.0,0.0,0.0,20.0,1200.0,20,86.61951081394322,https://doi.org/10.1016/j.vacuum.2019.01.026,74Fig.3_Nb0.2-Zr0.2-Ti0.2-Cr0.2-Al0.2_1200C_160mmHg,Nb0.2 Zr0.2 Ti0.2 Cr0.2 Al0.2,True
0.0,0.0,0.0,0.0,25.0,0.0,25.0,25.0,0.0,0.0,25.0,1000.0,3,33.59451269129936,https://doi.org/10.1016/j.jallcom.2020.154099,76Fig.2_Ti1.0-Zr1.0-Nb1.0-Ta1.0_1000C_160mmHg,Ti1.0 Zr1.0 Nb1.0 Ta1.0,False
20.0,25.0,0.0,0.0,20.0,0.0,0.0,20.0,0.0,0.0,15.0,800.0,3,6.18419703060805,https://doi.org/10.1007/s11665-019-04177-x,77Fig.1_Al20.0-Cr25.0-Nb20.0-Ti20.0-Zr15.0_800C_160mmHg,Al20.0 Cr25.0 Nb20.0 Ti20.0 Zr15.0,True
20.0,25.0,0.0,0.0,20.0,0.0,0.0,20.0,0.0,0.0,15.0,800.0,4,7.030006268311839,https://doi.org/10.1007/s11665-019-04177-x,77Fig.1_Al20.0-Cr25.0-Nb20.0-Ti20.0-Zr15.0_800C_160mmHg,Al20.0 Cr25.0 Nb20.0 Ti20.0 Zr15.0,True
20.0,25.0,0.0,0.0,20.0,0.0,0.0,20.0,0.0,0.0,15.0,800.0,10,11.619653153081853,https://doi.org/10.1007/s11665-019-04177-x,77Fig.1_Al20.0-Cr25.0-Nb20.0-Ti20.0-Zr15.0_800C_160mmHg,Al20.0 Cr25.0 Nb20.0 Ti20.0 Zr15.0,True
20.0,25.0,0.0,0.0,20.0,0.0,0.0,20.0,0.0,0.0,15.0,800.0,20,18.195175281542006,https://doi.org/10.1007/s11665-019-04177-x,77Fig.1_Al20.0-Cr25.0-Nb20.0-Ti20.0-Zr15.0_800C_160mmHg,Al20.0 Cr25.0 Nb20.0 Ti20.0 Zr15.0,True
7.6923076923076925,30.76923076923077,0.0,30.76923076923077,0.0,0.0,0.0,30.76923076923077,0.0,0.0,0.0,1000.0,3,6.7092921549052384,https://doi.org/10.1007/s10853-020-05480-y,78Fig.2_Al0.25-Cr1.0-Ti1.0-Mo1.0_1000C_160mmHg,Al0.25 Cr1.0 Ti1.0 Mo1.0,True
7.6923076923076925,30.76923076923077,0.0,30.76923076923077,0.0,0.0,0.0,30.76923076923077,0.0,0.0,0.0,1000.0,4,9.330384014576019,https://doi.org/10.1007/s10853-020-05480-y,78Fig.2_Al0.25-Cr1.0-Ti1.0-Mo1.0_1000C_160mmHg,Al0.25 Cr1.0 Ti1.0 Mo1.0,True
14.285714285714286,28.571428571428573,0.0,28.571428571428573,0.0,0.0,0.0,28.571428571428573,0.0,0.0,0.0,1000.0,3,5.962441314333334,https://doi.org/10.1007/s10853-020-05480-y,78Fig.2_Al0.5-Cr1.0-Ti1.0-Mo1.0_1000C_160mmHg,Al0.5 Cr1.0 Ti1.0 Mo1.0,True
14.285714285714286,28.571428571428573,0.0,28.571428571428573,0.0,0.0,0.0,28.571428571428573,0.0,0.0,0.0,1000.0,4,6.126760563,https://doi.org/10.1007/s10853-020-05480-y,78Fig.2_Al0.5-Cr1.0-Ti1.0-Mo1.0_1000C_160mmHg,Al0.5 Cr1.0 Ti1.0 Mo1.0,True
20.0,26.666666666666668,0.0,26.666666666666668,0.0,0.0,0.0,26.666666666666668,0.0,0.0,0.0,1000.0,3,6.884418574242288,https://doi.org/10.1007/s10853-020-05480-y,78Fig.2_Al0.75-Cr1.0-Ti1.0-Mo1.0_1000C_160mmHg,Al0.75 Cr1.0 Ti1.0 Mo1.0,True
20.0,26.666666666666668,0.0,26.666666666666668,0.0,0.0,0.0,26.666666666666668,0.0,0.0,0.0,1000.0,4,6.578788972719484,https://doi.org/10.1007/s10853-020-05480-y,78Fig.2_Al0.75-Cr1.0-Ti1.0-Mo1.0_1000C_160mmHg,Al0.75 Cr1.0 Ti1.0 Mo1.0,True
25.0,25.0,0.0,25.0,0.0,0.0,0.0,25.0,0.0,0.0,0.0,1000.0,3,8.495395449605995,https://doi.org/10.1007/s10853-020-05480-y,78Fig.2_Al1.0-Cr1.0-Ti1.0-Mo1.0_1000C_160mmHg,Al1.0 Cr1.0 Ti1.0 Mo1.0,True
25.0,25.0,0.0,25.0,0.0,0.0,0.0,25.0,0.0,0.0,0.0,1000.0,4,8.154016692111332,https://doi.org/10.1007/s10853-020-05480-y,78Fig.2_Al1.0-Cr1.0-Ti1.0-Mo1.0_1000C_160mmHg,Al1.0 Cr1.0 Ti1.0 Mo1.0,True
25.0,0.0,0.0,0.0,22.4,0.0,0.0,24.0,21.9,0.0,6.7,600.0,3,0.8832613069996558,https://doi.org/10.3390/ma11122526,79Fig.2_Al25.0-Nb22.4-Ti24.0-V21.9-Zr6.7_600C_160mmHg,Al25.0 Nb22.4 Ti24.0 V21.9 Zr6.7,True
25.0,0.0,0.0,0.0,22.4,0.0,0.0,24.0,21.9,0.0,6.7,600.0,4,1.003967249111127,https://doi.org/10.3390/ma11122526,79Fig.2_Al25.0-Nb22.4-Ti24.0-V21.9-Zr6.7_600C_160mmHg,Al25.0 Nb22.4 Ti24.0 V21.9 Zr6.7,True
25.0,0.0,0.0,0.0,22.4,0.0,0.0,24.0,21.9,0.0,6.7,600.0,10,1.5400089348025532,https://doi.org/10.3390/ma11122526,79Fig.2_Al25.0-Nb22.4-Ti24.0-V21.9-Zr6.7_600C_160mmHg,Al25.0 Nb22.4 Ti24.0 V21.9 Zr6.7,True
25.0,0.0,0.0,0.0,22.4,0.0,0.0,24.0,21.9,0.0,6.7,600.0,20,2.0479115076008068,https://doi.org/10.3390/ma11122526,79Fig.2_Al25.0-Nb22.4-Ti24.0-V21.9-Zr6.7_600C_160mmHg,Al25.0 Nb22.4 Ti24.0 V21.9 Zr6.7,True
25.0,0.0,0.0,0.0,22.4,0.0,0.0,24.0,21.9,0.0,6.7,600.0,50,3.8355539431969845,https://doi.org/10.3390/ma11122526,79Fig.2_Al25.0-Nb22.4-Ti24.0-V21.9-Zr6.7_600C_160mmHg,Al25.0 Nb22.4 Ti24.0 V21.9 Zr6.7,True
25.0,0.0,0.0,0.0,22.4,0.0,0.0,24.0,21.9,0.0,6.7,700.0,3,3.308864584774647,https://doi.org/10.3390/ma11122526,79Fig.2_Al25.0-Nb22.4-Ti24.0-V21.9-Zr6.7_700C_160mmHg,Al25.0 Nb22.4 Ti24.0 V21.9 Zr6.7,True
25.0,0.0,0.0,0.0,22.4,0.0,0.0,24.0,21.9,0.0,6.7,700.0,4,3.786716678080895,https://doi.org/10.3390/ma11122526,79Fig.2_Al25.0-Nb22.4-Ti24.0-V21.9-Zr6.7_700C_160mmHg,Al25.0 Nb22.4 Ti24.0 V21.9 Zr6.7,True
25.0,0.0,0.0,0.0,22.4,0.0,0.0,24.0,21.9,0.0,6.7,700.0,10,6.609205891495999,https://doi.org/10.3390/ma11122526,79Fig.2_Al25.0-Nb22.4-Ti24.0-V21.9-Zr6.7_700C_160mmHg,Al25.0 Nb22.4 Ti24.0 V21.9 Zr6.7,True
25.0,0.0,0.0,0.0,22.4,0.0,0.0,24.0,21.9,0.0,6.7,700.0,20,10.84713545971553,https://doi.org/10.3390/ma11122526,79Fig.2_Al25.0-Nb22.4-Ti24.0-V21.9-Zr6.7_700C_160mmHg,Al25.0 Nb22.4 Ti24.0 V21.9 Zr6.7,True
25.0,0.0,0.0,0.0,22.4,0.0,0.0,24.0,21.9,0.0,6.7,700.0,50,21.687271868762362,https://doi.org/10.3390/ma11122526,79Fig.2_Al25.0-Nb22.4-Ti24.0-V21.9-Zr6.7_700C_160mmHg,Al25.0 Nb22.4 Ti24.0 V21.9 Zr6.7,True
25.0,0.0,0.0,0.0,22.4,0.0,0.0,24.0,21.9,0.0,6.7,800.0,3,5.780933870411107,https://doi.org/10.3390/ma11122526,79Fig.2_Al25.0-Nb22.4-Ti24.0-V21.9-Zr6.7_800C_160mmHg,Al25.0 Nb22.4 Ti24.0 V21.9 Zr6.7,True
25.0,0.0,0.0,0.0,22.4,0.0,0.0,24.0,21.9,0.0,6.7,800.0,4,7.229946171266533,https://doi.org/10.3390/ma11122526,79Fig.2_Al25.0-Nb22.4-Ti24.0-V21.9-Zr6.7_800C_160mmHg,Al25.0 Nb22.4 Ti24.0 V21.9 Zr6.7,True
25.0,0.0,0.0,0.0,22.4,0.0,0.0,24.0,21.9,0.0,6.7,800.0,10,14.364989340623469,https://doi.org/10.3390/ma11122526,79Fig.2_Al25.0-Nb22.4-Ti24.0-V21.9-Zr6.7_800C_160mmHg,Al25.0 Nb22.4 Ti24.0 V21.9 Zr6.7,True
25.0,0.0,0.0,0.0,22.4,0.0,0.0,24.0,21.9,0.0,6.7,800.0,20,24.991339306046648,https://doi.org/10.3390/ma11122526,79Fig.2_Al25.0-Nb22.4-Ti24.0-V21.9-Zr6.7_800C_160mmHg,Al25.0 Nb22.4 Ti24.0 V21.9 Zr6.7,True
25.0,0.0,0.0,0.0,22.4,0.0,0.0,24.0,21.9,0.0,6.7,800.0,50,52.17553271452845,https://doi.org/10.3390/ma11122526,79Fig.2_Al25.0-Nb22.4-Ti24.0-V21.9-Zr6.7_800C_160mmHg,Al25.0 Nb22.4 Ti24.0 V21.9 Zr6.7,True
25.0,0.0,0.0,0.0,22.4,0.0,0.0,24.0,21.9,0.0,6.7,900.0,3,47.338768317326334,https://doi.org/10.3390/ma11122526,79Fig.2_Al25.0-Nb22.4-Ti24.0-V21.9-Zr6.7_900C_160mmHg,Al25.0 Nb22.4 Ti24.0 V21.9 Zr6.7,True
25.0,0.0,0.0,0.0,22.4,0.0,0.0,24.0,21.9,0.0,6.7,900.0,4,55.62180501637671,https://doi.org/10.3390/ma11122526,79Fig.2_Al25.0-Nb22.4-Ti24.0-V21.9-Zr6.7_900C_160mmHg,Al25.0 Nb22.4 Ti24.0 V21.9 Zr6.7,True
25.0,0.0,0.0,0.0,22.4,0.0,0.0,24.0,21.9,0.0,6.7,900.0,10,94.66800740962272,https://doi.org/10.3390/ma11122526,79Fig.2_Al25.0-Nb22.4-Ti24.0-V21.9-Zr6.7_900C_160mmHg,Al25.0 Nb22.4 Ti24.0 V21.9 Zr6.7,True
25.0,0.0,0.0,0.0,22.4,0.0,0.0,24.0,21.9,0.0,6.7,900.0,20,138.9180713842418,https://doi.org/10.3390/ma11122526,79Fig.2_Al25.0-Nb22.4-Ti24.0-V21.9-Zr6.7_900C_160mmHg,Al25.0 Nb22.4 Ti24.0 V21.9 Zr6.7,True
20.3,17.6,0.0,15.2,2.9,13.4,5.4,25.2,0.0,0.0,0.0,1200.0,3,0.7716131427104526,https://doi.org/10.1016/j.intermet.2020.106711,83Fig.1_Cr17.6-Al20.3-Mo15.2-Nb2.9-Si13.4-Ta5.4-Ti25.2_1200C_160mmHg,Cr17.6 Al20.3 Mo15.2 Nb2.9 Si13.4 Ta5.4 Ti25.2,False
20.3,17.6,0.0,15.2,2.9,13.4,5.4,25.2,0.0,0.0,0.0,1200.0,4,1.0430216064158158,https://doi.org/10.1016/j.intermet.2020.106711,83Fig.1_Cr17.6-Al20.3-Mo15.2-Nb2.9-Si13.4-Ta5.4-Ti25.2_1200C_160mmHg,Cr17.6 Al20.3 Mo15.2 Nb2.9 Si13.4 Ta5.4 Ti25.2,False
20.3,17.6,0.0,15.2,2.9,13.4,5.4,25.2,0.0,0.0,0.0,1200.0,10,2.089604893944197,https://doi.org/10.1016/j.intermet.2020.106711,83Fig.1_Cr17.6-Al20.3-Mo15.2-Nb2.9-Si13.4-Ta5.4-Ti25.2_1200C_160mmHg,Cr17.6 Al20.3 Mo15.2 Nb2.9 Si13.4 Ta5.4 Ti25.2,False
20.3,17.6,0.0,15.2,2.9,13.4,5.4,25.2,0.0,0.0,0.0,1200.0,20,2.9694259166189125,https://doi.org/10.1016/j.intermet.2020.106711,83Fig.1_Cr17.6-Al20.3-Mo15.2-Nb2.9-Si13.4-Ta5.4-Ti25.2_1200C_160mmHg,Cr17.6 Al20.3 Mo15.2 Nb2.9 Si13.4 Ta5.4 Ti25.2,False
20.3,17.6,0.0,15.2,2.9,13.4,5.4,25.2,0.0,0.0,0.0,1200.0,50,4.8722608033391115,https://doi.org/10.1016/j.intermet.2020.106711,83Fig.1_Cr17.6-Al20.3-Mo15.2-Nb2.9-Si13.4-Ta5.4-Ti25.2_1200C_160mmHg,Cr17.6 Al20.3 Mo15.2 Nb2.9 Si13.4 Ta5.4 Ti25.2,False
20.3,17.6,0.0,15.2,2.9,13.4,5.4,25.2,0.0,0.0,0.0,1300.0,4,2.0427849238028135,https://doi.org/10.1016/j.intermet.2020.106711,83Fig.1_Cr17.6-Al20.3-Mo15.2-Nb2.9-Si13.4-Ta5.4-Ti25.2_1300C_160mmHg,Cr17.6 Al20.3 Mo15.2 Nb2.9 Si13.4 Ta5.4 Ti25.2,False
20.3,17.6,0.0,15.2,2.9,13.4,5.4,25.2,0.0,0.0,0.0,1300.0,10,3.956325811040277,https://doi.org/10.1016/j.intermet.2020.106711,83Fig.1_Cr17.6-Al20.3-Mo15.2-Nb2.9-Si13.4-Ta5.4-Ti25.2_1300C_160mmHg,Cr17.6 Al20.3 Mo15.2 Nb2.9 Si13.4 Ta5.4 Ti25.2,False
20.3,17.6,0.0,15.2,2.9,13.4,5.4,25.2,0.0,0.0,0.0,1300.0,20,5.505864311531901,https://doi.org/10.1016/j.intermet.2020.106711,83Fig.1_Cr17.6-Al20.3-Mo15.2-Nb2.9-Si13.4-Ta5.4-Ti25.2_1300C_160mmHg,Cr17.6 Al20.3 Mo15.2 Nb2.9 Si13.4 Ta5.4 Ti25.2,False
20.3,17.6,0.0,15.2,2.9,13.4,5.4,25.2,0.0,0.0,0.0,1300.0,50,6.885919824511962,https://doi.org/10.1016/j.intermet.2020.106711,83Fig.1_Cr17.6-Al20.3-Mo15.2-Nb2.9-Si13.4-Ta5.4-Ti25.2_1300C_160mmHg,Cr17.6 Al20.3 Mo15.2 Nb2.9 Si13.4 Ta5.4 Ti25.2,False
20.3,17.6,0.0,15.2,2.9,13.4,5.4,25.2,0.0,0.0,0.0,1400.0,3,3.107626073804715,https://doi.org/10.1016/j.intermet.2020.106711,83Fig.1_Cr17.6-Al20.3-Mo15.2-Nb2.9-Si13.4-Ta5.4-Ti25.2_1400C_160mmHg,Cr17.6 Al20.3 Mo15.2 Nb2.9 Si13.4 Ta5.4 Ti25.2,False
20.3,17.6,0.0,15.2,2.9,13.4,5.4,25.2,0.0,0.0,0.0,1400.0,4,3.8742685547598334,https://doi.org/10.1016/j.intermet.2020.106711,83Fig.1_Cr17.6-Al20.3-Mo15.2-Nb2.9-Si13.4-Ta5.4-Ti25.2_1400C_160mmHg,Cr17.6 Al20.3 Mo15.2 Nb2.9 Si13.4 Ta5.4 Ti25.2,False
20.3,17.6,0.0,15.2,2.9,13.4,5.4,25.2,0.0,0.0,0.0,1400.0,10,8.261951811636292,https://doi.org/10.1016/j.intermet.2020.106711,83Fig.1_Cr17.6-Al20.3-Mo15.2-Nb2.9-Si13.4-Ta5.4-Ti25.2_1400C_160mmHg,Cr17.6 Al20.3 Mo15.2 Nb2.9 Si13.4 Ta5.4 Ti25.2,False
20.3,17.6,0.0,15.2,2.9,13.4,5.4,25.2,0.0,0.0,0.0,1400.0,20,11.280503689794447,https://doi.org/10.1016/j.intermet.2020.106711,83Fig.1_Cr17.6-Al20.3-Mo15.2-Nb2.9-Si13.4-Ta5.4-Ti25.2_1400C_160mmHg,Cr17.6 Al20.3 Mo15.2 Nb2.9 Si13.4 Ta5.4 Ti25.2,False
20.3,17.6,0.0,15.2,2.9,13.4,5.4,25.2,0.0,0.0,0.0,1400.0,50,15.620550962684868,https://doi.org/10.1016/j.intermet.2020.106711,83Fig.1_Cr17.6-Al20.3-Mo15.2-Nb2.9-Si13.4-Ta5.4-Ti25.2_1400C_160mmHg,Cr17.6 Al20.3 Mo15.2 Nb2.9 Si13.4 Ta5.4 Ti25.2,False
0.0,0.0,0.0,23.276723276723278,22.07792207792208,0.0,26.473526473526476,0.0,0.0,28.171828171828174,0.0,1000.0,3,31.07878953449106,https://doi.org/10.3390/met12010041,88Fig.2_W28.2-Mo23.3-Ta26.5-Nb22.1_1000C_160mmHg,W28.2 Mo23.3 Ta26.5 Nb22.1,True
0.0,0.0,0.0,23.276723276723278,22.07792207792208,0.0,26.473526473526476,0.0,0.0,28.171828171828174,0.0,1000.0,4,38.26637006157367,https://doi.org/10.3390/met12010041,88Fig.2_W28.2-Mo23.3-Ta26.5-Nb22.1_1000C_160mmHg,W28.2 Mo23.3 Ta26.5 Nb22.1,True
0.0,0.0,0.0,23.276723276723278,22.07792207792208,0.0,26.473526473526476,0.0,0.0,28.171828171828174,0.0,1000.0,10,59.65376364303007,https://doi.org/10.3390/met12010041,88Fig.2_W28.2-Mo23.3-Ta26.5-Nb22.1_1000C_160mmHg,W28.2 Mo23.3 Ta26.5 Nb22.1,True
0.0,0.0,0.0,19.5,17.8,0.0,22.2,0.0,17.8,22.7,0.0,1000.0,3,42.33240500730965,https://doi.org/10.3390/met12010041,88Fig.2_W22.7-Mo19.5-Ta22.2-Nb17.8-V17.8_1000C_160mmHg,W22.7 Mo19.5 Ta22.2 Nb17.8 V17.8,True
0.0,0.0,0.0,19.5,17.8,0.0,22.2,0.0,17.8,22.7,0.0,1000.0,4,53.68933772247337,https://doi.org/10.3390/met12010041,88Fig.2_W22.7-Mo19.5-Ta22.2-Nb17.8-V17.8_1000C_160mmHg,W22.7 Mo19.5 Ta22.2 Nb17.8 V17.8,True
0.0,0.0,0.0,18.0,17.1,0.0,23.4,15.1,0.0,26.4,0.0,1000.0,3,30.693084443713367,https://doi.org/10.3390/met12010041,88Fig.2_W26.4-Mo18.0-Ta23.4-Nb17.1-Ti15.1_1000C_160mmHg,W26.4 Mo18.0 Ta23.4 Nb17.1 Ti15.1,False
0.0,0.0,0.0,18.0,17.1,0.0,23.4,15.1,0.0,26.4,0.0,1000.0,4,39.0145905541376,https://doi.org/10.3390/met12010041,88Fig.2_W26.4-Mo18.0-Ta23.4-Nb17.1-Ti15.1_1000C_160mmHg,W26.4 Mo18.0 Ta23.4 Nb17.1 Ti15.1,False
0.0,0.0,0.0,18.0,17.1,0.0,23.4,15.1,0.0,26.4,0.0,1000.0,10,77.48300953086247,https://doi.org/10.3390/met12010041,88Fig.2_W26.4-Mo18.0-Ta23.4-Nb17.1-Ti15.1_1000C_160mmHg,W26.4 Mo18.0 Ta23.4 Nb17.1 Ti15.1,False
18.92,0.0,0.0,10.29,20.16,0.0,11.32,19.33,0.0,0.0,19.98,900.0,3,4.064934031714592,https://doi.org/10.1016/j.ijrmhm.2022.105812,89Fig.2_Al18.92-Mo10.29-Nb20.16-Ta11.32-Ti19.33-Zr19.98_900C_160mmHg,Al18.92 Mo10.29 Nb20.16 Ta11.32 Ti19.33 Zr19.98,True
18.92,0.0,0.0,10.29,20.16,0.0,11.32,19.33,0.0,0.0,19.98,900.0,4,4.763810861276326,https://doi.org/10.1016/j.ijrmhm.2022.105812,89Fig.2_Al18.92-Mo10.29-Nb20.16-Ta11.32-Ti19.33-Zr19.98_900C_160mmHg,Al18.92 Mo10.29 Nb20.16 Ta11.32 Ti19.33 Zr19.98,True
18.92,0.0,0.0,10.29,20.16,0.0,11.32,19.33,0.0,0.0,19.98,900.0,10,7.868339126497798,https://doi.org/10.1016/j.ijrmhm.2022.105812,89Fig.2_Al18.92-Mo10.29-Nb20.16-Ta11.32-Ti19.33-Zr19.98_900C_160mmHg,Al18.92 Mo10.29 Nb20.16 Ta11.32 Ti19.33 Zr19.98,True
18.92,0.0,0.0,10.29,20.16,0.0,11.32,19.33,0.0,0.0,19.98,900.0,20,11.473099966858499,https://doi.org/10.1016/j.ijrmhm.2022.105812,89Fig.2_Al18.92-Mo10.29-Nb20.16-Ta11.32-Ti19.33-Zr19.98_900C_160mmHg,Al18.92 Mo10.29 Nb20.16 Ta11.32 Ti19.33 Zr19.98,True
21.95,0.0,0.0,9.92,19.75,0.0,11.02,18.78,0.0,0.0,18.58,900.0,3,3.467942172370328,https://doi.org/10.1016/j.ijrmhm.2022.105812,89Fig.2_Al21.95-Mo9.92-Nb19.75-Ta11.02-Ti18.78-Zr18.58_900C_160mmHg,Al21.95 Mo9.92 Nb19.75 Ta11.02 Ti18.78 Zr18.58,True
21.95,0.0,0.0,9.92,19.75,0.0,11.02,18.78,0.0,0.0,18.58,900.0,4,4.179132680953552,https://doi.org/10.1016/j.ijrmhm.2022.105812,89Fig.2_Al21.95-Mo9.92-Nb19.75-Ta11.02-Ti18.78-Zr18.58_900C_160mmHg,Al21.95 Mo9.92 Nb19.75 Ta11.02 Ti18.78 Zr18.58,True
21.95,0.0,0.0,9.92,19.75,0.0,11.02,18.78,0.0,0.0,18.58,900.0,10,7.118436077392101,https://doi.org/10.1016/j.ijrmhm.2022.105812,89Fig.2_Al21.95-Mo9.92-Nb19.75-Ta11.02-Ti18.78-Zr18.58_900C_160mmHg,Al21.95 Mo9.92 Nb19.75 Ta11.02 Ti18.78 Zr18.58,True
21.95,0.0,0.0,9.92,19.75,0.0,11.02,18.78,0.0,0.0,18.58,900.0,20,10.731146693541215,https://doi.org/10.1016/j.ijrmhm.2022.105812,89Fig.2_Al21.95-Mo9.92-Nb19.75-Ta11.02-Ti18.78-Zr18.58_900C_160mmHg,Al21.95 Mo9.92 Nb19.75 Ta11.02 Ti18.78 Zr18.58,True
24.58,0.0,0.0,9.62,19.06,0.0,10.74,17.98,0.0,0.0,18.02,900.0,3,2.9687118283695795,https://doi.org/10.1016/j.ijrmhm.2022.105812,89Fig.2_Al24.58-Mo9.62-Nb19.06-Ta10.74-Ti17.98-Zr18.02_900C_160mmHg,Al24.58 Mo9.62 Nb19.06 Ta10.74 Ti17.98 Zr18.02,True
24.58,0.0,0.0,9.62,19.06,0.0,10.74,17.98,0.0,0.0,18.02,900.0,4,3.593679347402478,https://doi.org/10.1016/j.ijrmhm.2022.105812,89Fig.2_Al24.58-Mo9.62-Nb19.06-Ta10.74-Ti17.98-Zr18.02_900C_160mmHg,Al24.58 Mo9.62 Nb19.06 Ta10.74 Ti17.98 Zr18.02,True
24.58,0.0,0.0,9.62,19.06,0.0,10.74,17.98,0.0,0.0,18.02,900.0,10,6.672943404600837,https://doi.org/10.1016/j.ijrmhm.2022.105812,89Fig.2_Al24.58-Mo9.62-Nb19.06-Ta10.74-Ti17.98-Zr18.02_900C_160mmHg,Al24.58 Mo9.62 Nb19.06 Ta10.74 Ti17.98 Zr18.02,True
24.58,0.0,0.0,9.62,19.06,0.0,10.74,17.98,0.0,0.0,18.02,900.0,20,10.21593934899719,https://doi.org/10.1016/j.ijrmhm.2022.105812,89Fig.2_Al24.58-Mo9.62-Nb19.06-Ta10.74-Ti17.98-Zr18.02_900C_160mmHg,Al24.58 Mo9.62 Nb19.06 Ta10.74 Ti17.98 Zr18.02,True
18.92,0.0,0.0,10.29,20.16,0.0,11.32,19.33,0.0,0.0,19.98,1000.0,3,9.301361053201651,https://doi.org/10.1016/j.ijrmhm.2022.105812,89Fig.2_Al18.92-Mo10.29-Nb20.16-Ta11.32-Ti19.33-Zr19.98_1000C_160mmHg,Al18.92 Mo10.29 Nb20.16 Ta11.32 Ti19.33 Zr19.98,True
18.92,0.0,0.0,10.29,20.16,0.0,11.32,19.33,0.0,0.0,19.98,1000.0,4,10.611775523732168,https://doi.org/10.1016/j.ijrmhm.2022.105812,89Fig.2_Al18.92-Mo10.29-Nb20.16-Ta11.32-Ti19.33-Zr19.98_1000C_160mmHg,Al18.92 Mo10.29 Nb20.16 Ta11.32 Ti19.33 Zr19.98,True
18.92,0.0,0.0,10.29,20.16,0.0,11.32,19.33,0.0,0.0,19.98,1000.0,10,16.358281684313592,https://doi.org/10.1016/j.ijrmhm.2022.105812,89Fig.2_Al18.92-Mo10.29-Nb20.16-Ta11.32-Ti19.33-Zr19.98_1000C_160mmHg,Al18.92 Mo10.29 Nb20.16 Ta11.32 Ti19.33 Zr19.98,True
18.92,0.0,0.0,10.29,20.16,0.0,11.32,19.33,0.0,0.0,19.98,1000.0,20,31.970023680572883,https://doi.org/10.1016/j.ijrmhm.2022.105812,89Fig.2_Al18.92-Mo10.29-Nb20.16-Ta11.32-Ti19.33-Zr19.98_1000C_160mmHg,Al18.92 Mo10.29 Nb20.16 Ta11.32 Ti19.33 Zr19.98,True
21.95,0.0,0.0,9.92,19.75,0.0,11.02,18.78,0.0,0.0,18.58,1000.0,3,8.746155568155055,https://doi.org/10.1016/j.ijrmhm.2022.105812,89Fig.2_Al21.95-Mo9.92-Nb19.75-Ta11.02-Ti18.78-Zr18.58_1000C_160mmHg,Al21.95 Mo9.92 Nb19.75 Ta11.02 Ti18.78 Zr18.58,True
21.95,0.0,0.0,9.92,19.75,0.0,11.02,18.78,0.0,0.0,18.58,1000.0,4,9.56754146405406,https://doi.org/10.1016/j.ijrmhm.2022.105812,89Fig.2_Al21.95-Mo9.92-Nb19.75-Ta11.02-Ti18.78-Zr18.58_1000C_160mmHg,Al21.95 Mo9.92 Nb19.75 Ta11.02 Ti18.78 Zr18.58,True
21.95,0.0,0.0,9.92,19.75,0.0,11.02,18.78,0.0,0.0,18.58,1000.0,10,14.512749403949119,https://doi.org/10.1016/j.ijrmhm.2022.105812,89Fig.2_Al21.95-Mo9.92-Nb19.75-Ta11.02-Ti18.78-Zr18.58_1000C_160mmHg,Al21.95 Mo9.92 Nb19.75 Ta11.02 Ti18.78 Zr18.58,True
21.95,0.0,0.0,9.92,19.75,0.0,11.02,18.78,0.0,0.0,18.58,1000.0,20,27.920057798620753,https://doi.org/10.1016/j.ijrmhm.2022.105812,89Fig.2_Al21.95-Mo9.92-Nb19.75-Ta11.02-Ti18.78-Zr18.58_1000C_160mmHg,Al21.95 Mo9.92 Nb19.75 Ta11.02 Ti18.78 Zr18.58,True
24.58,0.0,0.0,9.62,19.06,0.0,10.74,17.98,0.0,0.0,18.02,1000.0,3,8.671622136679694,https://doi.org/10.1016/j.ijrmhm.2022.105812,89Fig.2_Al24.58-Mo9.62-Nb19.06-Ta10.74-Ti17.98-Zr18.02_1000C_160mmHg,Al24.58 Mo9.62 Nb19.06 Ta10.74 Ti17.98 Zr18.02,True
24.58,0.0,0.0,9.62,19.06,0.0,10.74,17.98,0.0,0.0,18.02,1000.0,4,9.260325819105221,https://doi.org/10.1016/j.ijrmhm.2022.105812,89Fig.2_Al24.58-Mo9.62-Nb19.06-Ta10.74-Ti17.98-Zr18.02_1000C_160mmHg,Al24.58 Mo9.62 Nb19.06 Ta10.74 Ti17.98 Zr18.02,True
24.58,0.0,0.0,9.62,19.06,0.0,10.74,17.98,0.0,0.0,18.02,1000.0,10,13.905268593077157,https://doi.org/10.1016/j.ijrmhm.2022.105812,89Fig.2_Al24.58-Mo9.62-Nb19.06-Ta10.74-Ti17.98-Zr18.02_1000C_160mmHg,Al24.58 Mo9.62 Nb19.06 Ta10.74 Ti17.98 Zr18.02,True
24.58,0.0,0.0,9.62,19.06,0.0,10.74,17.98,0.0,0.0,18.02,1000.0,20,26.569076915856513,https://doi.org/10.1016/j.ijrmhm.2022.105812,89Fig.2_Al24.58-Mo9.62-Nb19.06-Ta10.74-Ti17.98-Zr18.02_1000C_160mmHg,Al24.58 Mo9.62 Nb19.06 Ta10.74 Ti17.98 Zr18.02,True
0.0,25.0,0.0,25.0,0.0,0.0,25.0,25.0,0.0,0.0,0.0,1000.0,3,2.9496930130895707,https://doi.org/10.1016/j.ijrmhm.2021.105755,92Fig.10_Cr25.0-Mo25.0-Ta25.0-Ti25.0_1000C_160mmHg,Cr25.0 Mo25.0 Ta25.0 Ti25.0,True
